Id,first_timestamp,last_timestamp,total_cycle_time,n_stations_visited,path_signature,split,Response,risk_score,alert
4,1589.2,1605.82,16.62,17,L0_S24|L1_S34|L3_S44,train,0,0.063098,False
7,277.05,277.52,0.47,8,L0_S20|L1_S30|L3_S40,train,0,0.925223,True
10,17.8,35.8,18,18,L2_S22|L3_S32|L3_S42,train,0,0.243417,False
13,921.35,925.89,4.54,18,L0_S20|L1_S30|L3_S40,train,0,0.216463,False
16,1588.76,1600.1,11.34,21,L2_S30|L3_S40|L3_S50,train,0,0.000365,False
19,211.15,220.83,9.68,14,L3_S31|L0_S41|L3_S51,train,0,0.098108,False
22,424.65,438.39,13.74,14,L3_S27|L0_S37|L3_S47,train,0,0.1645,False
25,1289.4,1300.13,10.73,18,L2_S26|L3_S36|L3_S46,train,0,0.075006,False
28,463.23,483.66,20.43,13,L0_S28|L1_S38|L3_S48,train,0,0.054111,False
31,1189.07,1200.1,11.03,14,L0_S20|L1_S30|L3_S40,train,0,0.328801,False
34,846.37,863.3,16.93,17,L2_S30|L3_S40|L3_S50,train,0,0.204294,False
37,45.98,53.06,7.08,8,L0_S20|L1_S30|L3_S40,train,0,0.000634,False
40,974.13,974.23,0.1,20,L0_S28|L1_S38|L3_S48,train,0,0.097132,False
43,375.8,391.51,15.71,19,L1_S21|L2_S31|L3_S41,train,0,0.007328,False
46,807.57,823.6,16.03,8,L0_S28|L1_S38|L3_S48,train,1,0.850961,True
49,605.73,621.29,15.56,14,L1_S21|L2_S31|L3_S41,train,0,0.270191,False
52,424.4,441.98,17.58,13,L1_S29|L2_S39|L3_S49,train,0,0.000948,False
55,311.48,326.71,15.23,19,L3_S23|L0_S33|L3_S43,train,0,0.781371,True
58,765.04,773.24,8.2,21,L1_S25|L2_S35|L3_S45,train,0,0.224248,False
61,47.54,62.6,15.06,19,L2_S30|L3_S40|L3_S50,train,0,0.711749,False
64,147.4,156.49,9.09,14,L2_S26|L3_S36|L3_S46,train,0,0.136908,False
67,218.17,220.84,2.67,14,L2_S30|L3_S40|L3_S50,train,0,0.202074,False
70,654.89,666.91,12.02,8,L2_S26|L3_S36|L3_S46,train,0,0.71809,False
73,408.06,429.44,21.38,18,L1_S21|L2_S31|L3_S41,train,0,0.063931,False
76,470.3,480.11,9.81,9,L2_S26|L3_S36|L3_S46,train,0,0.001287,False
79,428.99,431.44,2.45,20,L3_S27|L0_S37|L3_S47,train,0,0.216755,False
82,841.34,847.63,6.29,17,L0_S24|L1_S34|L3_S44,train,0,0.001625,False
85,1529.04,1534.07,5.03,19,L0_S24|L1_S34|L3_S44,train,0,0.324198,False
88,1027.82,1029.07,1.25,16,L0_S20|L1_S30|L3_S40,train,0,0.878593,True
91,990.64,1005.44,14.8,11,L1_S21|L2_S31|L3_S41,train,0,0.928806,True
94,370,381.27,11.27,10,L3_S31|L0_S41|L3_S51,train,0,0.921753,True
97,1227.31,1239.22,11.91,17,L1_S29|L2_S39|L3_S49,train,0,0.856353,True
100,461.79,479.38,17.59,18,L1_S25|L2_S35|L3_S45,train,0,0.168008,False
103,828.76,841.94,13.18,9,L2_S22|L3_S32|L3_S42,train,0,0.409407,False
106,1121.13,1131.52,10.39,9,L3_S27|L0_S37|L3_S47,train,0,0.494568,False
109,1314.56,1326.38,11.82,19,L3_S31|L0_S41|L3_S51,train,0,0.301173,False
112,1510.1,1522.97,12.87,10,L3_S23|L0_S33|L3_S43,train,0,0.268537,False
115,1293.31,1307.39,14.08,19,L3_S27|L0_S37|L3_S47,train,1,0.896704,True
118,157.8,165.16,7.36,8,L3_S23|L0_S33|L3_S43,train,0,0.000523,False
121,71.16,84.42,13.26,9,L0_S24|L1_S34|L3_S44,train,0,0.242859,False
124,1614.63,1637.38,22.75,11,L1_S25|L2_S35|L3_S45,train,0,0.148068,False
127,217.52,224.46,6.94,20,L0_S24|L1_S34|L3_S44,train,0,0.287755,False
130,334.17,338.32,4.15,15,L1_S21|L2_S31|L3_S41,train,0,0.363332,False
133,394.89,397.08,2.19,9,L0_S28|L1_S38|L3_S48,train,0,0.033858,False
136,1160.99,1167.45,6.46,10,L3_S23|L0_S33|L3_S43,train,0,0.012179,False
139,702.58,711.43,8.85,10,L0_S24|L1_S34|L3_S44,train,0,0.012086,False
142,1648.99,1649.09,0.1,16,L2_S26|L3_S36|L3_S46,train,0,0.011451,False
145,1630.34,1652.02,21.68,19,L3_S23|L0_S33|L3_S43,train,0,0.117092,False
148,443.4,453.98,10.58,14,L3_S27|L0_S37|L3_S47,train,0,0.606705,False
151,360.07,374,13.93,18,L1_S21|L2_S31|L3_S41,train,0,0.657383,False
154,44.11,45.42,1.31,15,L2_S22|L3_S32|L3_S42,train,0,0.023257,False
157,1456.17,1467.7,11.53,18,L3_S23|L0_S33|L3_S43,train,0,0.516825,False
160,1281.11,1286.6,5.49,16,L3_S23|L0_S33|L3_S43,train,0,0.800773,True
163,476.07,485.12,9.05,11,L3_S23|L0_S33|L3_S43,train,0,0.530122,False
166,1420.97,1430.22,9.25,14,L1_S21|L2_S31|L3_S41,train,0,0.047514,False
169,467.81,484.88,17.07,16,L3_S27|L0_S37|L3_S47,train,0,0.681798,False
172,1658.15,1672.35,14.2,14,L0_S20|L1_S30|L3_S40,train,1,0.802964,True
175,1052.87,1057.44,4.57,17,L3_S23|L0_S33|L3_S43,train,0,0.075782,False
178,500.52,512.31,11.79,8,L1_S21|L2_S31|L3_S41,train,0,0.186116,False
181,566.79,569.47,2.68,8,L2_S30|L3_S40|L3_S50,train,0,0.603487,False
184,1575.16,1595.73,20.57,18,L2_S22|L3_S32|L3_S42,train,0,0.159502,False
187,858.11,872.62,14.51,21,L1_S21|L2_S31|L3_S41,train,0,0.792159,True
190,1371.08,1393.48,22.4,14,L1_S21|L2_S31|L3_S41,train,0,0.953068,True
193,611.64,616.98,5.34,18,L1_S29|L2_S39|L3_S49,train,0,0.008187,False
196,940.19,947.62,7.43,9,L2_S22|L3_S32|L3_S42,train,0,0.664602,False
199,1415.58,1422.57,6.99,11,L3_S31|L0_S41|L3_S51,train,0,0.654895,False
202,1227.46,1246.38,18.92,20,L2_S30|L3_S40|L3_S50,train,0,0.212839,False
205,144.02,151.14,7.12,18,L2_S30|L3_S40|L3_S50,train,0,0.249326,False
208,805.45,809.36,3.91,15,L3_S23|L0_S33|L3_S43,train,0,0.003728,False
211,451.96,452.28,0.32,9,L0_S20|L1_S30|L3_S40,train,0,0.550709,False
214,144.1,160.36,16.26,14,L3_S23|L0_S33|L3_S43,train,0,0.370483,False
217,31.04,34.78,3.74,9,L2_S22|L3_S32|L3_S42,train,0,0.198696,False
220,30.4,41.48,11.08,8,L2_S30|L3_S40|L3_S50,train,0,0.392996,False
223,663.92,669.74,5.82,8,L0_S24|L1_S34|L3_S44,train,0,0.134349,False
226,964.24,980.61,16.37,16,L2_S30|L3_S40|L3_S50,train,0,0.411071,False
229,487.7,501.91,14.21,9,L0_S24|L1_S34|L3_S44,train,0,0.000204,False
232,680.21,689.7,9.49,17,L1_S29|L2_S39|L3_S49,train,0,0.104906,False
235,1045.32,1057.63,12.31,16,L2_S26|L3_S36|L3_S46,train,1,0.89784,True
238,908.89,915.79,6.9,20,L0_S24|L1_S34|L3_S44,train,0,0.025023,False
241,190.82,195.9,5.08,10,L3_S23|L0_S33|L3_S43,train,0,0.062554,False
244,486.41,502.35,15.94,16,L1_S25|L2_S35|L3_S45,train,1,0.862446,True
247,906.59,923.79,17.2,15,L2_S22|L3_S32|L3_S42,train,0,0.079694,False
250,1462.89,1466.03,3.14,21,L0_S20|L1_S30|L3_S40,train,0,0.041321,False
253,1142.93,1156.19,13.26,11,L3_S31|L0_S41|L3_S51,train,1,0.811688,True
256,836.83,861.08,24.25,11,L1_S25|L2_S35|L3_S45,train,0,0.678904,False
259,1014.99,1019.11,4.12,17,L1_S21|L2_S31|L3_S41,train,0,0.283733,False
262,577.54,583.11,5.57,9,L0_S28|L1_S38|L3_S48,train,0,0.815321,True
265,1409.22,1416.22,7,8,L2_S22|L3_S32|L3_S42,train,0,0.825896,True
268,398.09,412.01,13.92,20,L3_S31|L0_S41|L3_S51,train,0,0.12522,False
271,504.9,519.87,14.97,13,L3_S31|L0_S41|L3_S51,train,0,0.492947,False
274,249.51,258.66,9.15,19,L3_S23|L0_S33|L3_S43,train,0,0.380035,False
277,366.82,379.31,12.49,20,L2_S26|L3_S36|L3_S46,train,0,0.014525,False
280,316.16,321.91,5.75,13,L1_S25|L2_S35|L3_S45,train,0,0.271848,False
283,861.62,872.28,10.66,15,L3_S23|L0_S33|L3_S43,train,0,0.479581,False
286,1699.21,1707.66,8.45,16,L3_S31|L0_S41|L3_S51,train,0,0.179314,False
289,1497.27,1497.83,0.56,17,L3_S23|L0_S33|L3_S43,train,0,0.007032,False
292,168.52,179.09,10.57,19,L0_S24|L1_S34|L3_S44,train,0,0.001114,False
295,98.85,105.87,7.02,10,L3_S23|L0_S33|L3_S43,train,0,0.416567,False
298,707.77,709.76,1.99,19,L2_S26|L3_S36|L3_S46,train,0,0.421235,False
301,1239.11,1252.91,13.8,11,L3_S31|L0_S41|L3_S51,train,0,0.982652,True
304,1187.55,1193.49,5.94,16,L2_S22|L3_S32|L3_S42,train,0,0.618576,False
307,723.28,736.16,12.88,8,L2_S26|L3_S36|L3_S46,train,0,0.078892,False
310,1658.73,1668.35,9.62,9,L0_S24|L1_S34|L3_S44,train,0,0.140474,False
313,568.84,581.67,12.83,15,L3_S27|L0_S37|L3_S47,train,0,0.370764,False
316,152.67,152.77,0.1,13,L1_S25|L2_S35|L3_S45,train,0,0.000005,False
319,332.6,346.75,14.15,18,L2_S26|L3_S36|L3_S46,train,0,0.14112,False
322,1017.18,1020.82,3.64,15,L3_S31|L0_S41|L3_S51,train,0,0.001996,False
325,1358.9,1361.71,2.81,12,L0_S28|L1_S38|L3_S48,train,0,0.927266,True
328,112.42,122.92,10.5,9,L2_S22|L3_S32|L3_S42,train,0,0.359951,False
331,61.43,86.09,24.66,9,L3_S23|L0_S33|L3_S43,train,0,0.254624,False
334,433.82,446.66,12.84,13,L1_S21|L2_S31|L3_S41,train,0,0.003406,False
337,89.12,93.19,4.07,15,L1_S25|L2_S35|L3_S45,train,0,0.120412,False
340,249.83,268.41,18.58,19,L3_S27|L0_S37|L3_S47,train,0,0.713689,False
343,981.42,990.63,9.21,18,L0_S24|L1_S34|L3_S44,train,0,0.382331,False
346,586.77,598.73,11.96,13,L0_S28|L1_S38|L3_S48,train,0,0.021081,False
349,1146.21,1157.85,11.64,17,L0_S24|L1_S34|L3_S44,train,0,0.399025,False
352,982.43,983.76,1.33,21,L1_S25|L2_S35|L3_S45,train,0,0.001483,False
355,1204.38,1210.64,6.26,11,L1_S21|L2_S31|L3_S41,train,0,0.384523,False
358,1161,1175.74,14.74,8,L0_S24|L1_S34|L3_S44,train,0,0.790448,True
361,708.01,709.18,1.17,8,L3_S23|L0_S33|L3_S43,train,0,0.408404,False
364,1079.72,1093.44,13.72,16,L2_S30|L3_S40|L3_S50,train,0,0.120377,False
367,757.6,768.98,11.38,11,L0_S24|L1_S34|L3_S44,train,0,0.007264,False
370,1045.31,1054.67,9.36,17,L2_S22|L3_S32|L3_S42,train,0,0.021899,False
373,730.29,737.15,6.86,15,L3_S31|L0_S41|L3_S51,train,0,0.070303,False
376,574.85,590.71,15.86,10,L2_S26|L3_S36|L3_S46,train,0,0.020813,False
379,379.66,393.04,13.38,16,L1_S21|L2_S31|L3_S41,train,0,0.008949,False
382,279.17,290.23,11.06,17,L0_S28|L1_S38|L3_S48,train,0,0.127404,False
385,1352.17,1364.51,12.34,12,L1_S21|L2_S31|L3_S41,train,0,0.215215,False
388,569.29,577.07,7.78,17,L0_S20|L1_S30|L3_S40,train,0,0.378866,False
391,460.97,476.42,15.45,9,L0_S24|L1_S34|L3_S44,train,0,0.030621,False
394,186.48,188.93,2.45,12,L3_S31|L0_S41|L3_S51,train,0,0.044318,False
397,835.3,848.06,12.76,8,L2_S26|L3_S36|L3_S46,train,0,0.32698,False
400,1482.53,1495.62,13.09,10,L0_S28|L1_S38|L3_S48,train,0,0.37175,False
403,1615.79,1628.33,12.54,20,L1_S21|L2_S31|L3_S41,train,0,0.349659,False
406,363.86,371.5,7.64,17,L1_S29|L2_S39|L3_S49,train,0,0.848886,True
409,20.87,30.83,9.96,8,L2_S30|L3_S40|L3_S50,train,0,0.205131,False
412,76.5,86.75,10.25,18,L3_S31|L0_S41|L3_S51,train,1,0.824654,True
415,1293.14,1307.13,13.99,15,L2_S26|L3_S36|L3_S46,train,0,0.065163,False
418,1524.19,1536.43,12.24,9,L2_S26|L3_S36|L3_S46,train,1,0.966278,True
421,880.07,895.22,15.15,17,L3_S23|L0_S33|L3_S43,train,0,0.00809,False
424,1004.49,1025.12,20.63,19,L3_S31|L0_S41|L3_S51,train,0,0.18904,False
427,866.99,878.38,11.39,10,L2_S22|L3_S32|L3_S42,train,0,0.624137,False
430,860.4,875.27,14.87,8,L0_S24|L1_S34|L3_S44,train,0,0.223658,False
433,1148.92,1174.72,25.8,14,L2_S30|L3_S40|L3_S50,train,0,0.138983,False
436,1039.29,1045.51,6.22,14,L3_S31|L0_S41|L3_S51,train,0,0.082654,False
439,1583.09,1585.94,2.85,14,L1_S29|L2_S39|L3_S49,train,0,0.000446,False
442,530.6,536.78,6.18,14,L0_S20|L1_S30|L3_S40,train,0,0.164116,False
445,555.28,567.27,11.99,11,L2_S22|L3_S32|L3_S42,train,0,0.915449,True
448,906.12,918.8,12.68,9,L3_S23|L0_S33|L3_S43,train,0,0.013064,False
451,708.2,721.9,13.7,9,L0_S20|L1_S30|L3_S40,train,0,0.000063,False
454,823.66,835.4,11.74,14,L1_S29|L2_S39|L3_S49,train,0,0.285725,False
457,100.08,109.33,9.25,12,L1_S29|L2_S39|L3_S49,train,0,0.005932,False
460,214.92,223.25,8.33,10,L0_S28|L1_S38|L3_S48,train,0,0.016437,False
463,1309.99,1312.57,2.58,20,L0_S20|L1_S30|L3_S40,train,0,0.252669,False
466,535.98,549.38,13.4,10,L2_S22|L3_S32|L3_S42,train,0,0.064484,False
469,935.79,944.1,8.31,8,L3_S27|L0_S37|L3_S47,train,0,0.000072,False
472,1229.36,1230.46,1.1,14,L3_S27|L0_S37|L3_S47,train,0,0.453776,False
475,840.4,853.44,13.04,14,L2_S22|L3_S32|L3_S42,train,0,0.18137,False
478,463.32,466.01,2.69,19,L0_S28|L1_S38|L3_S48,train,1,0.780777,True
481,1682.55,1697.18,14.63,12,L2_S26|L3_S36|L3_S46,train,0,0.036698,False
484,354.61,365.49,10.88,14,L1_S29|L2_S39|L3_S49,train,0,0.604559,False
487,449.45,457.13,7.68,9,L3_S27|L0_S37|L3_S47,train,0,0.003097,False
490,1421.13,1432.09,10.96,14,L0_S28|L1_S38|L3_S48,train,0,0.073097,False
493,258.46,270.57,12.11,9,L3_S27|L0_S37|L3_S47,train,0,0.08588,False
496,5.91,10.84,4.93,17,L2_S22|L3_S32|L3_S42,train,0,0.782956,True
499,621.24,640.07,18.83,15,L0_S28|L1_S38|L3_S48,train,0,0.463694,False
502,601.26,608.46,7.2,11,L0_S24|L1_S34|L3_S44,train,0,0.408559,False
505,586,591.49,5.49,21,L1_S29|L2_S39|L3_S49,train,0,0.124839,False
508,38.32,52.11,13.79,8,L2_S26|L3_S36|L3_S46,train,0,0.028538,False
511,1114.16,1124.98,10.82,13,L2_S22|L3_S32|L3_S42,train,0,0.469142,False
514,1267.92,1280.15,12.23,20,L2_S30|L3_S40|L3_S50,train,0,0.072511,False
517,1606.09,1619.41,13.32,13,L0_S20|L1_S30|L3_S40,train,0,0.02051,False
520,1307.83,1312.41,4.58,20,L1_S21|L2_S31|L3_S41,train,0,0.001486,False
523,1224.17,1234.09,9.92,18,L2_S26|L3_S36|L3_S46,train,0,0.001165,False
526,1162.38,1167.88,5.5,11,L3_S23|L0_S33|L3_S43,train,0,0.223371,False
529,1132.44,1145.71,13.27,18,L3_S31|L0_S41|L3_S51,train,0,0.731851,False
532,1517.86,1521.39,3.53,16,L0_S24|L1_S34|L3_S44,train,0,0.137642,False
535,1278.65,1280.72,2.07,20,L0_S24|L1_S34|L3_S44,train,0,0.103499,False
538,1532.27,1548.7,16.43,21,L0_S28|L1_S38|L3_S48,train,0,0.343593,False
541,305.44,305.54,0.1,19,L0_S28|L1_S38|L3_S48,train,0,0.135409,False
544,792.32,801.8,9.48,14,L1_S29|L2_S39|L3_S49,train,0,0.080031,False
547,1646.09,1672.07,25.98,9,L1_S25|L2_S35|L3_S45,train,0,0.074214,False
550,1534.99,1541.94,6.95,8,L3_S31|L0_S41|L3_S51,train,0,0.775675,True
553,1325.88,1345.52,19.64,15,L0_S20|L1_S30|L3_S40,train,0,0.468102,False
556,415.68,419.13,3.45,13,L0_S20|L1_S30|L3_S40,train,0,0.136104,False
559,671.15,685.6,14.45,18,L2_S30|L3_S40|L3_S50,train,0,0.040391,False
562,306.41,325.4,18.99,13,L3_S27|L0_S37|L3_S47,train,0,0.684461,False
565,826.84,844.45,17.61,10,L1_S25|L2_S35|L3_S45,train,0,0.925347,True
568,1463.82,1476.93,13.11,17,L3_S27|L0_S37|L3_S47,train,0,0.218188,False
571,141.76,153.96,12.2,8,L3_S23|L0_S33|L3_S43,train,0,0.012367,False
574,1236.46,1252.12,15.66,8,L0_S28|L1_S38|L3_S48,train,0,0.046811,False
577,418.33,436.18,17.85,17,L2_S30|L3_S40|L3_S50,train,0,0.116751,False
580,502.94,519.02,16.08,16,L2_S30|L3_S40|L3_S50,train,0,0.01471,False
583,1456.67,1470.82,14.15,18,L1_S21|L2_S31|L3_S41,train,0,0.093819,False
586,436.24,451.26,15.02,16,L3_S23|L0_S33|L3_S43,train,0,0.87098,True
589,936.25,946.5,10.25,15,L1_S21|L2_S31|L3_S41,train,0,0.600547,False
592,800.22,816.63,16.41,8,L3_S27|L0_S37|L3_S47,train,0,0.238948,False
595,473.46,483.42,9.96,13,L1_S25|L2_S35|L3_S45,train,0,0.031979,False
598,563.34,575.34,12,12,L2_S22|L3_S32|L3_S42,train,0,0.346995,False
601,1474.47,1494.92,20.45,20,L3_S23|L0_S33|L3_S43,train,0,0.294514,False
604,1135.26,1149.53,14.27,18,L1_S25|L2_S35|L3_S45,train,0,0.98572,True
607,1408.21,1413.27,5.06,9,L1_S21|L2_S31|L3_S41,train,0,0.085793,False
610,1240.34,1252.31,11.97,21,L0_S24|L1_S34|L3_S44,train,0,0.315451,False
613,414.11,421.27,7.16,16,L3_S27|L0_S37|L3_S47,train,0,0.047825,False
616,988.44,1008.83,20.39,17,L1_S25|L2_S35|L3_S45,train,0,0.046188,False
619,1197.5,1209.52,12.02,10,L1_S25|L2_S35|L3_S45,train,0,0.878461,True
622,1459.28,1474.93,15.65,18,L0_S24|L1_S34|L3_S44,train,0,0.5217,False
625,899.36,907.67,8.31,9,L3_S23|L0_S33|L3_S43,train,0,0.457519,False
628,809.41,820.46,11.05,14,L3_S31|L0_S41|L3_S51,train,1,0.800307,True
631,1607.47,1607.57,0.1,9,L3_S31|L0_S41|L3_S51,train,0,0.063468,False
634,487.57,506.27,18.7,20,L0_S20|L1_S30|L3_S40,train,0,0.013404,False
637,1400.91,1413.17,12.26,13,L3_S31|L0_S41|L3_S51,train,0,0.946301,True
640,1066.09,1068.66,2.57,14,L2_S22|L3_S32|L3_S42,train,0,0.011284,False
643,1427.65,1443.74,16.09,11,L2_S26|L3_S36|L3_S46,train,0,0.863833,True
646,899.22,905.31,6.09,17,L2_S22|L3_S32|L3_S42,train,0,0.041344,False
649,255.34,267.11,11.77,15,L1_S21|L2_S31|L3_S41,train,0,0.282816,False
652,476.18,483.12,6.94,16,L1_S21|L2_S31|L3_S41,train,0,0.112725,False
655,306.43,310.22,3.79,9,L0_S20|L1_S30|L3_S40,train,0,0.064921,False
658,994.34,997.76,3.42,11,L3_S31|L0_S41|L3_S51,train,0,0.111736,False
661,204.76,213.01,8.25,13,L1_S21|L2_S31|L3_S41,train,0,0.004714,False
664,1570.3,1581.86,11.56,16,L1_S25|L2_S35|L3_S45,train,0,0.249287,False
667,827.35,840.29,12.94,18,L0_S20|L1_S30|L3_S40,train,0,0.701152,False
670,218,236.48,18.48,21,L1_S21|L2_S31|L3_S41,train,0,0.23664,False
673,1086.79,1098.85,12.06,13,L3_S27|L0_S37|L3_S47,train,0,0.383709,False
676,69.89,69.99,0.1,19,L2_S22|L3_S32|L3_S42,train,0,0.823079,True
679,727.94,733.85,5.91,11,L0_S28|L1_S38|L3_S48,train,0,0.623031,False
682,1018.41,1022.09,3.68,16,L3_S27|L0_S37|L3_S47,train,0,0.157652,False
685,183.84,202.56,18.72,13,L1_S25|L2_S35|L3_S45,train,0,0.319052,False
688,1158.7,1164.61,5.91,16,L3_S27|L0_S37|L3_S47,train,0,0.182257,False
691,811.66,825.84,14.18,20,L1_S25|L2_S35|L3_S45,train,0,0.080119,False
694,107.84,115.78,7.94,14,L0_S24|L1_S34|L3_S44,train,0,0.312706,False
697,866.89,875.41,8.52,9,L2_S26|L3_S36|L3_S46,train,0,0.481229,False
700,1460.8,1479.35,18.55,18,L3_S23|L0_S33|L3_S43,train,0,0.038537,False
703,814.54,817.7,3.16,19,L3_S23|L0_S33|L3_S43,train,0,0.017101,False
706,971.69,986.98,15.29,18,L0_S24|L1_S34|L3_S44,train,0,0.000978,False
709,855.29,866.47,11.18,20,L1_S25|L2_S35|L3_S45,train,0,0.034687,False
712,1058.25,1058.35,0.1,19,L0_S28|L1_S38|L3_S48,train,0,0.688933,False
715,615.58,627.12,11.54,19,L0_S20|L1_S30|L3_S40,train,0,0.017419,False
718,1662.53,1674.07,11.54,15,L1_S21|L2_S31|L3_S41,train,0,0.329406,False
721,1213.47,1223.24,9.77,18,L2_S26|L3_S36|L3_S46,train,0,0.033048,False
724,1123.68,1129.16,5.48,9,L2_S26|L3_S36|L3_S46,train,0,0.220823,False
727,680.84,701.03,20.19,20,L0_S28|L1_S38|L3_S48,train,0,0.094975,False
730,836.54,854.17,17.63,12,L1_S29|L2_S39|L3_S49,train,0,0.319422,False
733,437.26,445.61,8.35,13,L2_S30|L3_S40|L3_S50,train,0,0.533859,False
736,757.27,766.65,9.38,13,L2_S26|L3_S36|L3_S46,train,0,0.241114,False
739,736.65,743.65,7,9,L3_S23|L0_S33|L3_S43,train,0,0.000009,False
742,355.54,359.66,4.12,12,L1_S29|L2_S39|L3_S49,train,1,0.853041,True
745,324.04,336.05,12.01,21,L1_S29|L2_S39|L3_S49,train,0,0.774411,True
748,1307.56,1311.13,3.57,18,L3_S27|L0_S37|L3_S47,train,0,0.122181,False
751,1601.43,1606.6,5.17,8,L0_S24|L1_S34|L3_S44,train,0,0.131649,False
754,745.46,758.91,13.45,20,L1_S25|L2_S35|L3_S45,train,0,0.0261,False
757,176.76,185.15,8.39,15,L1_S21|L2_S31|L3_S41,train,0,0.199259,False
760,855.45,864.62,9.17,17,L0_S28|L1_S38|L3_S48,train,0,0.063166,False
763,1665.33,1681.42,16.09,19,L1_S25|L2_S35|L3_S45,train,0,0.164863,False
766,1288.84,1299.3,10.46,18,L3_S31|L0_S41|L3_S51,train,0,0.989049,True
769,705.68,721.2,15.52,21,L1_S21|L2_S31|L3_S41,train,0,0.149618,False
772,1564.58,1576.01,11.43,17,L2_S26|L3_S36|L3_S46,train,0,0.974133,True
775,355.71,363.71,8,15,L0_S28|L1_S38|L3_S48,train,0,0.235017,False
778,79.04,88.23,9.19,20,L2_S26|L3_S36|L3_S46,train,0,0.244088,False
781,616.77,629.4,12.63,17,L3_S27|L0_S37|L3_S47,train,0,0.000217,False
784,849.13,849.23,0.1,21,L2_S26|L3_S36|L3_S46,train,0,0.034372,False
787,685.91,694.55,8.64,14,L1_S29|L2_S39|L3_S49,train,0,0.292587,False
790,647.08,652.78,5.7,13,L1_S25|L2_S35|L3_S45,train,0,0.039264,False
793,1420.46,1434.38,13.92,20,L1_S25|L2_S35|L3_S45,train,0,0.021422,False
796,696.41,714.16,17.75,9,L1_S29|L2_S39|L3_S49,train,0,0.065257,False
799,750.53,758.67,8.14,19,L0_S28|L1_S38|L3_S48,train,0,0.091901,False
802,76.09,76.52,0.43,9,L3_S23|L0_S33|L3_S43,train,0,0.386366,False
805,1670.28,1686.37,16.09,16,L1_S25|L2_S35|L3_S45,train,0,0.169239,False
808,1188.88,1192.3,3.42,19,L3_S23|L0_S33|L3_S43,train,0,0.731421,False
811,1517.51,1528.19,10.68,13,L0_S20|L1_S30|L3_S40,train,0,0.278287,False
814,581.43,597.27,15.84,17,L2_S26|L3_S36|L3_S46,train,0,0.064384,False
817,1626.15,1641.42,15.27,18,L1_S25|L2_S35|L3_S45,train,0,0.02893,False
820,1239.05,1242.64,3.59,17,L0_S20|L1_S30|L3_S40,train,0,0.613179,False
823,555.08,558.51,3.43,15,L2_S26|L3_S36|L3_S46,train,0,0.152064,False
826,76.57,93.02,16.45,20,L3_S27|L0_S37|L3_S47,train,1,0.838477,True
829,946,950.34,4.34,13,L3_S27|L0_S37|L3_S47,train,0,0.350532,False
832,318.04,326.71,8.67,20,L3_S31|L0_S41|L3_S51,train,0,0.181383,False
835,1565.96,1583.55,17.59,13,L1_S21|L2_S31|L3_S41,train,0,0.187896,False
838,468.94,471.51,2.57,16,L2_S22|L3_S32|L3_S42,train,0,0.058558,False
841,630.47,637.3,6.83,11,L3_S31|L0_S41|L3_S51,train,0,0.381308,False
844,580.59,592.28,11.69,19,L0_S20|L1_S30|L3_S40,train,0,0.081025,False
847,1684.45,1699.88,15.43,19,L0_S24|L1_S34|L3_S44,train,0,0.742103,True
850,1033.9,1057.49,23.59,16,L3_S27|L0_S37|L3_S47,train,0,0.34894,False
853,1408.47,1412.56,4.09,21,L1_S29|L2_S39|L3_S49,train,0,0.631669,False
856,480.98,491.99,11.01,9,L2_S22|L3_S32|L3_S42,train,0,0.088631,False
859,7.38,15.55,8.17,17,L3_S23|L0_S33|L3_S43,train,0,0.01056,False
862,912.65,930.58,17.93,21,L1_S21|L2_S31|L3_S41,train,0,0.606563,False
865,1438.97,1443.28,4.31,11,L2_S22|L3_S32|L3_S42,train,0,0.000698,False
868,437.55,449.29,11.74,18,L0_S24|L1_S34|L3_S44,train,1,0.782244,True
871,788.97,803.87,14.9,10,L0_S28|L1_S38|L3_S48,train,0,0.209896,False
874,1313.42,1339.01,25.59,13,L3_S27|L0_S37|L3_S47,train,0,0.00815,False
877,1345.05,1367.77,22.72,20,L1_S25|L2_S35|L3_S45,train,0,0.836318,True
880,366.95,376.17,9.22,10,L0_S20|L1_S30|L3_S40,train,0,0.698394,False
883,1135.19,1142.37,7.18,21,L2_S22|L3_S32|L3_S42,train,0,0.000253,False
886,196.17,214.12,17.95,20,L2_S30|L3_S40|L3_S50,train,0,0.52714,False
889,246.2,246.3,0.1,16,L0_S24|L1_S34|L3_S44,train,0,0.252511,False
892,492.23,506.69,14.46,14,L3_S31|L0_S41|L3_S51,train,1,0.944946,True
895,328.48,336.26,7.78,16,L3_S23|L0_S33|L3_S43,train,0,0.067799,False
898,1619.16,1619.26,0.1,15,L3_S27|L0_S37|L3_S47,train,0,0.009987,False
901,173.15,174.63,1.48,9,L3_S31|L0_S41|L3_S51,train,0,0.000151,False
904,1379.06,1400.04,20.98,12,L2_S22|L3_S32|L3_S42,train,0,0.20367,False
907,708.56,725.21,16.65,19,L2_S22|L3_S32|L3_S42,train,0,0.320479,False
910,275.92,293.7,17.78,10,L0_S28|L1_S38|L3_S48,train,0,0.00195,False
913,1038.91,1053.82,14.91,8,L1_S29|L2_S39|L3_S49,train,0,0.359987,False
916,490.31,510.43,20.12,18,L2_S26|L3_S36|L3_S46,train,1,0.763655,True
919,310.85,316.12,5.27,18,L1_S21|L2_S31|L3_S41,train,0,0.428018,False
922,866.51,875.04,8.53,10,L2_S30|L3_S40|L3_S50,train,0,0.009558,False
925,1456.12,1475.85,19.73,13,L1_S21|L2_S31|L3_S41,train,0,0.033915,False
928,1029.61,1047.23,17.62,12,L0_S28|L1_S38|L3_S48,train,0,0.046327,False
931,761.05,777.48,16.43,8,L2_S26|L3_S36|L3_S46,train,0,0.045418,False
934,1463.85,1477.12,13.27,19,L2_S26|L3_S36|L3_S46,train,0,0.861731,True
937,767.1,780.26,13.16,20,L0_S28|L1_S38|L3_S48,train,0,0.933933,True
940,300.25,313.85,13.6,13,L3_S31|L0_S41|L3_S51,train,0,0.476093,False
943,937.38,939.73,2.35,20,L3_S23|L0_S33|L3_S43,train,0,0.667001,False
946,1093.76,1102.54,8.78,12,L1_S25|L2_S35|L3_S45,train,0,0.066496,False
949,1593.16,1609.47,16.31,9,L3_S27|L0_S37|L3_S47,train,1,0.858494,True
952,432.18,442.28,10.1,11,L1_S25|L2_S35|L3_S45,train,0,0.87951,True
955,1541.28,1553.98,12.7,17,L3_S23|L0_S33|L3_S43,train,0,0.826074,True
958,343.43,363.37,19.94,18,L3_S27|L0_S37|L3_S47,train,0,0.384457,False
961,1147.88,1161.43,13.55,13,L3_S27|L0_S37|L3_S47,train,0,0.010905,False
964,781.65,786.14,4.49,13,L2_S30|L3_S40|L3_S50,train,0,0.000322,False
967,1514.27,1533.82,19.55,15,L3_S27|L0_S37|L3_S47,train,0,0.159948,False
970,83.45,104.34,20.89,12,L1_S25|L2_S35|L3_S45,train,0,0.000209,False
973,1496.74,1500.79,4.05,10,L0_S28|L1_S38|L3_S48,train,0,0.767572,True
976,245.65,253.56,7.91,15,L0_S20|L1_S30|L3_S40,train,0,0.543213,False
979,1450.21,1471.05,20.84,12,L0_S24|L1_S34|L3_S44,train,0,0.538957,False
982,570.87,586.52,15.65,8,L0_S20|L1_S30|L3_S40,train,0,0.884653,True
985,1613.79,1626.79,13,13,L3_S31|L0_S41|L3_S51,train,0,0.208081,False
988,1.18,17.97,16.79,20,L2_S30|L3_S40|L3_S50,train,0,0.514163,False
991,486.02,500.96,14.94,12,L2_S26|L3_S36|L3_S46,train,0,0.971054,True
994,660.49,669.99,9.5,9,L0_S24|L1_S34|L3_S44,train,0,0.653738,False
997,184.14,199.26,15.12,11,L2_S26|L3_S36|L3_S46,train,0,0.616221,False
1000,942.63,951.14,8.51,15,L3_S31|L0_S41|L3_S51,train,0,0.009662,False
1003,607.08,609.88,2.8,14,L3_S31|L0_S41|L3_S51,train,0,0.382836,False
1006,109.43,111.56,2.13,17,L2_S26|L3_S36|L3_S46,train,0,0.498062,False
1009,1158.24,1172.04,13.8,15,L3_S27|L0_S37|L3_S47,train,0,0.001457,False
1012,1531.53,1540.82,9.29,8,L1_S25|L2_S35|L3_S45,train,0,0.278055,False
1015,1582.31,1586.62,4.31,17,L0_S28|L1_S38|L3_S48,train,0,0.104257,False
1018,220.99,227.15,6.16,9,L3_S27|L0_S37|L3_S47,train,1,0.84722,True
1021,1345.98,1363.3,17.32,8,L0_S24|L1_S34|L3_S44,train,0,0.012671,False
1024,186.3,197.67,11.37,17,L0_S20|L1_S30|L3_S40,train,0,0.353022,False
1027,436.43,459.03,22.6,19,L0_S24|L1_S34|L3_S44,train,0,0.013678,False
1030,388.23,404.03,15.8,16,L0_S28|L1_S38|L3_S48,train,0,0.482862,False
1033,1529.28,1545.8,16.52,13,L1_S21|L2_S31|L3_S41,train,0,0.078926,False
1036,765.8,777.34,11.54,14,L3_S31|L0_S41|L3_S51,train,0,0.413412,False
1039,1499.94,1509.79,9.85,8,L3_S23|L0_S33|L3_S43,train,0,0.636941,False
1042,1455.92,1469.22,13.3,21,L3_S27|L0_S37|L3_S47,train,0,0.103358,False
1045,1329.79,1348.77,18.98,15,L3_S23|L0_S33|L3_S43,train,0,0.028755,False
1048,685.08,715.83,30.75,15,L1_S21|L2_S31|L3_S41,train,0,0.905045,True
1051,530.31,540.2,9.89,15,L2_S22|L3_S32|L3_S42,train,0,0.161076,False
1054,454.27,473.76,19.49,20,L0_S24|L1_S34|L3_S44,train,0,0.047052,False
1057,761.01,784.12,23.11,9,L2_S26|L3_S36|L3_S46,train,0,0.183579,False
1060,1105.68,1109.05,3.37,18,L2_S26|L3_S36|L3_S46,train,0,0.000158,False
1063,675.88,688.25,12.37,11,L0_S24|L1_S34|L3_S44,train,1,0.870241,True
1066,1625.8,1639.09,13.29,20,L2_S22|L3_S32|L3_S42,train,0,0.122389,False
1069,295.03,301.94,6.91,20,L0_S28|L1_S38|L3_S48,train,0,0.134994,False
1072,105.89,111.91,6.02,15,L3_S31|L0_S41|L3_S51,train,0,0.552983,False
1075,1574.27,1578.98,4.71,21,L0_S20|L1_S30|L3_S40,train,0,0.178131,False
1078,1298.19,1308.81,10.62,16,L1_S25|L2_S35|L3_S45,train,0,0.654833,False
1081,1639.54,1657.16,17.62,15,L3_S31|L0_S41|L3_S51,train,0,0.789841,True
1084,1543.51,1557.34,13.83,18,L0_S24|L1_S34|L3_S44,train,0,0.6831,False
1087,1029.69,1047.17,17.48,21,L2_S26|L3_S36|L3_S46,train,0,0.001953,False
1090,560.02,573.56,13.54,16,L0_S24|L1_S34|L3_S44,train,1,0.998682,True
1093,269.56,280.14,10.58,21,L1_S29|L2_S39|L3_S49,train,0,0.001499,False
1096,1121.28,1135.78,14.5,15,L2_S26|L3_S36|L3_S46,train,0,0.527071,False
1099,191.31,208.1,16.79,12,L1_S29|L2_S39|L3_S49,train,0,0.254431,False
1102,301.9,302.25,0.35,13,L3_S23|L0_S33|L3_S43,train,0,0.010255,False
1105,981.15,991.69,10.54,13,L1_S21|L2_S31|L3_S41,train,0,0.590831,False
1108,1004.11,1013.48,9.37,9,L1_S29|L2_S39|L3_S49,train,0,0.497066,False
1111,824.16,838.17,14.01,13,L1_S21|L2_S31|L3_S41,train,0,0.117349,False
1114,1274.33,1287.58,13.25,8,L3_S23|L0_S33|L3_S43,train,0,0.399592,False
1117,661.97,682.66,20.69,14,L3_S31|L0_S41|L3_S51,train,0,0.092865,False
1120,27.55,28.91,1.36,16,L1_S29|L2_S39|L3_S49,train,0,0.289952,False
1123,445.1,455.57,10.47,9,L3_S23|L0_S33|L3_S43,train,0,0.009359,False
1126,1019.9,1026.03,6.13,15,L1_S25|L2_S35|L3_S45,train,0,0.03898,False
1129,452.34,471.19,18.85,15,L1_S21|L2_S31|L3_S41,train,0,0.351458,False
1132,838.67,842.55,3.88,18,L1_S29|L2_S39|L3_S49,train,0,0.233772,False
1135,1430.74,1430.84,0.1,21,L1_S21|L2_S31|L3_S41,train,1,0.877741,True
1138,859.84,867.52,7.68,11,L2_S26|L3_S36|L3_S46,train,0,0.242482,False
1141,1191.34,1199,7.66,10,L0_S24|L1_S34|L3_S44,train,0,0.594374,False
1144,1117.43,1128.99,11.56,13,L3_S23|L0_S33|L3_S43,train,0,0.001244,False
1147,57.43,74.91,17.48,9,L0_S20|L1_S30|L3_S40,train,0,0.757337,True
1150,1174.94,1184.77,9.83,21,L1_S21|L2_S31|L3_S41,train,0,0.74518,True
1153,1124.26,1149.41,25.15,21,L1_S21|L2_S31|L3_S41,train,0,0.791572,True
1156,1433.46,1453.98,20.52,10,L1_S21|L2_S31|L3_S41,train,0,0.71729,False
1159,415.43,426.22,10.79,10,L1_S25|L2_S35|L3_S45,train,0,0.083615,False
1162,1278.91,1290.67,11.76,14,L3_S31|L0_S41|L3_S51,train,0,0.137956,False
1165,18.52,27.83,9.31,12,L2_S30|L3_S40|L3_S50,train,0,0.317999,False
1168,837.54,848.07,10.53,12,L0_S24|L1_S34|L3_S44,train,0,0.515924,False
1171,1353.64,1353.74,0.1,10,L3_S23|L0_S33|L3_S43,train,0,0.001741,False
1174,435.47,435.57,0.1,17,L1_S25|L2_S35|L3_S45,train,0,0.975568,True
1177,410.49,410.59,0.1,18,L2_S26|L3_S36|L3_S46,train,0,0.088828,False
1180,1244.87,1252.6,7.73,17,L1_S21|L2_S31|L3_S41,train,0,0.604622,False
1183,772.67,786.45,13.78,20,L1_S29|L2_S39|L3_S49,train,0,0.782498,True
1186,737.39,744.96,7.57,8,L3_S31|L0_S41|L3_S51,train,0,0.00043,False
1189,854.05,865.68,11.63,14,L1_S25|L2_S35|L3_S45,train,0,0.040701,False
1192,1284.82,1293.68,8.86,12,L0_S28|L1_S38|L3_S48,train,0,0.000083,False
1195,1394.06,1407.06,13,21,L0_S20|L1_S30|L3_S40,train,0,0.019736,False
1198,586.17,599.45,13.28,17,L0_S28|L1_S38|L3_S48,train,0,0.853003,True
1201,1639.33,1654.68,15.35,19,L0_S20|L1_S30|L3_S40,train,0,0.223634,False
1204,582.86,584.19,1.33,11,L1_S29|L2_S39|L3_S49,train,0,0.222582,False
1207,41.69,57.56,15.87,15,L0_S20|L1_S30|L3_S40,train,0,0.000029,False
1210,209.32,221.37,12.05,19,L1_S29|L2_S39|L3_S49,train,0,0.049851,False
1213,45.3,58.58,13.28,13,L1_S25|L2_S35|L3_S45,train,0,0.025257,False
1216,765.69,774.34,8.65,12,L2_S22|L3_S32|L3_S42,train,0,0.840786,True
1219,978.13,984.84,6.71,19,L2_S22|L3_S32|L3_S42,train,0,0.003344,False
1222,261.13,272.97,11.84,13,L3_S27|L0_S37|L3_S47,train,0,0.78126,True
1225,138.96,153.86,14.9,15,L2_S22|L3_S32|L3_S42,train,0,0.363228,False
1228,311.1,319.04,7.94,8,L1_S21|L2_S31|L3_S41,train,0,0.751359,True
1231,205.19,217.09,11.9,16,L2_S22|L3_S32|L3_S42,train,0,0.838974,True
1234,1595.43,1606.66,11.23,17,L2_S26|L3_S36|L3_S46,train,0,0.043982,False
1237,1119.05,1137.73,18.68,20,L3_S31|L0_S41|L3_S51,train,0,0.196602,False
1240,1094.51,1107.02,12.51,15,L0_S24|L1_S34|L3_S44,train,0,0.412511,False
1243,580.9,592.73,11.83,10,L3_S27|L0_S37|L3_S47,train,0,0.37728,False
1246,1426.64,1434.93,8.29,16,L2_S30|L3_S40|L3_S50,train,0,0.472567,False
1249,1403.99,1415.13,11.14,17,L2_S30|L3_S40|L3_S50,train,0,0.000812,False
1252,1598.39,1610.01,11.62,20,L0_S20|L1_S30|L3_S40,train,0,0.408296,False
1255,1232.09,1260.6,28.51,19,L0_S24|L1_S34|L3_S44,train,0,0.004279,False
1258,413.82,413.92,0.1,10,L2_S22|L3_S32|L3_S42,train,0,0.176173,False
1261,39.27,45.67,6.4,20,L3_S23|L0_S33|L3_S43,train,0,0.07715,False
1264,920.75,932.35,11.6,12,L3_S23|L0_S33|L3_S43,train,0,0.056442,False
1267,263.57,275.06,11.49,19,L1_S21|L2_S31|L3_S41,train,0,0.877911,True
1270,1151.74,1168.05,16.31,17,L1_S25|L2_S35|L3_S45,train,0,0.177146,False
1273,1120.82,1133.28,12.46,8,L3_S27|L0_S37|L3_S47,train,0,0.017931,False
1276,335.1,350.46,15.36,17,L1_S21|L2_S31|L3_S41,train,0,0.001054,False
1279,1455.17,1462.44,7.27,18,L2_S30|L3_S40|L3_S50,train,0,0.966828,True
1282,753.17,755.74,2.57,20,L1_S21|L2_S31|L3_S41,train,0,0.930564,True
1285,271.13,281.5,10.37,14,L3_S31|L0_S41|L3_S51,train,0,0.279389,False
1288,664.34,678.11,13.77,19,L3_S27|L0_S37|L3_S47,train,1,0.853574,True
1291,1692.47,1695.9,3.43,12,L2_S26|L3_S36|L3_S46,train,0,0.40894,False
1294,742.75,755.52,12.77,15,L3_S31|L0_S41|L3_S51,train,0,0.176295,False
1297,1003.21,1012.98,9.77,19,L1_S21|L2_S31|L3_S41,train,0,0.683022,False
1300,548.64,572.93,24.29,11,L3_S27|L0_S37|L3_S47,train,0,0.849985,True
1303,173.05,183.67,10.62,18,L1_S29|L2_S39|L3_S49,train,1,0.921887,True
1306,609.03,625.7,16.67,12,L2_S22|L3_S32|L3_S42,train,0,0.349348,False
1309,594.31,609.22,14.91,18,L3_S27|L0_S37|L3_S47,train,0,0.631127,False
1312,112.41,129.95,17.54,17,L0_S24|L1_S34|L3_S44,train,0,0.090549,False
1315,824.45,827.85,3.4,21,L1_S25|L2_S35|L3_S45,train,0,0.081152,False
1318,1654.66,1659.85,5.19,19,L0_S20|L1_S30|L3_S40,train,0,0.014832,False
1321,394.34,408.03,13.69,21,L2_S22|L3_S32|L3_S42,train,0,0.004551,False
1324,1372.68,1382.02,9.34,18,L1_S25|L2_S35|L3_S45,train,0,0.009541,False
1327,1173.63,1178.58,4.95,14,L3_S27|L0_S37|L3_S47,train,0,0.084329,False
1330,470.01,490.48,20.47,15,L1_S21|L2_S31|L3_S41,train,0,0.895702,True
1333,585.88,588.1,2.22,20,L0_S24|L1_S34|L3_S44,train,0,0.241907,False
1336,7.99,11.43,3.44,15,L3_S27|L0_S37|L3_S47,train,0,0.001454,False
1339,9.89,20.02,10.13,8,L3_S31|L0_S41|L3_S51,train,0,0.91558,True
1342,1665.36,1669.29,3.93,18,L2_S26|L3_S36|L3_S46,train,0,0.713688,False
1345,412.94,428.74,15.8,13,L3_S31|L0_S41|L3_S51,train,0,0.444094,False
1348,697.13,698.82,1.69,18,L0_S20|L1_S30|L3_S40,train,0,0.032917,False
1351,521.38,534.68,13.3,17,L1_S21|L2_S31|L3_S41,train,0,0.002295,False
1354,288.53,307.99,19.46,13,L0_S28|L1_S38|L3_S48,train,0,0.219178,False
1357,1643.15,1659.98,16.83,13,L0_S28|L1_S38|L3_S48,train,0,0.045952,False
1360,43.11,52.06,8.95,8,L2_S26|L3_S36|L3_S46,train,0,0.043567,False
1363,831.39,834.74,3.35,21,L0_S28|L1_S38|L3_S48,train,1,0.963322,True
1366,1115.99,1132.36,16.37,18,L1_S21|L2_S31|L3_S41,train,0,0.2666,False
1369,947.74,963.63,15.89,8,L1_S21|L2_S31|L3_S41,train,0,0.001175,False
1372,1114.96,1118.17,3.21,9,L3_S31|L0_S41|L3_S51,train,0,0.694291,False
1375,716.86,723.51,6.65,12,L2_S30|L3_S40|L3_S50,train,0,0.200076,False
1378,611.29,623.7,12.41,13,L3_S27|L0_S37|L3_S47,train,0,0.589178,False
1381,1241.12,1246.86,5.74,14,L2_S30|L3_S40|L3_S50,train,0,0.176399,False
1384,1522.09,1527.4,5.31,9,L1_S29|L2_S39|L3_S49,train,0,0.318706,False
1387,1672.71,1681.62,8.91,18,L1_S29|L2_S39|L3_S49,train,0,0.273701,False
1390,1375.18,1381.64,6.46,14,L2_S22|L3_S32|L3_S42,train,0,0.081623,False
1393,618.34,626.78,8.44,16,L1_S25|L2_S35|L3_S45,train,0,0.199543,False
1396,1013.31,1022.5,9.19,13,L2_S30|L3_S40|L3_S50,train,0,0.301044,False
1399,373.11,377.6,4.49,16,L0_S28|L1_S38|L3_S48,train,0,0.325859,False
1402,9.96,24.46,14.5,18,L2_S26|L3_S36|L3_S46,train,0,0.329921,False
1405,1688.9,1701.86,12.96,20,L2_S30|L3_S40|L3_S50,train,0,0.122752,False
1408,514.85,515.23,0.38,14,L2_S26|L3_S36|L3_S46,train,0,0.256908,False
1411,1475.27,1484.09,8.82,12,L2_S26|L3_S36|L3_S46,train,0,0.000037,False
1414,1214.91,1222.15,7.24,16,L3_S23|L0_S33|L3_S43,train,0,0.265548,False
1417,328.24,328.34,0.1,8,L1_S25|L2_S35|L3_S45,train,0,0.023651,False
1420,585.37,600.84,15.47,13,L1_S29|L2_S39|L3_S49,train,0,0.532915,False
1423,107.06,121.74,14.68,11,L2_S26|L3_S36|L3_S46,train,0,0.661962,False
1426,367.66,377.5,9.84,12,L1_S25|L2_S35|L3_S45,train,0,0.076127,False
1429,1077.34,1078.5,1.16,19,L3_S27|L0_S37|L3_S47,train,0,0.01401,False
1432,1283.31,1299.23,15.92,14,L1_S21|L2_S31|L3_S41,train,0,0.25039,False
1435,1661.97,1674.92,12.95,20,L3_S31|L0_S41|L3_S51,train,0,0.130759,False
1438,1544.78,1553.12,8.34,11,L0_S24|L1_S34|L3_S44,train,0,0.292279,False
1441,1621.47,1621.57,0.1,20,L3_S23|L0_S33|L3_S43,train,0,0.168863,False
1444,1192.81,1201.52,8.71,21,L2_S30|L3_S40|L3_S50,train,0,0.763562,True
1447,502.81,516.21,13.4,17,L1_S21|L2_S31|L3_S41,train,0,0.19796,False
1450,1573.1,1573.2,0.1,11,L0_S20|L1_S30|L3_S40,train,0,0.840093,True
1453,162.38,181.79,19.41,11,L3_S31|L0_S41|L3_S51,train,0,0.636387,False
1456,1298.68,1308.87,10.19,15,L3_S23|L0_S33|L3_S43,train,0,0.35855,False
1459,632.08,648.91,16.83,17,L2_S26|L3_S36|L3_S46,train,0,0.051874,False
1462,685.41,697.22,11.81,18,L2_S30|L3_S40|L3_S50,train,0,0.267028,False
1465,684.65,690.9,6.25,11,L2_S30|L3_S40|L3_S50,train,0,0.007582,False
1468,369.24,381.59,12.35,15,L2_S30|L3_S40|L3_S50,train,0,0.609042,False
1471,1128.49,1141.91,13.42,10,L3_S27|L0_S37|L3_S47,train,0,0.258969,False
1474,1602.29,1609.83,7.54,17,L3_S31|L0_S41|L3_S51,train,0,0.019945,False
1477,676.84,681.84,5,13,L1_S29|L2_S39|L3_S49,train,0,0.467586,False
1480,1225.44,1231.45,6.01,20,L2_S22|L3_S32|L3_S42,train,0,0.380719,False
1483,664.21,683.9,19.69,18,L1_S25|L2_S35|L3_S45,train,0,0.528853,False
1486,966.74,986.79,20.05,21,L1_S29|L2_S39|L3_S49,train,0,0.96629,True
1489,540.94,556.56,15.62,9,L2_S30|L3_S40|L3_S50,train,0,0.112622,False
1492,1295.12,1307.19,12.07,13,L1_S29|L2_S39|L3_S49,train,0,0.21591,False
1495,805.01,811.08,6.07,9,L2_S22|L3_S32|L3_S42,train,0,0.829722,True
1498,458.61,471.31,12.7,12,L0_S24|L1_S34|L3_S44,train,0,0.03131,False
1501,1682.22,1700.58,18.36,18,L0_S28|L1_S38|L3_S48,train,0,0.834249,True
1504,488.88,506.4,17.52,21,L3_S23|L0_S33|L3_S43,train,1,0.7623,True
1507,244.71,260.44,15.73,17,L2_S30|L3_S40|L3_S50,train,0,0.336787,False
1510,1251.43,1263.37,11.94,8,L2_S26|L3_S36|L3_S46,train,1,0.979539,True
1513,1309.87,1331.68,21.81,16,L0_S28|L1_S38|L3_S48,train,0,0.004911,False
1516,910.24,933.95,23.71,21,L1_S25|L2_S35|L3_S45,train,0,0.65482,False
1519,35.31,55.11,19.8,14,L2_S22|L3_S32|L3_S42,train,0,0.166924,False
1522,22.97,23.07,0.1,19,L3_S27|L0_S37|L3_S47,train,0,0.167593,False
1525,199.05,206.97,7.92,11,L0_S20|L1_S30|L3_S40,train,0,0.071761,False
1528,313.01,320.07,7.06,14,L2_S30|L3_S40|L3_S50,train,0,0.543545,False
1531,521.47,530.22,8.75,8,L3_S31|L0_S41|L3_S51,train,0,0.459782,False
1534,340.2,350.6,10.4,18,L2_S30|L3_S40|L3_S50,train,0,0.00515,False
1537,1065.76,1084.75,18.99,21,L0_S20|L1_S30|L3_S40,train,1,0.82695,True
1540,304.29,320.47,16.18,16,L1_S21|L2_S31|L3_S41,train,0,0.568596,False
1543,18.63,37.67,19.04,9,L2_S22|L3_S32|L3_S42,train,0,0.002312,False
1546,1593.93,1608.13,14.2,11,L0_S20|L1_S30|L3_S40,train,0,0.667895,False
1549,186.53,194.59,8.06,15,L2_S30|L3_S40|L3_S50,train,1,0.891607,True
1552,433.05,438.77,5.72,17,L3_S23|L0_S33|L3_S43,train,0,0.017724,False
1555,221.18,234.75,13.57,14,L0_S20|L1_S30|L3_S40,train,0,0.000344,False
1558,354.68,372.12,17.44,8,L0_S24|L1_S34|L3_S44,train,0,0.343233,False
1561,14.31,25.76,11.45,21,L3_S27|L0_S37|L3_S47,train,0,0.494273,False
1564,407.61,422.82,15.21,8,L3_S31|L0_S41|L3_S51,train,0,0.899246,True
1567,239.27,249.15,9.88,12,L0_S24|L1_S34|L3_S44,train,1,0.900934,True
1570,809.04,822.32,13.28,11,L0_S24|L1_S34|L3_S44,train,0,0.017884,False
1573,587.44,595.91,8.47,14,L0_S24|L1_S34|L3_S44,train,0,0.724198,False
1576,267.36,277.3,9.94,19,L1_S25|L2_S35|L3_S45,train,0,0.246535,False
1579,16.96,25.07,8.11,18,L1_S21|L2_S31|L3_S41,train,0,0.34116,False
1582,344.46,346.77,2.31,15,L3_S27|L0_S37|L3_S47,train,0,0.001027,False
1585,1481.49,1504.58,23.09,9,L2_S22|L3_S32|L3_S42,train,0,0.541619,False
1588,855.46,864.57,9.11,21,L3_S23|L0_S33|L3_S43,train,0,0.108492,False
1591,607.69,607.79,0.1,17,L2_S22|L3_S32|L3_S42,train,0,0.506799,False
1594,1591.81,1603.42,11.61,15,L0_S28|L1_S38|L3_S48,train,0,0.303346,False
1597,666.42,671.34,4.92,21,L1_S25|L2_S35|L3_S45,train,0,0.076846,False
1600,378.21,391.81,13.6,16,L1_S21|L2_S31|L3_S41,train,0,0.009494,False
1603,1451.7,1470.52,18.82,10,L2_S30|L3_S40|L3_S50,train,0,0.151409,False
1606,521.93,527.18,5.25,17,L0_S24|L1_S34|L3_S44,train,0,0.529136,False
1609,1582.36,1587.74,5.38,16,L3_S31|L0_S41|L3_S51,train,0,0.054469,False
1612,1426.84,1438.59,11.75,12,L1_S25|L2_S35|L3_S45,train,0,0.002701,False
1615,1317.02,1338.87,21.85,20,L2_S22|L3_S32|L3_S42,train,0,0.632207,False
1618,200.52,213.06,12.54,8,L0_S24|L1_S34|L3_S44,train,0,0.434617,False
1621,1210.58,1224.61,14.03,17,L3_S27|L0_S37|L3_S47,train,0,0.132513,False
1624,1584.58,1599.71,15.13,8,L2_S30|L3_S40|L3_S50,train,0,0.411418,False
1627,50.08,59.88,9.8,15,L3_S31|L0_S41|L3_S51,train,0,0.172421,False
1630,1149.84,1149.94,0.1,19,L1_S21|L2_S31|L3_S41,train,0,0.076471,False
1633,765.76,770.51,4.75,19,L3_S27|L0_S37|L3_S47,train,0,0.000391,False
1636,1304.64,1311.55,6.91,9,L1_S29|L2_S39|L3_S49,train,0,0.001094,False
1639,1174.96,1194.31,19.35,9,L0_S28|L1_S38|L3_S48,train,0,0.359827,False
1642,820.57,827.64,7.07,14,L1_S21|L2_S31|L3_S41,train,0,0.63215,False
1645,1628.49,1642.71,14.22,14,L3_S31|L0_S41|L3_S51,train,0,0.317776,False
1648,1352.83,1366.49,13.66,15,L2_S30|L3_S40|L3_S50,train,0,0.100859,False
1651,882.81,882.91,0.1,9,L3_S31|L0_S41|L3_S51,train,0,0.279337,False
1654,219.74,229.37,9.63,17,L1_S21|L2_S31|L3_S41,train,0,0.064948,False
1657,758.2,765.71,7.51,8,L2_S30|L3_S40|L3_S50,train,0,0.415082,False
1660,825.12,825.55,0.43,15,L0_S20|L1_S30|L3_S40,train,0,0.894834,True
1663,271.37,281.16,9.79,21,L1_S21|L2_S31|L3_S41,train,0,0.076256,False
1666,236.72,236.82,0.1,15,L3_S23|L0_S33|L3_S43,train,0,0.589236,False
1669,879.84,888.77,8.93,12,L3_S31|L0_S41|L3_S51,train,0,0.683735,False
1672,240.48,243.49,3.01,20,L0_S20|L1_S30|L3_S40,train,0,0.046856,False
1675,500.41,517.62,17.21,12,L1_S25|L2_S35|L3_S45,train,0,0.004574,False
1678,415.85,423.52,7.67,20,L3_S23|L0_S33|L3_S43,train,0,0.639412,False
1681,974.96,1004.48,29.52,21,L0_S24|L1_S34|L3_S44,train,0,0.295694,False
1684,146.61,152.3,5.69,18,L2_S26|L3_S36|L3_S46,train,0,0.053057,False
1687,827.39,836.31,8.92,9,L2_S22|L3_S32|L3_S42,train,0,0.586918,False
1690,1079.96,1083.85,3.89,15,L2_S26|L3_S36|L3_S46,train,0,0.099053,False
1693,676.98,695.35,18.37,16,L1_S29|L2_S39|L3_S49,train,0,0.178196,False
1696,1685.8,1692.69,6.89,12,L3_S31|L0_S41|L3_S51,train,0,0.160562,False
1699,426.85,437.13,10.28,18,L3_S31|L0_S41|L3_S51,train,0,0.14453,False
1702,670.74,684.27,13.53,8,L2_S30|L3_S40|L3_S50,train,1,0.837689,True
1705,896.64,909.66,13.02,8,L0_S28|L1_S38|L3_S48,train,0,0.001627,False
1708,126.77,137.62,10.85,16,L1_S29|L2_S39|L3_S49,train,0,0.071006,False
1711,1106.33,1116.79,10.46,10,L1_S21|L2_S31|L3_S41,train,0,0.89776,True
1714,813.31,825.37,12.06,19,L1_S21|L2_S31|L3_S41,train,0,0.002,False
1717,1467.38,1483.33,15.95,20,L3_S31|L0_S41|L3_S51,train,0,0.440518,False
1720,873.36,880.11,6.75,12,L2_S26|L3_S36|L3_S46,train,0,0.371794,False
1723,1242.18,1247.31,5.13,13,L1_S25|L2_S35|L3_S45,train,0,0.047117,False
1726,947.97,957.81,9.84,20,L2_S30|L3_S40|L3_S50,train,0,0.378955,False
1729,685.51,685.61,0.1,16,L2_S30|L3_S40|L3_S50,train,0,0.023025,False
1732,1320.61,1321.16,0.55,11,L0_S24|L1_S34|L3_S44,train,1,0.745363,True
1735,400.52,407.53,7.01,9,L1_S29|L2_S39|L3_S49,train,0,0.489619,False
1738,1119.65,1125.47,5.82,14,L2_S22|L3_S32|L3_S42,train,0,0.084646,False
1741,1419.65,1430.3,10.65,10,L0_S28|L1_S38|L3_S48,train,0,0.110439,False
1744,202.8,209.47,6.67,15,L2_S30|L3_S40|L3_S50,train,0,0.393058,False
1747,293.05,303.54,10.49,18,L1_S21|L2_S31|L3_S41,train,0,0.948835,True
1750,1151.13,1174.53,23.4,10,L3_S27|L0_S37|L3_S47,train,0,0.047331,False
1753,50.43,53.9,3.47,14,L2_S30|L3_S40|L3_S50,train,0,0.491891,False
1756,493.09,506.88,13.79,17,L2_S26|L3_S36|L3_S46,train,0,0.651068,False
1759,845.87,852.72,6.85,13,L0_S24|L1_S34|L3_S44,train,0,0.024234,False
1762,1681.17,1691.12,9.95,8,L1_S21|L2_S31|L3_S41,train,0,0.000764,False
1765,1271.93,1284.53,12.6,10,L2_S30|L3_S40|L3_S50,train,0,0.07705,False
1768,1236.27,1260.43,24.16,18,L2_S26|L3_S36|L3_S46,train,0,0.256908,False
1771,1561.54,1577.82,16.28,9,L3_S23|L0_S33|L3_S43,train,0,0.077955,False
1774,133.86,133.96,0.1,12,L2_S26|L3_S36|L3_S46,train,0,0.083507,False
1777,285.76,294.61,8.85,20,L3_S27|L0_S37|L3_S47,train,0,0.430641,False
1780,1280.08,1293.5,13.42,18,L2_S22|L3_S32|L3_S42,train,0,0.804376,True
1783,826.62,845.35,18.73,12,L2_S26|L3_S36|L3_S46,train,0,0.079264,False
1786,1101.63,1117.49,15.86,13,L3_S23|L0_S33|L3_S43,train,0,0.326355,False
1789,1596.12,1606.35,10.23,9,L1_S21|L2_S31|L3_S41,train,0,0.340763,False
1792,89.2,106.64,17.44,9,L0_S24|L1_S34|L3_S44,train,0,0.101375,False
1795,564.12,574.57,10.45,9,L1_S21|L2_S31|L3_S41,train,0,0.152256,False
1798,834.94,844.09,9.15,10,L0_S24|L1_S34|L3_S44,train,0,0.143811,False
1801,163.82,170.27,6.45,16,L1_S21|L2_S31|L3_S41,train,0,0.044278,False
1804,1562.89,1566.68,3.79,18,L3_S23|L0_S33|L3_S43,train,0,0.709404,False
1807,63.99,85.14,21.15,12,L2_S22|L3_S32|L3_S42,train,0,0.003887,False
1810,519.48,531.61,12.13,12,L0_S28|L1_S38|L3_S48,train,0,0.164292,False
1813,1118.79,1130.44,11.65,11,L0_S28|L1_S38|L3_S48,train,0,0.714971,False
1816,792.4,792.5,0.1,9,L0_S28|L1_S38|L3_S48,train,0,0.0668,False
1819,929.86,931.86,2,8,L3_S23|L0_S33|L3_S43,train,0,0.021577,False
1822,849.85,849.95,0.1,16,L1_S29|L2_S39|L3_S49,train,0,0.018771,False
1825,1114.57,1114.67,0.1,8,L0_S24|L1_S34|L3_S44,train,0,0.131821,False
1828,1492.97,1508.96,15.99,15,L3_S27|L0_S37|L3_S47,train,0,0.526308,False
1831,297.3,310.73,13.43,20,L2_S26|L3_S36|L3_S46,train,0,0.000325,False
1834,1239.81,1248.14,8.33,8,L2_S22|L3_S32|L3_S42,train,0,0.017732,False
1837,717.06,725.84,8.78,20,L2_S22|L3_S32|L3_S42,train,0,0.00053,False
1840,1526.86,1538.07,11.21,20,L2_S30|L3_S40|L3_S50,train,0,0.122925,False
1843,806.63,815.34,8.71,8,L1_S21|L2_S31|L3_S41,train,0,0.242362,False
1846,1576.66,1593,16.34,16,L1_S21|L2_S31|L3_S41,train,0,0.015244,False
1849,753.02,759.98,6.96,8,L3_S31|L0_S41|L3_S51,train,0,0.185796,False
1852,1626.19,1637.74,11.55,8,L1_S21|L2_S31|L3_S41,train,0,0.002942,False
1855,498.97,506.05,7.08,17,L2_S30|L3_S40|L3_S50,train,0,0.15269,False
1858,1367.91,1379.92,12.01,17,L2_S22|L3_S32|L3_S42,train,0,0.871762,True
1861,81.28,96.57,15.29,8,L1_S25|L2_S35|L3_S45,train,0,0.42492,False
1864,1273.47,1292.23,18.76,16,L2_S26|L3_S36|L3_S46,train,1,0.794151,True
1867,5.17,13.39,8.22,18,L0_S28|L1_S38|L3_S48,train,0,0.036756,False
1870,1680.49,1686.08,5.59,11,L3_S23|L0_S33|L3_S43,train,0,0.607341,False
1873,1183.05,1204.76,21.71,9,L3_S23|L0_S33|L3_S43,train,0,0.210423,False
1876,512.65,512.75,0.1,11,L2_S22|L3_S32|L3_S42,train,0,0.032527,False
1879,104.33,111.83,7.5,11,L2_S26|L3_S36|L3_S46,train,0,0.487884,False
1882,72.41,73.46,1.05,15,L1_S29|L2_S39|L3_S49,train,0,0.837535,True
1885,1534.96,1538.73,3.77,21,L1_S21|L2_S31|L3_S41,train,1,0.891951,True
1888,1458.37,1467.29,8.92,12,L2_S26|L3_S36|L3_S46,train,0,0.114321,False
1891,796.07,813.33,17.26,14,L3_S27|L0_S37|L3_S47,train,0,0.030028,False
1894,231.83,240.01,8.18,10,L0_S24|L1_S34|L3_S44,train,0,0.207568,False
1897,400.14,418.57,18.43,9,L3_S23|L0_S33|L3_S43,train,0,0.001199,False
1900,601.46,604.13,2.67,19,L3_S27|L0_S37|L3_S47,train,0,0.0034,False
1903,1527.39,1539.53,12.14,15,L1_S29|L2_S39|L3_S49,train,0,0.053145,False
1906,622.52,631.06,8.54,10,L2_S26|L3_S36|L3_S46,train,0,0.005036,False
1909,713.29,726.75,13.46,20,L0_S20|L1_S30|L3_S40,train,0,0.129646,False
1912,36.72,44.9,8.18,15,L0_S20|L1_S30|L3_S40,train,0,0.606236,False
1915,334.2,344.34,10.14,9,L3_S23|L0_S33|L3_S43,train,0,0.054704,False
1918,1078.26,1086.76,8.5,21,L0_S24|L1_S34|L3_S44,train,0,0.112278,False
1921,432.25,449.77,17.52,14,L1_S21|L2_S31|L3_S41,train,0,0.002682,False
1924,734.67,743.14,8.47,9,L0_S28|L1_S38|L3_S48,train,0,0.732137,True
1927,490.46,498.43,7.97,18,L2_S30|L3_S40|L3_S50,train,0,0.049857,False
1930,249.66,259.5,9.84,10,L1_S21|L2_S31|L3_S41,train,0,0.281471,False
1933,653.1,664.22,11.12,17,L1_S29|L2_S39|L3_S49,train,0,0.032053,False
1936,1331.78,1350.77,18.99,13,L3_S23|L0_S33|L3_S43,train,0,0.000716,False
1939,393.86,403.54,9.68,13,L2_S30|L3_S40|L3_S50,train,0,0.056264,False
1942,146.54,155.07,8.53,11,L1_S25|L2_S35|L3_S45,train,0,0.144745,False
1945,677.61,677.71,0.1,21,L1_S25|L2_S35|L3_S45,train,0,0.076215,False
1948,1117.72,1126.11,8.39,19,L2_S26|L3_S36|L3_S46,train,0,0.477078,False
1951,1288.03,1302.2,14.17,8,L2_S26|L3_S36|L3_S46,train,0,0.523042,False
1954,1082.66,1090.96,8.3,19,L3_S31|L0_S41|L3_S51,train,0,0.577982,False
1957,1675.75,1679.62,3.87,9,L2_S26|L3_S36|L3_S46,train,0,0.600847,False
1960,869.1,876.92,7.82,9,L2_S30|L3_S40|L3_S50,train,0,0.208044,False
1963,1592.2,1593.8,1.6,16,L1_S21|L2_S31|L3_S41,train,0,0.000572,False
1966,701.22,717.29,16.07,10,L3_S31|L0_S41|L3_S51,train,0,0.722562,False
1969,1627.59,1641.12,13.53,17,L0_S24|L1_S34|L3_S44,train,0,0.735125,True
1972,770.82,780.45,9.63,11,L1_S25|L2_S35|L3_S45,train,0,0.125974,False
1975,451.6,455.63,4.03,13,L0_S20|L1_S30|L3_S40,train,0,0.002071,False
1978,761.07,775,13.93,10,L0_S28|L1_S38|L3_S48,train,0,0.272123,False
1981,430.88,446.95,16.07,20,L3_S31|L0_S41|L3_S51,train,0,0.089568,False
1984,640.72,640.82,0.1,18,L3_S31|L0_S41|L3_S51,train,0,0.162356,False
1987,42.28,46.19,3.91,8,L1_S25|L2_S35|L3_S45,train,0,0.792721,True
1990,909.91,922.39,12.48,15,L1_S25|L2_S35|L3_S45,train,0,0.000268,False
1993,1338.16,1345.02,6.86,19,L2_S22|L3_S32|L3_S42,train,0,0.102559,False
1996,903.42,903.52,0.1,20,L0_S28|L1_S38|L3_S48,train,0,0.273688,False
1999,256.91,272.17,15.26,15,L1_S29|L2_S39|L3_S49,train,0,0.000782,False
2002,595.48,614.86,19.38,21,L1_S25|L2_S35|L3_S45,train,1,0.92672,True
2005,587.83,609.42,21.59,9,L1_S29|L2_S39|L3_S49,train,0,0.349461,False
2008,1684.95,1692.22,7.27,19,L2_S22|L3_S32|L3_S42,train,0,0.167003,False
2011,1564.19,1573.6,9.41,14,L0_S28|L1_S38|L3_S48,train,0,0.001684,False
2014,1635.96,1647.03,11.07,18,L3_S23|L0_S33|L3_S43,train,0,0.044959,False
2017,1450.83,1463.86,13.03,11,L2_S26|L3_S36|L3_S46,train,0,0.314834,False
2020,40.02,58.44,18.42,14,L2_S30|L3_S40|L3_S50,train,0,0.358672,False
2023,595.27,613.08,17.81,11,L0_S24|L1_S34|L3_S44,train,0,0.032389,False
2026,380.14,381.01,0.87,9,L3_S31|L0_S41|L3_S51,train,0,0.002708,False
2029,1597.4,1599.64,2.24,19,L3_S31|L0_S41|L3_S51,train,0,0.230188,False
2032,912.8,930.41,17.61,15,L2_S26|L3_S36|L3_S46,train,0,0.248584,False
2035,698.01,699.74,1.73,10,L3_S23|L0_S33|L3_S43,train,0,0.561964,False
2038,369.84,381.61,11.77,9,L2_S22|L3_S32|L3_S42,train,1,0.81549,True
2041,47.03,62.96,15.93,14,L3_S31|L0_S41|L3_S51,train,0,0.000134,False
2044,666.56,673.68,7.12,10,L1_S29|L2_S39|L3_S49,train,0,0.773943,True
2047,1056.63,1066.13,9.5,15,L0_S20|L1_S30|L3_S40,train,0,0.064995,False
2050,1223.06,1236.64,13.58,16,L3_S23|L0_S33|L3_S43,train,1,0.952794,True
2053,1286.84,1303.12,16.28,13,L1_S25|L2_S35|L3_S45,train,0,0.377307,False
2056,1040.23,1057.81,17.58,21,L2_S26|L3_S36|L3_S46,train,0,0.658344,False
2059,297.69,310.93,13.24,10,L1_S25|L2_S35|L3_S45,train,0,0.01625,False
2062,1545.61,1546.53,0.92,14,L0_S24|L1_S34|L3_S44,train,0,0.299132,False
2065,112.12,133.5,21.38,17,L2_S30|L3_S40|L3_S50,train,0,0.002241,False
2068,1377.41,1382.96,5.55,21,L0_S28|L1_S38|L3_S48,train,0,0.10588,False
2071,1454.12,1465.26,11.14,8,L2_S30|L3_S40|L3_S50,train,0,0.000005,False
2074,853.8,861.61,7.81,17,L3_S31|L0_S41|L3_S51,train,0,0.22577,False
2077,1380.14,1382.91,2.77,18,L3_S23|L0_S33|L3_S43,train,0,0.027115,False
2080,281.2,285.83,4.63,8,L1_S29|L2_S39|L3_S49,train,0,0.144758,False
2083,105.84,115.29,9.45,19,L1_S29|L2_S39|L3_S49,train,0,0.545633,False
2086,349.52,358.82,9.3,21,L2_S30|L3_S40|L3_S50,train,0,0.324515,False
2089,996.68,1008.81,12.13,15,L0_S20|L1_S30|L3_S40,train,0,0.028509,False
2092,608.9,623.78,14.88,12,L2_S30|L3_S40|L3_S50,train,0,0.066106,False
2095,973.06,985.43,12.37,12,L1_S29|L2_S39|L3_S49,train,1,0.950856,True
2098,1117.29,1131.62,14.33,12,L1_S25|L2_S35|L3_S45,train,0,0.778592,True
2101,243.56,255.91,12.35,17,L2_S22|L3_S32|L3_S42,train,0,0.304373,False
2104,377.89,393.1,15.21,19,L0_S24|L1_S34|L3_S44,train,1,0.928345,True
2107,1410.85,1411.95,1.1,20,L2_S30|L3_S40|L3_S50,train,0,0.086471,False
2110,318.3,331.54,13.24,14,L1_S29|L2_S39|L3_S49,train,0,0.417779,False
2113,1156.98,1160.06,3.08,19,L0_S24|L1_S34|L3_S44,train,0,0.876131,True
2116,596.66,608.48,11.82,17,L2_S22|L3_S32|L3_S42,train,0,0.447327,False
2119,761.24,763,1.76,14,L1_S21|L2_S31|L3_S41,train,0,0.157476,False
2122,1315.49,1327.06,11.57,18,L3_S31|L0_S41|L3_S51,train,0,0.717354,False
2125,1399.86,1412.1,12.24,17,L3_S27|L0_S37|L3_S47,train,0,0.163524,False
2128,1219.21,1224.55,5.34,8,L3_S31|L0_S41|L3_S51,train,1,0.880952,True
2131,1113.05,1124.75,11.7,13,L0_S28|L1_S38|L3_S48,train,0,0.128333,False
2134,649.42,650.31,0.89,13,L1_S21|L2_S31|L3_S41,train,0,0.013433,False
2137,549.38,553.78,4.4,18,L1_S25|L2_S35|L3_S45,train,0,0.395455,False
2140,1063.81,1081.42,17.61,13,L0_S20|L1_S30|L3_S40,train,0,0.149319,False
2143,1061.6,1067.31,5.71,15,L1_S21|L2_S31|L3_S41,train,0,0.163856,False
2146,292.46,303.65,11.19,18,L3_S27|L0_S37|L3_S47,train,0,0.029156,False
2149,832.5,847.12,14.62,15,L3_S23|L0_S33|L3_S43,train,0,0.161179,False
2152,887.26,901.6,14.34,8,L2_S22|L3_S32|L3_S42,train,0,0.404121,False
2155,1321.17,1328.65,7.48,11,L3_S31|L0_S41|L3_S51,train,0,0.269271,False
2158,975.93,997.37,21.44,14,L3_S23|L0_S33|L3_S43,train,0,0.861257,True
2161,1123.61,1128.43,4.82,13,L2_S26|L3_S36|L3_S46,train,0,0.249176,False
2164,771.67,785.11,13.44,15,L0_S24|L1_S34|L3_S44,train,0,0.996371,True
2167,1637.72,1645.19,7.47,15,L0_S20|L1_S30|L3_S40,train,0,0.001449,False
2170,564.77,577.56,12.79,19,L3_S27|L0_S37|L3_S47,train,0,0.508033,False
2173,1205.76,1225.04,19.28,14,L2_S26|L3_S36|L3_S46,train,0,0.905131,True
2176,1288.28,1296,7.72,21,L2_S26|L3_S36|L3_S46,train,0,0.59204,False
2179,275.13,284.01,8.88,10,L3_S27|L0_S37|L3_S47,train,0,0.47547,False
2182,759.41,777.6,18.19,21,L2_S26|L3_S36|L3_S46,train,0,0.492791,False
2185,41.13,54.41,13.28,12,L0_S20|L1_S30|L3_S40,train,0,0.707944,False
2188,50.75,71.87,21.12,14,L1_S29|L2_S39|L3_S49,train,0,0.018521,False
2191,1626.12,1626.67,0.55,14,L2_S22|L3_S32|L3_S42,train,0,0.082834,False
2194,249.07,262.36,13.29,12,L1_S25|L2_S35|L3_S45,train,0,0.892619,True
2197,1319.82,1328.07,8.25,16,L2_S22|L3_S32|L3_S42,train,0,0.000855,False
2200,1584.72,1593.72,9,18,L2_S22|L3_S32|L3_S42,train,0,0.307943,False
2203,898.58,907.13,8.55,17,L0_S28|L1_S38|L3_S48,train,0,0.043135,False
2206,411.12,420.67,9.55,14,L3_S31|L0_S41|L3_S51,train,0,0.439919,False
2209,1326.15,1336.5,10.35,12,L1_S25|L2_S35|L3_S45,train,0,0.407949,False
2212,1446.14,1456.29,10.15,21,L0_S20|L1_S30|L3_S40,train,0,0.373644,False
2215,1400.84,1406.94,6.1,8,L2_S30|L3_S40|L3_S50,train,0,0.000382,False
2218,1323.36,1341.65,18.29,15,L1_S29|L2_S39|L3_S49,train,0,0.520043,False
2221,1342.84,1352.35,9.51,18,L1_S21|L2_S31|L3_S41,train,0,0.149123,False
2224,327.85,333.24,5.39,14,L2_S22|L3_S32|L3_S42,train,0,0.571893,False
2227,1648.3,1662.55,14.25,14,L1_S25|L2_S35|L3_S45,train,0,0.088488,False
2230,298.13,308.8,10.67,21,L2_S22|L3_S32|L3_S42,train,0,0.134822,False
2233,1601.65,1607.43,5.78,14,L3_S23|L0_S33|L3_S43,train,0,0.487756,False
2236,378.42,386.03,7.61,10,L1_S29|L2_S39|L3_S49,train,0,0.382723,False
2239,178.81,190.44,11.63,12,L1_S29|L2_S39|L3_S49,train,0,0.057111,False
2242,454.03,463.86,9.83,12,L2_S22|L3_S32|L3_S42,train,0,0.630338,False
2245,292.28,304.03,11.75,11,L0_S20|L1_S30|L3_S40,train,0,0.607886,False
2248,618.16,635.79,17.63,14,L3_S31|L0_S41|L3_S51,train,0,0.003176,False
2251,1328.45,1348.66,20.21,17,L3_S31|L0_S41|L3_S51,train,0,0.000005,False
2254,830.43,844.01,13.58,19,L0_S24|L1_S34|L3_S44,train,0,0.098127,False
2257,1630.05,1643.63,13.58,17,L2_S30|L3_S40|L3_S50,train,0,0.09685,False
2260,840.1,853.17,13.07,20,L3_S23|L0_S33|L3_S43,train,0,0.456482,False
2263,695.37,711.69,16.32,16,L1_S29|L2_S39|L3_S49,train,0,0.403936,False
2266,348.03,359.7,11.67,12,L2_S22|L3_S32|L3_S42,train,0,0.008275,False
2269,531.39,544.6,13.21,21,L3_S23|L0_S33|L3_S43,train,0,0.265743,False
2272,1349.89,1355.86,5.97,12,L1_S25|L2_S35|L3_S45,train,0,0.00234,False
2275,491.08,504.62,13.54,19,L3_S31|L0_S41|L3_S51,train,0,0.535282,False
2278,475.33,495.76,20.43,14,L0_S28|L1_S38|L3_S48,train,0,0.985764,True
2281,424.03,440.25,16.22,8,L2_S30|L3_S40|L3_S50,train,0,0.236405,False
2284,1441.92,1447.79,5.87,19,L1_S29|L2_S39|L3_S49,train,0,0.06639,False
2287,1660.48,1679.56,19.08,8,L3_S23|L0_S33|L3_S43,train,0,0.575222,False
2290,332.05,337.74,5.69,20,L0_S28|L1_S38|L3_S48,train,0,0.00166,False
2293,1359.95,1365.9,5.95,20,L3_S23|L0_S33|L3_S43,train,0,0.733017,True
2296,954.65,962.62,7.97,18,L1_S29|L2_S39|L3_S49,train,0,0.077686,False
2299,1206,1224.7,18.7,11,L2_S26|L3_S36|L3_S46,train,0,0.046302,False
2302,1565.58,1574.14,8.56,10,L1_S21|L2_S31|L3_S41,train,0,0.183429,False
2305,445.24,468.57,23.33,12,L0_S24|L1_S34|L3_S44,train,0,0.998507,True
2308,1125.95,1131.96,6.01,12,L1_S25|L2_S35|L3_S45,train,0,0.157842,False
2311,94.14,109.5,15.36,21,L0_S28|L1_S38|L3_S48,train,0,0.030448,False
2314,1607.93,1621.18,13.25,19,L2_S30|L3_S40|L3_S50,train,0,0.055098,False
2317,1223.56,1223.66,0.1,9,L0_S20|L1_S30|L3_S40,train,0,0.269046,False
2320,227.97,245.52,17.55,14,L0_S20|L1_S30|L3_S40,train,0,0.887813,True
2323,1200.13,1214.95,14.82,10,L1_S25|L2_S35|L3_S45,train,0,0.060101,False
2326,346.08,363.56,17.48,12,L2_S22|L3_S32|L3_S42,train,0,0.200741,False
2329,540.83,550.44,9.61,21,L0_S28|L1_S38|L3_S48,train,0,0.000472,False
2332,1015.14,1019.55,4.41,12,L0_S20|L1_S30|L3_S40,train,0,0.031172,False
2335,1293.54,1293.64,0.1,10,L0_S20|L1_S30|L3_S40,train,0,0.109454,False
2338,1289.57,1296.24,6.67,14,L1_S21|L2_S31|L3_S41,train,0,0.544257,False
2341,1572.37,1587.22,14.85,13,L1_S29|L2_S39|L3_S49,train,0,0.038528,False
2344,472.32,472.42,0.1,10,L0_S20|L1_S30|L3_S40,train,0,0.028335,False
2347,1279.57,1285.74,6.17,8,L0_S24|L1_S34|L3_S44,train,0,0.735986,True
2350,793.66,809.01,15.35,11,L1_S21|L2_S31|L3_S41,train,0,0.114391,False
2353,1577.77,1589.76,11.99,15,L2_S26|L3_S36|L3_S46,train,0,0.055157,False
2356,413.54,419.51,5.97,13,L1_S25|L2_S35|L3_S45,train,0,0.000118,False
2359,1533.25,1547.16,13.91,9,L1_S21|L2_S31|L3_S41,train,0,0.777134,True
2362,1053.42,1066.86,13.44,10,L1_S21|L2_S31|L3_S41,train,0,0.190615,False
2365,1049.32,1070.43,21.11,17,L0_S20|L1_S30|L3_S40,train,0,0.951292,True
2368,717.93,733.9,15.97,18,L1_S29|L2_S39|L3_S49,train,0,0.227567,False
2371,1087.44,1096.22,8.78,15,L0_S28|L1_S38|L3_S48,train,0,0.631657,False
2374,1394.49,1410.92,16.43,14,L1_S29|L2_S39|L3_S49,train,0,0.125082,False
2377,710.16,723.62,13.46,10,L2_S22|L3_S32|L3_S42,train,0,0.15118,False
2380,1699.06,1722.42,23.36,18,L0_S24|L1_S34|L3_S44,train,0,0.219959,False
2383,266.81,291.3,24.49,21,L2_S22|L3_S32|L3_S42,train,0,0.197145,False
2386,1180.59,1187.01,6.42,10,L1_S21|L2_S31|L3_S41,train,0,0.153541,False
2389,413.35,425.4,12.05,19,L3_S27|L0_S37|L3_S47,train,0,0.098088,False
2392,1360.53,1370.19,9.66,16,L1_S25|L2_S35|L3_S45,train,0,0.000951,False
2395,139.72,141.65,1.93,21,L0_S24|L1_S34|L3_S44,train,0,0.441806,False
2398,1511.15,1516.33,5.18,10,L3_S31|L0_S41|L3_S51,train,0,0.551085,False
2401,1236.73,1247.89,11.16,10,L2_S30|L3_S40|L3_S50,train,0,0.428748,False
2404,1180.39,1184.83,4.44,12,L1_S21|L2_S31|L3_S41,train,0,0.393717,False
2407,1424.42,1430.68,6.26,11,L3_S31|L0_S41|L3_S51,train,0,0.357756,False
2410,822.28,833.89,11.61,8,L2_S30|L3_S40|L3_S50,train,0,0.01214,False
2413,588.32,599.68,11.36,12,L1_S25|L2_S35|L3_S45,train,0,0.216254,False
2416,1665.59,1666.75,1.16,16,L2_S26|L3_S36|L3_S46,train,0,0.960673,True
2419,300.17,319.05,18.88,14,L2_S26|L3_S36|L3_S46,train,0,0.8104,True
2422,1298.35,1315.49,17.14,15,L0_S24|L1_S34|L3_S44,train,0,0.081401,False
2425,401.9,411.04,9.14,21,L3_S23|L0_S33|L3_S43,train,1,0.950598,True
2428,1262.36,1266.49,4.13,15,L3_S31|L0_S41|L3_S51,train,0,0.212275,False
2431,1175.58,1178.4,2.82,11,L0_S28|L1_S38|L3_S48,train,0,0.856086,True
2434,4.27,10.31,6.04,18,L2_S26|L3_S36|L3_S46,train,0,0.000118,False
2437,561.48,565.93,4.45,20,L1_S25|L2_S35|L3_S45,train,1,0.808336,True
2440,1272.35,1273.44,1.09,8,L1_S21|L2_S31|L3_S41,train,0,0.047398,False
2443,966.21,970.41,4.2,20,L2_S30|L3_S40|L3_S50,train,0,0.020164,False
2446,1014.19,1024.7,10.51,17,L3_S23|L0_S33|L3_S43,train,0,0.343987,False
2449,862.27,871.15,8.88,21,L1_S21|L2_S31|L3_S41,train,0,0.109148,False
2452,411.7,425.53,13.83,12,L1_S25|L2_S35|L3_S45,train,0,0.013487,False
2455,1666.63,1668.27,1.64,14,L1_S21|L2_S31|L3_S41,train,0,0.114291,False
2458,1131.37,1141.41,10.04,19,L2_S22|L3_S32|L3_S42,train,0,0.023868,False
2461,1182.68,1187.32,4.64,20,L2_S26|L3_S36|L3_S46,train,0,0.371344,False
2464,1093.67,1107.01,13.34,18,L1_S29|L2_S39|L3_S49,train,0,0.546338,False
2467,1390.44,1410.45,20.01,13,L0_S24|L1_S34|L3_S44,train,0,0.180706,False
2470,100.61,119.35,18.74,18,L2_S22|L3_S32|L3_S42,train,0,0.257845,False
2473,1537.59,1551.79,14.2,8,L0_S24|L1_S34|L3_S44,train,0,0.139803,False
2476,381.77,400.04,18.27,10,L3_S27|L0_S37|L3_S47,train,0,0.26101,False
2479,1488.99,1498.27,9.28,17,L1_S21|L2_S31|L3_S41,train,0,0.101777,False
2482,667.47,678.92,11.45,9,L2_S30|L3_S40|L3_S50,train,0,0.01499,False
2485,1297.91,1298.01,0.1,8,L1_S29|L2_S39|L3_S49,train,0,0.040872,False
2488,1096.52,1106.9,10.38,11,L3_S31|L0_S41|L3_S51,train,0,0.26228,False
2491,50.23,56.64,6.41,9,L0_S20|L1_S30|L3_S40,train,0,0.70776,False
2494,1494.02,1503,8.98,19,L2_S26|L3_S36|L3_S46,train,0,0.123467,False
2497,218.42,232.81,14.39,11,L3_S31|L0_S41|L3_S51,train,0,0.003313,False
2500,1378.79,1384.14,5.35,17,L3_S31|L0_S41|L3_S51,train,0,0.115966,False
2503,1229.19,1241.27,12.08,11,L1_S21|L2_S31|L3_S41,train,0,0.314995,False
2506,815.22,819.02,3.8,13,L3_S27|L0_S37|L3_S47,train,0,0.852683,True
2509,28.88,32.04,3.16,18,L3_S31|L0_S41|L3_S51,train,0,0.461987,False
2512,106.48,118.43,11.95,20,L3_S23|L0_S33|L3_S43,train,0,0.198474,False
2515,1097.67,1113.28,15.61,14,L0_S28|L1_S38|L3_S48,train,0,0.000264,False
2518,1607.81,1615.12,7.31,21,L2_S22|L3_S32|L3_S42,train,0,0.453644,False
2521,238.85,244.98,6.13,20,L0_S24|L1_S34|L3_S44,train,0,0.000068,False
2524,33.57,56.52,22.95,18,L3_S23|L0_S33|L3_S43,train,0,0.000037,False
2527,1426.54,1460.19,33.65,10,L3_S23|L0_S33|L3_S43,train,0,0.481124,False
2530,1290.04,1300.3,10.26,11,L3_S23|L0_S33|L3_S43,train,0,0.00071,False
2533,383.74,400.3,16.56,14,L3_S23|L0_S33|L3_S43,train,0,0.018407,False
2536,51.42,60.5,9.08,10,L2_S26|L3_S36|L3_S46,train,0,0.086621,False
2539,139.89,159.15,19.26,8,L2_S30|L3_S40|L3_S50,train,0,0.842303,True
2542,214.56,216.86,2.3,12,L1_S25|L2_S35|L3_S45,train,0,0.103908,False
2545,667.92,671.49,3.57,12,L2_S30|L3_S40|L3_S50,train,0,0.081282,False
2548,1524.05,1535.44,11.39,21,L3_S23|L0_S33|L3_S43,train,0,0.000013,False
2551,1689.52,1696.72,7.2,9,L3_S31|L0_S41|L3_S51,train,0,0.047272,False
2554,1569.41,1574.88,5.47,14,L3_S23|L0_S33|L3_S43,train,0,0.138716,False
2557,635.2,641.4,6.2,15,L2_S26|L3_S36|L3_S46,train,0,0.733122,True
2560,1086.96,1098.72,11.76,14,L1_S21|L2_S31|L3_S41,train,1,0.945919,True
2563,405.79,419.3,13.51,19,L3_S31|L0_S41|L3_S51,train,0,0.100833,False
2566,1143.69,1155.86,12.17,8,L3_S23|L0_S33|L3_S43,train,0,0.003414,False
2569,1458.24,1475.04,16.8,11,L0_S24|L1_S34|L3_S44,train,0,0.000078,False
2572,388.37,402.4,14.03,17,L2_S22|L3_S32|L3_S42,train,0,0.074889,False
2575,990.92,991.02,0.1,20,L1_S29|L2_S39|L3_S49,train,0,0.001163,False
2578,864.75,876,11.25,8,L1_S21|L2_S31|L3_S41,train,0,0.880357,True
2581,1189.39,1194.57,5.18,11,L2_S22|L3_S32|L3_S42,train,0,0.029986,False
2584,746.47,766.72,20.25,20,L0_S24|L1_S34|L3_S44,train,0,0.211611,False
2587,1607.73,1612.49,4.76,8,L0_S24|L1_S34|L3_S44,train,0,0.359583,False
2590,102.36,119.2,16.84,18,L0_S28|L1_S38|L3_S48,train,0,0.942785,True
2593,1345.36,1358.09,12.73,20,L0_S20|L1_S30|L3_S40,train,1,0.755399,True
2596,1221.54,1231.36,9.82,11,L1_S21|L2_S31|L3_S41,train,0,0.016472,False
2599,1532.75,1539.7,6.95,11,L2_S26|L3_S36|L3_S46,train,0,0.001033,False
2602,1217.49,1222.97,5.48,16,L3_S23|L0_S33|L3_S43,train,0,0.043702,False
2605,1516.11,1523.31,7.2,18,L0_S28|L1_S38|L3_S48,train,0,0.075154,False
2608,1041.88,1058.3,16.42,10,L0_S24|L1_S34|L3_S44,train,0,0.266649,False
2611,91.94,105.24,13.3,14,L1_S29|L2_S39|L3_S49,train,0,0.547755,False
2614,26.23,33.17,6.94,8,L0_S28|L1_S38|L3_S48,train,0,0.050991,False
2617,1417.19,1434.33,17.14,17,L1_S21|L2_S31|L3_S41,train,0,0.000442,False
2620,1378.76,1378.86,0.1,21,L0_S28|L1_S38|L3_S48,train,1,0.976532,True
2623,692.1,699.03,6.93,10,L2_S26|L3_S36|L3_S46,train,0,0.772177,True
2626,16.22,18.8,2.58,16,L0_S20|L1_S30|L3_S40,train,0,0.06161,False
2629,1231.69,1237.5,5.81,17,L1_S21|L2_S31|L3_S41,train,0,0.302323,False
2632,431.54,435.41,3.87,13,L2_S22|L3_S32|L3_S42,train,0,0.00124,False
2635,47.94,54.16,6.22,21,L0_S28|L1_S38|L3_S48,train,0,0.885472,True
2638,1550.47,1558.28,7.81,20,L1_S21|L2_S31|L3_S41,train,0,0.135869,False
2641,235.77,249.2,13.43,9,L2_S22|L3_S32|L3_S42,train,0,0.072556,False
2644,1031.83,1034.27,2.44,19,L1_S29|L2_S39|L3_S49,train,0,0.092982,False
2647,571.92,572.92,1,8,L3_S31|L0_S41|L3_S51,train,0,0.001129,False
2650,1026.55,1054.12,27.57,20,L3_S31|L0_S41|L3_S51,train,0,0.27307,False
2653,579.56,585.64,6.08,12,L3_S23|L0_S33|L3_S43,train,0,0.470536,False
2656,621.33,631.35,10.02,11,L0_S28|L1_S38|L3_S48,train,0,0.953504,True
2659,1613.05,1622.42,9.37,9,L2_S22|L3_S32|L3_S42,train,0,0.079835,False
2662,916.3,926.79,10.49,10,L0_S28|L1_S38|L3_S48,train,0,0.101219,False
2665,716.69,728.61,11.92,20,L1_S21|L2_S31|L3_S41,train,0,0.517551,False
2668,797.82,812.27,14.45,10,L0_S20|L1_S30|L3_S40,train,0,0.707034,False
2671,619.85,638.4,18.55,14,L1_S21|L2_S31|L3_S41,train,0,0.081777,False
2674,362.36,362.46,0.1,20,L3_S27|L0_S37|L3_S47,train,0,0.024218,False
2677,402.27,420.03,17.76,16,L1_S29|L2_S39|L3_S49,train,0,0.219184,False
2680,547.5,562.11,14.61,21,L1_S21|L2_S31|L3_S41,train,0,0.019438,False
2683,764.06,775.44,11.38,13,L3_S27|L0_S37|L3_S47,train,0,0.759042,True
2686,387.05,401.46,14.41,20,L2_S30|L3_S40|L3_S50,train,0,0.254762,False
2689,356.68,356.78,0.1,12,L0_S24|L1_S34|L3_S44,train,0,0.644713,False
2692,1269.07,1282.26,13.19,13,L1_S21|L2_S31|L3_S41,train,0,0.078434,False
2695,743.81,748.02,4.21,9,L0_S24|L1_S34|L3_S44,train,0,0.077165,False
2698,27.84,41.04,13.2,21,L1_S25|L2_S35|L3_S45,train,0,0.202318,False
2701,303.85,307.77,3.92,15,L1_S25|L2_S35|L3_S45,train,0,0.49098,False
2704,482.24,493.71,11.47,14,L1_S21|L2_S31|L3_S41,train,0,0.326459,False
2707,1182.93,1194.44,11.51,11,L0_S20|L1_S30|L3_S40,train,0,0.17327,False
2710,1578.33,1578.43,0.1,18,L0_S24|L1_S34|L3_S44,train,0,0.226183,False
2713,423.91,432.07,8.16,18,L0_S20|L1_S30|L3_S40,train,0,0.625804,False
2716,853.34,868.65,15.31,8,L0_S20|L1_S30|L3_S40,train,0,0.179856,False
2719,947.72,955.49,7.77,12,L3_S27|L0_S37|L3_S47,train,0,0.562828,False
2722,37.69,52.88,15.19,21,L3_S31|L0_S41|L3_S51,train,0,0.32906,False
2725,1526.2,1526.3,0.1,11,L2_S30|L3_S40|L3_S50,train,0,0.028805,False
2728,1684.68,1695.52,10.84,9,L2_S30|L3_S40|L3_S50,train,0,0.496031,False
2731,400.11,403.66,3.55,17,L1_S21|L2_S31|L3_S41,train,0,0.479323,False
2734,1572.08,1589.67,17.59,11,L1_S21|L2_S31|L3_S41,train,0,0.355784,False
2737,6.88,16.56,9.68,12,L3_S23|L0_S33|L3_S43,train,0,0.157043,False
2740,1295.93,1307.62,11.69,11,L0_S20|L1_S30|L3_S40,train,0,0.000487,False
2743,1285.25,1298.94,13.69,18,L1_S25|L2_S35|L3_S45,train,0,0.000562,False
2746,1202.03,1210.06,8.03,16,L3_S23|L0_S33|L3_S43,train,0,0.820645,True
2749,472.32,487.52,15.2,15,L3_S31|L0_S41|L3_S51,train,0,0.136044,False
2752,532.41,532.51,0.1,11,L1_S25|L2_S35|L3_S45,train,0,0.323227,False
2755,1698.22,1713.97,15.75,15,L3_S23|L0_S33|L3_S43,train,0,0.002014,False
2758,1646.35,1653.57,7.22,12,L1_S29|L2_S39|L3_S49,train,1,0.786789,True
2761,1529.96,1541.45,11.49,10,L2_S22|L3_S32|L3_S42,train,0,0.114714,False
2764,1312.27,1317.42,5.15,21,L1_S21|L2_S31|L3_S41,train,0,0.000169,False
2767,553.47,553.57,0.1,10,L0_S20|L1_S30|L3_S40,train,0,0.206496,False
2770,520.07,529.62,9.55,10,L1_S29|L2_S39|L3_S49,train,0,0.320179,False
2773,189.67,195.65,5.98,10,L3_S23|L0_S33|L3_S43,train,0,0.148179,False
2776,1033.8,1044,10.2,21,L2_S26|L3_S36|L3_S46,train,0,0.899317,True
2779,235.17,237.81,2.64,9,L0_S28|L1_S38|L3_S48,train,0,0.696509,False
2782,879.41,891.51,12.1,16,L3_S27|L0_S37|L3_S47,train,0,0.054712,False
2785,1576.7,1595.36,18.66,15,L3_S31|L0_S41|L3_S51,train,0,0.377653,False
2788,516.32,533.71,17.39,8,L0_S28|L1_S38|L3_S48,train,0,0.083082,False
2791,1551.51,1571.61,20.1,10,L2_S26|L3_S36|L3_S46,train,0,0.464459,False
2794,793.06,795.41,2.35,16,L3_S31|L0_S41|L3_S51,train,0,0.484897,False
2797,357.46,366.93,9.47,9,L1_S29|L2_S39|L3_S49,train,0,0.461718,False
2800,1683.19,1686.7,3.51,9,L0_S28|L1_S38|L3_S48,train,0,0.423106,False
2803,1330.16,1345.75,15.59,10,L0_S28|L1_S38|L3_S48,train,0,0.202441,False
2806,1372.98,1389.97,16.99,17,L3_S31|L0_S41|L3_S51,train,0,0.637523,False
2809,106.5,113.04,6.54,9,L0_S24|L1_S34|L3_S44,train,0,0.003249,False
2812,1604.07,1607.33,3.26,19,L2_S30|L3_S40|L3_S50,train,0,0.03604,False
2815,613.88,627.98,14.1,16,L0_S20|L1_S30|L3_S40,train,0,0.252882,False
2818,491.19,503.38,12.19,19,L2_S26|L3_S36|L3_S46,train,0,0.001135,False
2821,33.44,42,8.56,19,L3_S23|L0_S33|L3_S43,train,0,0.035015,False
2824,520.31,530.18,9.87,21,L3_S27|L0_S37|L3_S47,train,0,0.00303,False
2827,1002.89,1012.58,9.69,8,L2_S30|L3_S40|L3_S50,train,0,0.364001,False
2830,1085.67,1091.49,5.82,11,L1_S25|L2_S35|L3_S45,train,0,0.000228,False
2833,592.15,592.25,0.1,18,L3_S27|L0_S37|L3_S47,train,0,0.044217,False
2836,615.12,619.97,4.85,21,L3_S27|L0_S37|L3_S47,train,0,0.01124,False
2839,1555.19,1565.87,10.68,12,L2_S26|L3_S36|L3_S46,train,0,0.018632,False
2842,1571,1586.12,15.12,18,L2_S26|L3_S36|L3_S46,train,0,0.537346,False
2845,1252.06,1257.89,5.83,21,L0_S28|L1_S38|L3_S48,train,0,0.015753,False
2848,1346.82,1352.29,5.47,18,L0_S24|L1_S34|L3_S44,train,0,0.59321,False
2851,234.05,241.07,7.02,16,L2_S26|L3_S36|L3_S46,train,0,0.006101,False
2854,1467.24,1480.82,13.58,18,L0_S20|L1_S30|L3_S40,train,0,0.064886,False
2857,742.28,749.99,7.71,10,L3_S31|L0_S41|L3_S51,train,0,0.306948,False
2860,1022.48,1031.77,9.29,18,L0_S24|L1_S34|L3_S44,train,0,0.735112,True
2863,1449.08,1457.83,8.75,20,L3_S31|L0_S41|L3_S51,train,0,0.058407,False
2866,316.46,330.82,14.36,20,L0_S20|L1_S30|L3_S40,train,0,0.004799,False
2869,312.86,328.29,15.43,8,L0_S24|L1_S34|L3_S44,train,0,0.164216,False
2872,644.53,649.2,4.67,12,L0_S28|L1_S38|L3_S48,train,0,0.679153,False
2875,221.07,225.02,3.95,8,L0_S20|L1_S30|L3_S40,train,0,0.402865,False
2878,1246.55,1259.27,12.72,18,L0_S28|L1_S38|L3_S48,train,0,0.640732,False
2881,1248.08,1262.33,14.25,12,L0_S24|L1_S34|L3_S44,train,0,0.156464,False
2884,427.29,431.31,4.02,16,L3_S27|L0_S37|L3_S47,train,1,0.746802,True
2887,7.17,12.01,4.84,14,L1_S29|L2_S39|L3_S49,train,0,0.000241,False
2890,1691.66,1700.38,8.72,21,L0_S20|L1_S30|L3_S40,train,0,0.006183,False
2893,1330.95,1341.28,10.33,11,L2_S22|L3_S32|L3_S42,train,1,0.758266,True
2896,857.12,874.84,17.72,14,L0_S20|L1_S30|L3_S40,train,0,0.000233,False
2899,294.01,299.17,5.16,14,L3_S27|L0_S37|L3_S47,train,0,0.009825,False
2902,1027.72,1027.82,0.1,20,L1_S25|L2_S35|L3_S45,train,0,0.55389,False
2905,1018.68,1028.58,9.9,8,L1_S21|L2_S31|L3_S41,train,0,0.416762,False
2908,370.84,386.79,15.95,20,L2_S26|L3_S36|L3_S46,train,0,0.158558,False
2911,572.16,576.53,4.37,10,L3_S31|L0_S41|L3_S51,train,0,0.149398,False
2914,1107.77,1130.03,22.26,10,L0_S24|L1_S34|L3_S44,train,0,0.01828,False
2917,1.75,13.06,11.31,12,L0_S20|L1_S30|L3_S40,train,0,0.214234,False
2920,763.74,775.09,11.35,19,L3_S31|L0_S41|L3_S51,train,0,0.21814,False
2923,1076.78,1086.08,9.3,8,L2_S30|L3_S40|L3_S50,train,0,0.266012,False
2926,1637.6,1650.18,12.58,8,L2_S22|L3_S32|L3_S42,train,0,0.737128,True
2929,1354.59,1360.14,5.55,15,L1_S21|L2_S31|L3_S41,train,0,0.000255,False
2932,1603.04,1616.05,13.01,13,L2_S30|L3_S40|L3_S50,train,0,0.702219,False
2935,449.38,452.57,3.19,16,L2_S26|L3_S36|L3_S46,train,0,0.572315,False
2938,1296.86,1301.53,4.67,16,L1_S21|L2_S31|L3_S41,train,0,0.669563,False
2941,431.31,446.57,15.26,12,L3_S27|L0_S37|L3_S47,train,0,0.574133,False
2944,304.32,306.88,2.56,17,L1_S25|L2_S35|L3_S45,train,0,0.700771,False
2947,771.37,791.04,19.67,8,L3_S31|L0_S41|L3_S51,train,0,0.809863,True
2950,666.26,678.91,12.65,10,L3_S27|L0_S37|L3_S47,train,0,0.231316,False
2953,80.8,86.48,5.68,12,L0_S28|L1_S38|L3_S48,train,0,0.312107,False
2956,569.97,574.4,4.43,15,L3_S31|L0_S41|L3_S51,train,0,0.123057,False
2959,210.79,223.34,12.55,17,L2_S30|L3_S40|L3_S50,train,0,0.373644,False
2962,1091.2,1106.07,14.87,9,L2_S26|L3_S36|L3_S46,train,0,0.646464,False
2965,256.79,281.81,25.02,8,L3_S31|L0_S41|L3_S51,train,0,0.008605,False
2968,1021.23,1034.22,12.99,16,L2_S30|L3_S40|L3_S50,train,0,0.48058,False
2971,640.41,657.38,16.97,21,L3_S27|L0_S37|L3_S47,train,0,0.413434,False
2974,1247.69,1251.6,3.91,13,L3_S31|L0_S41|L3_S51,train,0,0.003135,False
2977,674.99,685.51,10.52,18,L3_S23|L0_S33|L3_S43,train,0,0.035648,False
2980,334.93,340.26,5.33,11,L2_S26|L3_S36|L3_S46,train,0,0.073592,False
2983,1032.18,1050.48,18.3,19,L0_S20|L1_S30|L3_S40,train,0,0.622453,False
2986,985.54,992.08,6.54,20,L3_S27|L0_S37|L3_S47,train,0,0.763895,True
2989,953.51,966.44,12.93,13,L2_S22|L3_S32|L3_S42,train,0,0.18908,False
2992,165.71,174.19,8.48,21,L2_S26|L3_S36|L3_S46,train,0,0.001913,False
2995,447.47,460.48,13.01,20,L3_S31|L0_S41|L3_S51,train,0,0.006734,False
2998,323.27,348.33,25.06,19,L3_S31|L0_S41|L3_S51,train,0,0.021537,False
3001,937.34,945.24,7.9,12,L0_S20|L1_S30|L3_S40,train,0,0.396955,False
3004,605.03,626.99,21.96,19,L1_S21|L2_S31|L3_S41,train,0,0.096102,False
3007,756.41,778.5,22.09,20,L3_S27|L0_S37|L3_S47,train,0,0.424945,False
3010,1036.97,1041.62,4.65,17,L0_S20|L1_S30|L3_S40,train,0,0.229642,False
3013,1516.2,1527.29,11.09,9,L0_S20|L1_S30|L3_S40,train,0,0.153573,False
3016,561.03,578.51,17.48,14,L3_S31|L0_S41|L3_S51,train,0,0.966036,True
3019,1494.42,1514.42,20,14,L3_S27|L0_S37|L3_S47,train,0,0.030086,False
3022,780.36,782.86,2.5,12,L3_S31|L0_S41|L3_S51,train,0,0.001785,False
3025,5.27,16.76,11.49,12,L1_S29|L2_S39|L3_S49,train,0,0.279545,False
3028,327.41,335.93,8.52,16,L0_S20|L1_S30|L3_S40,train,0,0.16668,False
3031,1543.32,1551.28,7.96,13,L2_S22|L3_S32|L3_S42,train,0,0.111653,False
3034,1391.62,1399.22,7.6,16,L1_S25|L2_S35|L3_S45,train,0,0.562222,False
3037,1266.42,1281.97,15.55,11,L3_S27|L0_S37|L3_S47,train,0,0.063467,False
3040,845.57,853.07,7.5,16,L2_S30|L3_S40|L3_S50,train,0,0.208305,False
3043,1522.62,1534.04,11.42,12,L2_S26|L3_S36|L3_S46,train,1,0.736241,True
3046,463.57,481.49,17.92,11,L0_S28|L1_S38|L3_S48,train,0,0.441013,False
3049,1306.62,1325.05,18.43,14,L2_S22|L3_S32|L3_S42,train,0,0.880392,True
3052,561.66,564.41,2.75,19,L3_S27|L0_S37|L3_S47,train,0,0.47498,False
3055,1576.86,1580.12,3.26,19,L1_S29|L2_S39|L3_S49,train,0,0.051009,False
3058,187.28,193.34,6.06,17,L3_S27|L0_S37|L3_S47,train,1,0.835325,True
3061,952.29,967.11,14.82,10,L3_S27|L0_S37|L3_S47,train,0,0.096991,False
3064,1021.95,1033.07,11.12,17,L0_S24|L1_S34|L3_S44,train,0,0.365409,False
3067,160.1,172.76,12.66,10,L2_S22|L3_S32|L3_S42,train,1,0.77884,True
3070,468.9,477.69,8.79,8,L1_S29|L2_S39|L3_S49,train,0,0.950995,True
3073,1012.17,1028.39,16.22,14,L0_S20|L1_S30|L3_S40,train,0,0.321933,False
3076,1074.53,1080.31,5.78,19,L3_S23|L0_S33|L3_S43,train,0,0.224734,False
3079,1632.06,1637.81,5.75,8,L2_S30|L3_S40|L3_S50,train,0,0.043033,False
3082,370.03,374.16,4.13,9,L2_S26|L3_S36|L3_S46,train,0,0.004013,False
3085,1339.6,1362.27,22.67,13,L1_S21|L2_S31|L3_S41,train,0,0.829948,True
3088,1417.93,1427.52,9.59,9,L2_S30|L3_S40|L3_S50,train,0,0.519472,False
3091,31.08,49.33,18.25,13,L1_S25|L2_S35|L3_S45,train,0,0.026351,False
3094,1161.36,1174.65,13.29,18,L1_S25|L2_S35|L3_S45,train,0,0.003432,False
3097,197.58,218.53,20.95,16,L3_S31|L0_S41|L3_S51,train,0,0.150928,False
3100,790.21,800.43,10.22,9,L3_S27|L0_S37|L3_S47,train,0,0.324116,False
3103,439.15,450.54,11.39,15,L1_S29|L2_S39|L3_S49,train,0,0.723745,False
3106,1031.2,1036.88,5.68,16,L3_S31|L0_S41|L3_S51,train,0,0.609257,False
3109,206.6,219.19,12.59,12,L0_S20|L1_S30|L3_S40,train,0,0.729189,False
3112,1116.07,1131.35,15.28,12,L3_S27|L0_S37|L3_S47,train,0,0.560218,False
3115,359.23,372.05,12.82,15,L1_S21|L2_S31|L3_S41,train,0,0.463965,False
3118,1424.84,1439.51,14.67,11,L0_S28|L1_S38|L3_S48,train,0,0.002107,False
3121,208.06,211.84,3.78,15,L2_S26|L3_S36|L3_S46,train,0,0.591895,False
3124,1545.84,1554.31,8.47,14,L2_S26|L3_S36|L3_S46,train,0,0.219049,False
3127,996.31,1006.72,10.41,17,L1_S29|L2_S39|L3_S49,train,0,0.669364,False
3130,669.57,686.19,16.62,11,L3_S27|L0_S37|L3_S47,train,1,0.997788,True
3133,331.59,352.83,21.24,12,L1_S21|L2_S31|L3_S41,train,0,0.485115,False
3136,295.08,309.34,14.26,21,L0_S28|L1_S38|L3_S48,train,0,0.003412,False
3139,1021.44,1027.9,6.46,14,L1_S29|L2_S39|L3_S49,train,0,0.016353,False
3142,1241.96,1262.05,20.09,14,L1_S29|L2_S39|L3_S49,train,0,0.218996,False
3145,1589.97,1593.33,3.36,12,L2_S26|L3_S36|L3_S46,train,0,0.455476,False
3148,72.39,93.1,20.71,21,L2_S30|L3_S40|L3_S50,train,0,0.327477,False
3151,394.77,406.53,11.76,13,L3_S31|L0_S41|L3_S51,train,0,0.032808,False
3154,1235.66,1237.28,1.62,14,L1_S25|L2_S35|L3_S45,train,0,0.0009,False
3157,1571.05,1571.15,0.1,14,L2_S22|L3_S32|L3_S42,train,0,0.549998,False
3160,385.55,396.07,10.52,14,L3_S23|L0_S33|L3_S43,train,0,0.181925,False
3163,1471.53,1477.57,6.04,16,L3_S23|L0_S33|L3_S43,train,0,0.261698,False
3166,810.09,813.52,3.43,11,L3_S31|L0_S41|L3_S51,train,0,0.01539,False
3169,722.98,733.25,10.27,20,L3_S23|L0_S33|L3_S43,train,0,0.309702,False
3172,221.3,229.09,7.79,11,L3_S31|L0_S41|L3_S51,train,0,0.596569,False
3175,1376.4,1383.4,7,12,L0_S28|L1_S38|L3_S48,train,0,0.120514,False
3178,1060.13,1064.94,4.81,10,L0_S28|L1_S38|L3_S48,train,0,0.112222,False
3181,1412.24,1424.59,12.35,20,L2_S26|L3_S36|L3_S46,train,0,0.901348,True
3184,578.64,590.74,12.1,13,L0_S20|L1_S30|L3_S40,train,0,0.01122,False
3187,1305.2,1308.9,3.7,20,L0_S28|L1_S38|L3_S48,train,0,0.403177,False
3190,72.32,91.95,19.63,14,L2_S22|L3_S32|L3_S42,train,0,0.678102,False
3193,1622.88,1632.46,9.58,18,L2_S26|L3_S36|L3_S46,train,0,0.152489,False
3196,847.05,847.15,0.1,10,L2_S26|L3_S36|L3_S46,train,0,0.630494,False
3199,149.8,162.92,13.12,11,L3_S23|L0_S33|L3_S43,train,0,0.000172,False
3202,1551.77,1565.22,13.45,8,L3_S27|L0_S37|L3_S47,train,0,0.951372,True
3205,653.81,664.04,10.23,15,L1_S21|L2_S31|L3_S41,train,0,0.026916,False
3208,1247.75,1253.84,6.09,13,L0_S24|L1_S34|L3_S44,train,0,0.050023,False
3211,158.66,162.03,3.37,12,L1_S25|L2_S35|L3_S45,train,0,0.21686,False
3214,1200.92,1203.35,2.43,12,L0_S28|L1_S38|L3_S48,train,0,0.006796,False
3217,1037.18,1056.61,19.43,14,L1_S21|L2_S31|L3_S41,train,0,0.072503,False
3220,1675.89,1683.08,7.19,20,L1_S21|L2_S31|L3_S41,train,0,0.54364,False
3223,516.14,516.24,0.1,19,L0_S24|L1_S34|L3_S44,train,0,0.156237,False
3226,1167.96,1170.39,2.43,20,L3_S27|L0_S37|L3_S47,train,0,0.230323,False
3229,1275.6,1280.86,5.26,14,L1_S21|L2_S31|L3_S41,train,0,0.198493,False
3232,982.9,991.27,8.37,9,L0_S24|L1_S34|L3_S44,train,0,0.017708,False
3235,322.76,339.53,16.77,13,L2_S30|L3_S40|L3_S50,train,0,0.019548,False
3238,1107.5,1125.66,18.16,13,L1_S29|L2_S39|L3_S49,train,0,0.651064,False
3241,420.21,431.1,10.89,20,L1_S25|L2_S35|L3_S45,train,0,0.45837,False
3244,1152.19,1166.35,14.16,18,L0_S20|L1_S30|L3_S40,train,0,0.01442,False
3247,246.21,263.54,17.33,11,L2_S26|L3_S36|L3_S46,train,0,0.000026,False
3250,660.74,665.94,5.2,10,L0_S20|L1_S30|L3_S40,train,0,0.62531,False
3253,1284.45,1285.46,1.01,18,L0_S28|L1_S38|L3_S48,train,0,0.204052,False
3256,1330.48,1330.58,0.1,15,L1_S25|L2_S35|L3_S45,train,0,0.038221,False
3259,177.55,183.86,6.31,8,L0_S24|L1_S34|L3_S44,train,0,0.005223,False
3262,1210.32,1219.93,9.61,20,L1_S29|L2_S39|L3_S49,train,0,0.292245,False
3265,192.71,207.66,14.95,14,L3_S23|L0_S33|L3_S43,train,0,0.312865,False
3268,153.12,164.14,11.02,17,L2_S22|L3_S32|L3_S42,train,0,0.065176,False
3271,1248.12,1252.32,4.2,8,L2_S26|L3_S36|L3_S46,train,0,0.000129,False
3274,998.72,1009.19,10.47,13,L3_S23|L0_S33|L3_S43,train,0,0.150092,False
3277,1224.19,1225.98,1.79,10,L2_S30|L3_S40|L3_S50,train,0,0.025551,False
3280,443.43,458.41,14.98,15,L0_S28|L1_S38|L3_S48,train,1,0.788298,True
3283,1242.59,1251.71,9.12,10,L2_S22|L3_S32|L3_S42,train,0,0.035889,False
3286,672.69,691.05,18.36,10,L0_S28|L1_S38|L3_S48,train,0,0.469374,False
3289,1141.95,1151.22,9.27,16,L1_S25|L2_S35|L3_S45,train,0,0.000889,False
3292,555.21,574.43,19.22,10,L0_S24|L1_S34|L3_S44,train,0,0.384787,False
3295,1629.57,1633.77,4.2,15,L2_S22|L3_S32|L3_S42,train,0,0.575837,False
3298,502.79,510.18,7.39,16,L0_S24|L1_S34|L3_S44,train,0,0.038608,False
3301,1050.17,1060.97,10.8,19,L1_S21|L2_S31|L3_S41,train,0,0.919362,True
3304,424.71,435.12,10.41,14,L0_S20|L1_S30|L3_S40,train,0,0.3206,False
3307,1117.62,1119.58,1.96,8,L0_S20|L1_S30|L3_S40,train,0,0.089353,False
3310,1655.52,1658.98,3.46,14,L3_S27|L0_S37|L3_S47,train,0,0.124111,False
3313,405.33,416.71,11.38,17,L3_S27|L0_S37|L3_S47,train,0,0.219017,False
3316,292.87,303.35,10.48,17,L3_S23|L0_S33|L3_S43,train,0,0.893702,True
3319,869,886.95,17.95,20,L0_S24|L1_S34|L3_S44,train,0,0.058946,False
3322,1.76,22.57,20.81,13,L3_S31|L0_S41|L3_S51,train,0,0.035053,False
3325,662.92,680.99,18.07,8,L3_S23|L0_S33|L3_S43,train,0,0.001506,False
3328,1390.56,1390.66,0.1,11,L1_S25|L2_S35|L3_S45,train,0,0.023946,False
3331,1374.35,1387.22,12.87,10,L0_S24|L1_S34|L3_S44,train,0,0.599075,False
3334,9.27,34.54,25.27,8,L1_S25|L2_S35|L3_S45,train,0,0.193128,False
3337,394.16,410.05,15.89,19,L3_S27|L0_S37|L3_S47,train,1,0.824431,True
3340,1531.4,1538.39,6.99,12,L3_S27|L0_S37|L3_S47,train,0,0.163406,False
3343,343.09,352.11,9.02,13,L0_S20|L1_S30|L3_S40,train,0,0.279048,False
3346,46.91,56.07,9.16,12,L0_S20|L1_S30|L3_S40,train,0,0.231047,False
3349,805.46,823.06,17.6,13,L1_S21|L2_S31|L3_S41,train,0,0.013326,False
3352,1398.41,1413.91,15.5,15,L3_S23|L0_S33|L3_S43,train,0,0.428063,False
3355,620.87,633.29,12.42,19,L0_S28|L1_S38|L3_S48,train,1,0.83939,True
3358,801.22,811.92,10.7,11,L0_S24|L1_S34|L3_S44,train,0,0.64511,False
3361,7.02,26.29,19.27,20,L0_S24|L1_S34|L3_S44,train,0,0.558312,False
3364,816.74,819.42,2.68,16,L3_S27|L0_S37|L3_S47,train,1,0.941716,True
3367,780.81,790.71,9.9,16,L0_S24|L1_S34|L3_S44,train,1,0.082323,False
3370,1465.34,1477.12,11.78,15,L3_S31|L0_S41|L3_S51,train,0,0.880337,True
3373,1299.18,1311.94,12.76,19,L2_S22|L3_S32|L3_S42,train,0,0.476111,False
3376,1637.98,1647.94,9.96,14,L0_S20|L1_S30|L3_S40,train,0,0.135884,False
3379,121,136.9,15.9,21,L2_S22|L3_S32|L3_S42,train,0,0.078604,False
3382,584.72,586.29,1.57,10,L3_S27|L0_S37|L3_S47,train,0,0.8576,True
3385,980.69,989.51,8.82,20,L0_S20|L1_S30|L3_S40,train,0,0.094383,False
3388,594.27,611.28,17.01,21,L2_S22|L3_S32|L3_S42,train,0,0.032219,False
3391,872.62,886.11,13.49,18,L0_S20|L1_S30|L3_S40,train,1,0.91202,True
3394,310.73,327.11,16.38,12,L3_S27|L0_S37|L3_S47,train,0,0.457369,False
3397,951.41,958.71,7.3,8,L1_S29|L2_S39|L3_S49,train,0,0.000005,False
3400,187.6,193.64,6.04,16,L3_S31|L0_S41|L3_S51,train,0,0.183001,False
3403,205.64,220.54,14.9,18,L2_S30|L3_S40|L3_S50,train,0,0.375641,False
3406,1589.97,1609.54,19.57,15,L1_S21|L2_S31|L3_S41,train,0,0.507671,False
3409,848.27,859.94,11.67,16,L0_S28|L1_S38|L3_S48,train,0,0.982424,True
3412,935.9,940.27,4.37,13,L3_S31|L0_S41|L3_S51,train,0,0.017159,False
3415,1476.46,1485.85,9.39,8,L0_S28|L1_S38|L3_S48,train,0,0.014891,False
3418,1688.81,1697.12,8.31,8,L0_S24|L1_S34|L3_S44,train,0,0.001641,False
3421,4.88,18.44,13.56,13,L2_S22|L3_S32|L3_S42,train,0,0.744429,True
3424,65.29,68.31,3.02,18,L1_S21|L2_S31|L3_S41,train,0,0.068348,False
3427,577.45,586.34,8.89,15,L3_S31|L0_S41|L3_S51,train,0,0.022236,False
3430,742.5,744.59,2.09,14,L1_S29|L2_S39|L3_S49,train,0,0.128497,False
3433,1406.43,1417.24,10.81,12,L2_S30|L3_S40|L3_S50,train,0,0.009097,False
3436,719.29,732.99,13.7,10,L2_S22|L3_S32|L3_S42,train,0,0.00072,False
3439,1146.69,1150.92,4.23,12,L2_S26|L3_S36|L3_S46,train,0,0.020141,False
3442,411.44,430.91,19.47,15,L3_S31|L0_S41|L3_S51,train,0,0.071304,False
3445,535.12,549.24,14.12,10,L3_S31|L0_S41|L3_S51,train,0,0.00044,False
3448,867.53,880.86,13.33,19,L2_S22|L3_S32|L3_S42,train,0,0.582191,False
3451,1299.32,1300.93,1.61,18,L3_S23|L0_S33|L3_S43,train,1,0.95047,True
3454,1506.17,1514.01,7.84,14,L1_S21|L2_S31|L3_S41,train,0,0.719842,False
3457,550.87,554.81,3.94,17,L0_S20|L1_S30|L3_S40,train,0,0.318332,False
3460,889.01,903.06,14.05,17,L3_S23|L0_S33|L3_S43,train,0,0.828188,True
3463,360.46,375.17,14.71,19,L3_S23|L0_S33|L3_S43,train,0,0.130391,False
3466,979.53,987.71,8.18,8,L2_S22|L3_S32|L3_S42,train,0,0.290108,False
3469,641.94,653.01,11.07,12,L0_S20|L1_S30|L3_S40,train,0,0.564082,False
3472,1606.86,1621.68,14.82,19,L2_S30|L3_S40|L3_S50,train,0,0.047124,False
3475,1644.8,1652.29,7.49,9,L2_S22|L3_S32|L3_S42,train,0,0.186732,False
3478,1118.81,1131.33,12.52,12,L2_S22|L3_S32|L3_S42,train,0,0.023463,False
3481,1625.08,1636.57,11.49,8,L3_S31|L0_S41|L3_S51,train,0,0.013795,False
3484,1312.37,1323.3,10.93,20,L2_S30|L3_S40|L3_S50,train,0,0.147538,False
3487,1448.27,1454.52,6.25,17,L1_S21|L2_S31|L3_S41,train,0,0.843091,True
3490,883.72,888.86,5.14,9,L3_S23|L0_S33|L3_S43,train,0,0.043866,False
3493,48.32,59.99,11.67,15,L0_S20|L1_S30|L3_S40,train,0,0.504581,False
3496,1167.33,1176.4,9.07,17,L0_S24|L1_S34|L3_S44,train,0,0.188136,False
3499,1467.72,1483.47,15.75,16,L2_S22|L3_S32|L3_S42,train,0,0.005794,False
3502,869.1,882.55,13.45,9,L2_S30|L3_S40|L3_S50,train,0,0.447847,False
3505,420.89,426.5,5.61,9,L2_S22|L3_S32|L3_S42,train,0,0.019367,False
3508,485.94,493.57,7.63,15,L2_S26|L3_S36|L3_S46,train,0,0.032298,False
3511,697.93,706.1,8.17,8,L0_S28|L1_S38|L3_S48,train,0,0.383075,False
3514,86.31,91.85,5.54,11,L0_S20|L1_S30|L3_S40,train,0,0.035018,False
3517,1095.77,1113.68,17.91,18,L3_S23|L0_S33|L3_S43,train,0,0.000255,False
3520,1391.84,1403.6,11.76,13,L2_S26|L3_S36|L3_S46,train,0,0.450207,False
3523,1147.43,1153.83,6.4,12,L3_S23|L0_S33|L3_S43,train,0,0.270081,False
3526,710.07,723.24,13.17,21,L3_S23|L0_S33|L3_S43,train,0,0.035739,False
3529,1638.73,1650.29,11.56,9,L3_S27|L0_S37|L3_S47,train,0,0.025449,False
3532,594.63,603.21,8.58,10,L3_S23|L0_S33|L3_S43,train,0,0.187356,False
3535,1597.27,1597.37,0.1,12,L2_S22|L3_S32|L3_S42,train,0,0.877021,True
3538,136.94,152.45,15.51,19,L0_S20|L1_S30|L3_S40,train,0,0.65552,False
3541,362.44,370.92,8.48,16,L2_S26|L3_S36|L3_S46,train,0,0.408093,False
3544,897.86,915.45,17.59,20,L2_S26|L3_S36|L3_S46,train,0,0.296764,False
3547,1390.26,1401.83,11.57,19,L1_S29|L2_S39|L3_S49,train,0,0.20161,False
3550,501.57,509.05,7.48,18,L2_S22|L3_S32|L3_S42,train,0,0.085033,False
3553,1603.86,1612.63,8.77,13,L2_S26|L3_S36|L3_S46,train,0,0.156134,False
3556,927,949.26,22.26,12,L1_S21|L2_S31|L3_S41,train,0,0.224881,False
3559,823.12,834.98,11.86,11,L2_S26|L3_S36|L3_S46,train,0,0.378939,False
3562,161.62,171.52,9.9,11,L1_S21|L2_S31|L3_S41,train,0,0.511388,False
3565,527.34,537.82,10.48,8,L0_S24|L1_S34|L3_S44,train,0,0.031469,False
3568,1001.34,1010.32,8.98,11,L3_S31|L0_S41|L3_S51,train,0,0.248033,False
3571,679.04,694.53,15.49,10,L1_S29|L2_S39|L3_S49,train,0,0.749493,True
3574,440.16,449.88,9.72,10,L1_S25|L2_S35|L3_S45,train,0,0.007272,False
3577,688.02,702.38,14.36,12,L3_S23|L0_S33|L3_S43,train,1,0.977121,True
3580,925.52,926.88,1.36,19,L1_S21|L2_S31|L3_S41,train,0,0.431659,False
3583,637.38,648.42,11.04,12,L2_S26|L3_S36|L3_S46,train,0,0.50578,False
3586,413.86,431.22,17.36,19,L3_S27|L0_S37|L3_S47,train,0,0.273703,False
3589,237.92,247.91,9.99,20,L1_S21|L2_S31|L3_S41,train,0,0.938769,True
3592,1643.65,1646.63,2.98,10,L3_S31|L0_S41|L3_S51,train,0,0.092734,False
3595,966.35,972.49,6.14,20,L1_S29|L2_S39|L3_S49,train,0,0.004596,False
3598,158.11,180.32,22.21,17,L2_S30|L3_S40|L3_S50,train,0,0.041692,False
3601,257.86,263.76,5.9,14,L0_S24|L1_S34|L3_S44,train,0,0.063243,False
3604,1654.52,1665.46,10.94,21,L3_S31|L0_S41|L3_S51,train,0,0.097744,False
3607,1628.7,1632.12,3.42,10,L2_S22|L3_S32|L3_S42,train,0,0.263379,False
3610,574.35,593.93,19.58,13,L3_S31|L0_S41|L3_S51,train,0,0.100672,False
3613,79.78,90.74,10.96,16,L0_S20|L1_S30|L3_S40,train,0,0.32608,False
3616,1651.57,1656.2,4.63,14,L0_S20|L1_S30|L3_S40,train,0,0.713595,False
3619,1444.13,1454.18,10.05,14,L0_S24|L1_S34|L3_S44,train,0,0.930684,True
3622,1661.4,1672.44,11.04,20,L0_S28|L1_S38|L3_S48,train,0,0.310356,False
3625,1283.2,1298.12,14.92,16,L2_S22|L3_S32|L3_S42,train,0,0.730923,False
3628,1329.44,1337.66,8.22,11,L3_S23|L0_S33|L3_S43,train,0,0.001207,False
3631,1092.23,1104.24,12.01,14,L1_S25|L2_S35|L3_S45,train,0,0.291232,False
3634,1677.22,1692.93,15.71,11,L2_S26|L3_S36|L3_S46,train,0,0.457187,False
3637,1263.61,1276.85,13.24,10,L2_S30|L3_S40|L3_S50,train,0,0.048022,False
3640,711.97,722.32,10.35,17,L1_S29|L2_S39|L3_S49,train,0,0.739535,True
3643,916.54,925.23,8.69,15,L0_S28|L1_S38|L3_S48,train,0,0.037868,False
3646,1516.66,1536,19.34,8,L0_S24|L1_S34|L3_S44,train,1,0.931825,True
3649,845.03,852.83,7.8,12,L1_S25|L2_S35|L3_S45,train,0,0.841286,True
3652,902.73,914.86,12.13,8,L2_S30|L3_S40|L3_S50,train,0,0.065082,False
3655,829.52,833.53,4.01,18,L1_S29|L2_S39|L3_S49,train,0,0.001582,False
3658,1434.64,1452.12,17.48,17,L0_S28|L1_S38|L3_S48,train,0,0.000088,False
3661,1377.74,1390.43,12.69,12,L0_S28|L1_S38|L3_S48,train,0,0.62798,False
3664,722.67,730.7,8.03,12,L1_S21|L2_S31|L3_S41,train,0,0.346346,False
3667,994.63,1002.59,7.96,13,L1_S29|L2_S39|L3_S49,train,0,0.032576,False
3670,933.47,945.17,11.7,8,L1_S21|L2_S31|L3_S41,train,0,0.605355,False
3673,1529.25,1541.12,11.87,14,L0_S20|L1_S30|L3_S40,train,0,0.214196,False
3676,1642.31,1649.62,7.31,8,L3_S31|L0_S41|L3_S51,train,0,0.33897,False
3679,1587.41,1597.22,9.81,19,L1_S21|L2_S31|L3_S41,train,1,0.883069,True
3682,1186.37,1195.64,9.27,15,L2_S30|L3_S40|L3_S50,train,0,0.082024,False
3685,1006.98,1019.62,12.64,11,L1_S25|L2_S35|L3_S45,train,0,0.622976,False
3688,1522.9,1524.37,1.47,8,L2_S26|L3_S36|L3_S46,train,0,0.678242,False
3691,317.08,329.88,12.8,18,L0_S24|L1_S34|L3_S44,train,0,0.131992,False
3694,204.78,214.91,10.13,14,L1_S25|L2_S35|L3_S45,train,0,0.018697,False
3697,676.29,695.87,19.58,17,L3_S27|L0_S37|L3_S47,train,0,0.100377,False
3700,959.16,964.93,5.77,13,L3_S31|L0_S41|L3_S51,train,0,0.150981,False
3703,238.24,249.59,11.35,8,L2_S26|L3_S36|L3_S46,train,0,0.137842,False
3706,934.2,954.81,20.61,17,L0_S20|L1_S30|L3_S40,train,0,0.488522,False
3709,289,305.5,16.5,13,L1_S25|L2_S35|L3_S45,train,0,0.944824,True
3712,1184.21,1192.72,8.51,14,L0_S28|L1_S38|L3_S48,train,0,0.631751,False
3715,1424.25,1430.09,5.84,10,L1_S25|L2_S35|L3_S45,train,0,0.001612,False
3718,593.67,603.82,10.15,11,L0_S28|L1_S38|L3_S48,train,0,0.201221,False
3721,1113.15,1131.59,18.44,14,L0_S20|L1_S30|L3_S40,train,0,0.015043,False
3724,691.99,698.77,6.78,9,L0_S28|L1_S38|L3_S48,train,0,0.24432,False
3727,578.25,593.01,14.76,11,L1_S21|L2_S31|L3_S41,train,0,0.510946,False
3730,1322.57,1322.67,0.1,17,L0_S24|L1_S34|L3_S44,train,0,0.698916,False
3733,569.99,578.68,8.69,13,L2_S22|L3_S32|L3_S42,train,0,0.032743,False
3736,1467.16,1483.21,16.05,15,L3_S27|L0_S37|L3_S47,train,0,0.472344,False
3739,39.94,43.95,4.01,12,L0_S28|L1_S38|L3_S48,train,0,0.257585,False
3742,211.24,220.29,9.05,15,L2_S26|L3_S36|L3_S46,train,0,0.007758,False
3745,529.63,549.26,19.63,15,L1_S29|L2_S39|L3_S49,train,0,0.677001,False
3748,1180.55,1192.75,12.2,8,L0_S28|L1_S38|L3_S48,train,0,0.150907,False
3751,288.53,301.02,12.49,15,L0_S24|L1_S34|L3_S44,train,0,0.274341,False
3754,373.43,376.26,2.83,8,L0_S20|L1_S30|L3_S40,train,0,0.239855,False
3757,791.34,807.44,16.1,14,L3_S27|L0_S37|L3_S47,train,1,0.918344,True
3760,331.95,341.02,9.07,16,L0_S28|L1_S38|L3_S48,train,0,0.326181,False
3763,1547.17,1557.72,10.55,19,L0_S20|L1_S30|L3_S40,train,0,0.002887,False
3766,600.79,605.9,5.11,12,L1_S21|L2_S31|L3_S41,train,0,0.493271,False
3769,25.33,34.02,8.69,21,L0_S20|L1_S30|L3_S40,train,0,0.226132,False
3772,551.08,555.59,4.51,16,L3_S27|L0_S37|L3_S47,train,0,0.749184,True
3775,47.69,59.8,12.11,10,L1_S29|L2_S39|L3_S49,train,0,0.244451,False
3778,1356.36,1371.16,14.8,19,L2_S30|L3_S40|L3_S50,train,0,0.522559,False
3781,494.12,507.13,13.01,14,L3_S27|L0_S37|L3_S47,train,0,0.009679,False
3784,793.63,804.44,10.81,19,L1_S21|L2_S31|L3_S41,train,0,0.029577,False
3787,40.49,49.5,9.01,17,L0_S20|L1_S30|L3_S40,train,0,0.049131,False
3790,356.16,378.43,22.27,8,L1_S29|L2_S39|L3_S49,train,0,0.502357,False
3793,1237.28,1249.59,12.31,11,L3_S31|L0_S41|L3_S51,train,0,0.298215,False
3796,824.68,840.52,15.84,14,L2_S30|L3_S40|L3_S50,train,0,0.866502,True
3799,1481.49,1490.8,9.31,11,L0_S20|L1_S30|L3_S40,train,0,0.30925,False
3802,526.55,537.67,11.12,20,L2_S26|L3_S36|L3_S46,train,0,0.104715,False
3805,616.93,619.95,3.02,21,L2_S30|L3_S40|L3_S50,train,0,0.087631,False
3808,158,167.71,9.71,8,L0_S20|L1_S30|L3_S40,train,0,0.554199,False
3811,1605.72,1609.49,3.77,12,L0_S28|L1_S38|L3_S48,train,0,0.624497,False
3814,316.15,317.6,1.45,11,L3_S31|L0_S41|L3_S51,train,0,0.485406,False
3817,988.09,1004.1,16.01,10,L2_S22|L3_S32|L3_S42,train,0,0.510318,False
3820,1304.83,1323.62,18.79,16,L2_S22|L3_S32|L3_S42,train,0,0.051925,False
3823,290.53,304.71,14.18,16,L1_S21|L2_S31|L3_S41,train,0,0.535607,False
3826,688.2,690.81,2.61,20,L3_S31|L0_S41|L3_S51,train,0,0.065473,False
3829,1210.76,1226.31,15.55,17,L0_S24|L1_S34|L3_S44,train,0,0.062623,False
3832,1597.31,1611.98,14.67,13,L2_S30|L3_S40|L3_S50,train,0,0.049963,False
3835,1419.46,1426.18,6.72,15,L2_S30|L3_S40|L3_S50,train,0,0.043894,False
3838,1499.77,1505.4,5.63,12,L0_S20|L1_S30|L3_S40,train,0,0.479871,False
3841,205.87,213.51,7.64,10,L0_S28|L1_S38|L3_S48,train,0,0.424694,False
3844,1149.54,1157.85,8.31,10,L1_S29|L2_S39|L3_S49,train,0,0.704891,False
3847,1231.39,1239.67,8.28,19,L3_S23|L0_S33|L3_S43,train,0,0.027071,False
3850,35.92,50.03,14.11,18,L0_S28|L1_S38|L3_S48,train,0,0.267095,False
3853,304.84,312.02,7.18,19,L1_S29|L2_S39|L3_S49,train,0,0.523173,False
3856,623.09,630.89,7.8,11,L1_S29|L2_S39|L3_S49,train,0,0.695109,False
3859,735.31,743.15,7.84,16,L1_S25|L2_S35|L3_S45,train,0,0.010471,False
3862,446.39,454.47,8.08,19,L0_S20|L1_S30|L3_S40,train,0,0.147089,False
3865,993.62,997.54,3.92,9,L1_S25|L2_S35|L3_S45,train,1,0.07482,False
3868,25.75,30.71,4.96,15,L0_S28|L1_S38|L3_S48,train,0,0.003636,False
3871,1662.09,1665.55,3.46,20,L3_S27|L0_S37|L3_S47,train,0,0.609441,False
3874,1556.47,1568.75,12.28,8,L2_S30|L3_S40|L3_S50,train,0,0.551405,False
3877,1165.94,1170.75,4.81,21,L1_S21|L2_S31|L3_S41,train,0,0.444224,False
3880,1168.03,1170.44,2.41,16,L3_S23|L0_S33|L3_S43,train,0,0.061867,False
3883,1193.93,1198.87,4.94,13,L0_S28|L1_S38|L3_S48,train,0,0.021578,False
3886,504.63,514.56,9.93,13,L0_S28|L1_S38|L3_S48,train,0,0.796433,True
3889,87.64,100.77,13.13,10,L2_S22|L3_S32|L3_S42,train,0,0.164825,False
3892,546.93,563.51,16.58,17,L3_S23|L0_S33|L3_S43,train,0,0.018532,False
3895,1138.98,1143.96,4.98,14,L1_S21|L2_S31|L3_S41,train,0,0.113606,False
3898,1671.42,1694.16,22.74,17,L0_S20|L1_S30|L3_S40,train,0,0.467579,False
3901,1645.71,1656.38,10.67,15,L2_S30|L3_S40|L3_S50,train,0,0.265983,False
3904,1518.56,1528,9.44,14,L0_S24|L1_S34|L3_S44,train,0,0.015302,False
3907,1395.09,1408.53,13.44,16,L3_S31|L0_S41|L3_S51,train,0,0.637744,False
3910,1183.95,1205.97,22.02,12,L2_S26|L3_S36|L3_S46,train,0,0.704943,False
3913,116.36,123.87,7.51,13,L2_S26|L3_S36|L3_S46,train,0,0.050193,False
3916,211.24,224.25,13.01,9,L0_S28|L1_S38|L3_S48,train,0,0.787918,True
3919,1224.85,1238.44,13.59,8,L0_S24|L1_S34|L3_S44,train,0,0.206701,False
3922,251.22,266.15,14.93,21,L0_S28|L1_S38|L3_S48,train,0,0.319997,False
3925,913.1,923.53,10.43,20,L1_S21|L2_S31|L3_S41,train,0,0.081739,False
3928,655.5,672.07,16.57,17,L3_S27|L0_S37|L3_S47,train,0,0.000637,False
3931,1594.04,1614.06,20.02,10,L0_S28|L1_S38|L3_S48,train,0,0.695075,False
3934,1130.83,1137.45,6.62,9,L2_S30|L3_S40|L3_S50,train,0,0.574612,False
3937,1068.71,1074.05,5.34,9,L0_S24|L1_S34|L3_S44,train,0,0.505773,False
3940,180.69,194.06,13.37,17,L1_S25|L2_S35|L3_S45,train,0,0.126987,False
3943,191.27,210.94,19.67,12,L1_S25|L2_S35|L3_S45,train,0,0.292566,False
3946,1132.57,1146.04,13.47,14,L0_S20|L1_S30|L3_S40,train,0,0.602483,False
3949,369.95,372.02,2.07,10,L2_S26|L3_S36|L3_S46,train,0,0.000762,False
3952,638.69,649.62,10.93,12,L0_S24|L1_S34|L3_S44,train,0,0.385155,False
3955,1080.77,1097.03,16.26,16,L0_S28|L1_S38|L3_S48,train,0,0.334964,False
3958,86.37,96.41,10.04,19,L0_S20|L1_S30|L3_S40,train,0,0.103281,False
3961,668.39,674.84,6.45,8,L0_S28|L1_S38|L3_S48,train,0,0.057401,False
3964,647.26,671.58,24.32,10,L2_S30|L3_S40|L3_S50,train,0,0.819066,True
3967,200.94,207.11,6.17,8,L2_S22|L3_S32|L3_S42,train,0,0.378897,False
3970,682.97,690.98,8.01,19,L0_S28|L1_S38|L3_S48,train,0,0.028421,False
3973,1075.11,1081.62,6.51,12,L0_S28|L1_S38|L3_S48,train,0,0.219976,False
3976,1308.76,1309.12,0.36,14,L2_S30|L3_S40|L3_S50,train,0,0.387421,False
3979,271.63,276.12,4.49,8,L1_S21|L2_S31|L3_S41,train,0,0.600614,False
3982,502.92,507.64,4.72,19,L2_S26|L3_S36|L3_S46,train,0,0.169616,False
3985,1357.51,1371.37,13.86,15,L2_S22|L3_S32|L3_S42,train,0,0.433,False
3988,381.36,388.99,7.63,19,L3_S31|L0_S41|L3_S51,train,0,0.819085,True
3991,772.9,785.08,12.18,20,L3_S23|L0_S33|L3_S43,train,0,0.633963,False
3994,401.9,417.44,15.54,15,L1_S25|L2_S35|L3_S45,train,0,0.012479,False
3997,363.36,374.29,10.93,20,L2_S26|L3_S36|L3_S46,train,0,0.295091,False
4000,933.76,944.25,10.49,21,L3_S31|L0_S41|L3_S51,train,0,0.001208,False
4003,782.21,793.78,11.57,8,L1_S21|L2_S31|L3_S41,train,0,0.028203,False
4006,272.88,283.14,10.26,10,L0_S28|L1_S38|L3_S48,train,0,0.900518,True
4009,1166,1168.07,2.07,16,L1_S21|L2_S31|L3_S41,train,0,0.083708,False
4012,1018.76,1021.78,3.02,20,L2_S30|L3_S40|L3_S50,train,0,0.935792,True
4015,581.25,590.37,9.12,14,L1_S29|L2_S39|L3_S49,train,0,0.217651,False
4018,1581.97,1591.27,9.3,12,L1_S25|L2_S35|L3_S45,train,0,0.060805,False
4021,984.04,992.52,8.48,9,L1_S21|L2_S31|L3_S41,train,0,0.79759,True
4024,597.16,618.25,21.09,14,L2_S30|L3_S40|L3_S50,train,0,0.883567,True
4027,1333.34,1344.39,11.05,15,L1_S25|L2_S35|L3_S45,train,0,0.039444,False
4030,947.13,961.48,14.35,20,L0_S20|L1_S30|L3_S40,train,0,0.126609,False
4033,919.26,923.88,4.62,15,L1_S25|L2_S35|L3_S45,train,1,0.759515,True
4036,366.87,367.02,0.15,12,L1_S21|L2_S31|L3_S41,train,0,0.449877,False
4039,815.7,832.84,17.14,19,L1_S25|L2_S35|L3_S45,train,0,0.959345,True
4042,867.36,876.58,9.22,20,L3_S23|L0_S33|L3_S43,train,0,0.051984,False
4045,4.09,15.76,11.67,12,L3_S23|L0_S33|L3_S43,train,0,0.403487,False
4048,631.56,645.74,14.18,13,L3_S31|L0_S41|L3_S51,train,1,0.996743,True
4051,116.31,116.41,0.1,8,L3_S27|L0_S37|L3_S47,train,0,0.739077,True
4054,1026.69,1043.97,17.28,14,L2_S22|L3_S32|L3_S42,train,0,0.044334,False
4057,62.47,80.27,17.8,17,L0_S28|L1_S38|L3_S48,train,0,0.202559,False
4060,1297.4,1308.36,10.96,19,L1_S21|L2_S31|L3_S41,train,0,0.235978,False
4063,624.74,631.53,6.79,16,L2_S22|L3_S32|L3_S42,train,1,0.739224,True
4066,1068.41,1075.24,6.83,12,L0_S24|L1_S34|L3_S44,train,0,0.329809,False
4069,1473,1482.09,9.09,11,L2_S26|L3_S36|L3_S46,train,0,0.52325,False
4072,83.99,105.88,21.89,8,L1_S25|L2_S35|L3_S45,train,0,0.166973,False
4075,886.44,900.42,13.98,13,L3_S31|L0_S41|L3_S51,train,0,0.707072,False
4078,41.88,52.91,11.03,19,L3_S23|L0_S33|L3_S43,train,0,0.231799,False
4081,1642.63,1659.22,16.59,20,L0_S20|L1_S30|L3_S40,train,0,0.137236,False
4084,1070.83,1080.85,10.02,20,L3_S27|L0_S37|L3_S47,train,0,0.379464,False
4087,1163.37,1169.64,6.27,17,L2_S22|L3_S32|L3_S42,train,0,0.061118,False
4090,1394.9,1404.89,9.99,17,L3_S23|L0_S33|L3_S43,train,0,0.876409,True
4093,1309.68,1317.17,7.49,16,L2_S30|L3_S40|L3_S50,train,0,0.916717,True
4096,1546.68,1549.56,2.88,20,L3_S23|L0_S33|L3_S43,train,0,0.077111,False
4099,499.34,506.15,6.81,12,L3_S23|L0_S33|L3_S43,train,0,0.134712,False
4102,938.32,947.18,8.86,13,L1_S25|L2_S35|L3_S45,train,0,0.128198,False
4105,1017.75,1020.21,2.46,15,L1_S25|L2_S35|L3_S45,train,0,0.108686,False
4108,1568.88,1587.23,18.35,14,L3_S23|L0_S33|L3_S43,train,0,0.537551,False
4111,1492.71,1492.81,0.1,21,L0_S20|L1_S30|L3_S40,train,0,0.452232,False
4114,1044.8,1047.03,2.23,17,L1_S29|L2_S39|L3_S49,train,0,0.071192,False
4117,1545.4,1548.4,3,8,L0_S28|L1_S38|L3_S48,train,0,0.516092,False
4120,1098.96,1113.18,14.22,17,L2_S22|L3_S32|L3_S42,train,0,0.184529,False
4123,972.15,987.33,15.18,11,L2_S30|L3_S40|L3_S50,train,1,0.849969,True
4126,279.36,290.02,10.66,9,L2_S26|L3_S36|L3_S46,train,0,0.18111,False
4129,1590.79,1590.89,0.1,16,L0_S20|L1_S30|L3_S40,train,0,0.074198,False
4132,1683.78,1698.13,14.35,9,L2_S26|L3_S36|L3_S46,train,0,0.028762,False
4135,708.25,720.77,12.52,17,L1_S21|L2_S31|L3_S41,train,0,0.001743,False
4138,683.21,698.4,15.19,15,L2_S22|L3_S32|L3_S42,train,1,0.809622,True
4141,648.07,662.87,14.8,19,L2_S30|L3_S40|L3_S50,train,0,0.096542,False
4144,859.72,885.7,25.98,15,L1_S25|L2_S35|L3_S45,train,0,0.778384,True
4147,1584.46,1591.27,6.81,14,L3_S23|L0_S33|L3_S43,train,0,0.000369,False
4150,648.17,671.34,23.17,12,L1_S25|L2_S35|L3_S45,train,0,0.024872,False
4153,928.63,951.38,22.75,15,L1_S21|L2_S31|L3_S41,train,0,0.3265,False
4156,851.23,857.61,6.38,20,L3_S31|L0_S41|L3_S51,train,0,0.466879,False
4159,931.74,931.84,0.1,21,L0_S20|L1_S30|L3_S40,train,0,0.971476,True
4162,119.44,124.38,4.94,8,L0_S28|L1_S38|L3_S48,train,0,0.301183,False
4165,1590.17,1606.16,15.99,10,L1_S29|L2_S39|L3_S49,train,0,0.000005,False
4168,350.53,364.02,13.49,21,L1_S29|L2_S39|L3_S49,train,0,0.655323,False
4171,741.93,748.34,6.41,15,L3_S23|L0_S33|L3_S43,train,0,0.28525,False
4174,897.1,897.2,0.1,10,L1_S25|L2_S35|L3_S45,train,0,0.00001,False
4177,320.73,334.17,13.44,11,L0_S20|L1_S30|L3_S40,train,0,0.975393,True
4180,1260.63,1273.64,13.01,16,L0_S24|L1_S34|L3_S44,train,0,0.016995,False
4183,1692.71,1707.11,14.4,14,L2_S26|L3_S36|L3_S46,train,0,0.120659,False
4186,871.35,880.29,8.94,19,L1_S29|L2_S39|L3_S49,train,0,0.455058,False
4189,1445.99,1453.95,7.96,9,L3_S31|L0_S41|L3_S51,train,1,0.970746,True
4192,878.19,904.08,25.89,9,L0_S20|L1_S30|L3_S40,train,0,0.754981,True
4195,943.97,960.21,16.24,11,L0_S24|L1_S34|L3_S44,train,0,0.115142,False
4198,1044.9,1052.85,7.95,9,L0_S20|L1_S30|L3_S40,train,0,0.914434,True
4201,111.03,128.66,17.63,11,L3_S27|L0_S37|L3_S47,train,0,0.596003,False
4204,126.19,137.31,11.12,18,L1_S25|L2_S35|L3_S45,train,0,0.0685,False
4207,1214.67,1214.77,0.1,21,L3_S31|L0_S41|L3_S51,train,0,0.249305,False
4210,1179.06,1185.11,6.05,14,L1_S25|L2_S35|L3_S45,train,0,0.000022,False
4213,997.91,1007.9,9.99,15,L1_S21|L2_S31|L3_S41,train,0,0.706494,False
4216,2.42,16.39,13.97,21,L0_S20|L1_S30|L3_S40,train,0,0.013615,False
4219,811.98,821.68,9.7,21,L2_S30|L3_S40|L3_S50,train,0,0.901544,True
4222,1617.58,1626.96,9.38,20,L2_S22|L3_S32|L3_S42,train,0,0.018855,False
4225,29.1,42.31,13.21,21,L1_S21|L2_S31|L3_S41,train,0,0.010943,False
4228,100.4,121.09,20.69,20,L0_S28|L1_S38|L3_S48,train,0,0.238383,False
4231,1277.92,1283.21,5.29,16,L2_S22|L3_S32|L3_S42,train,0,0.333875,False
4234,1170.5,1180.66,10.16,18,L0_S24|L1_S34|L3_S44,train,0,0.009845,False
4237,1680.44,1684.54,4.1,11,L1_S21|L2_S31|L3_S41,train,0,0.002902,False
4240,1614.95,1618.77,3.82,9,L1_S29|L2_S39|L3_S49,train,0,0.92999,True
4243,1390.19,1392.16,1.97,9,L1_S29|L2_S39|L3_S49,train,0,0.304012,False
4246,1316.31,1335.05,18.74,16,L0_S24|L1_S34|L3_S44,train,0,0.028558,False
4249,546.9,555.76,8.86,13,L2_S22|L3_S32|L3_S42,train,0,0.213332,False
4252,675.12,689.97,14.85,16,L1_S29|L2_S39|L3_S49,train,0,0.342725,False
4255,1472.5,1479.01,6.51,9,L1_S25|L2_S35|L3_S45,train,0,0.001874,False
4258,347.45,355.16,7.71,18,L0_S20|L1_S30|L3_S40,train,0,0.395924,False
4261,10.53,18.49,7.96,18,L3_S31|L0_S41|L3_S51,train,0,0.719718,False
4264,134.3,139.86,5.56,11,L0_S24|L1_S34|L3_S44,train,0,0.060356,False
4267,497.41,510.42,13.01,13,L0_S20|L1_S30|L3_S40,train,0,0.364119,False
4270,1684.7,1694.18,9.48,19,L1_S29|L2_S39|L3_S49,train,0,0.825191,True
4273,775.23,786.28,11.05,21,L2_S22|L3_S32|L3_S42,train,0,0.262148,False
4276,773.89,776.16,2.27,15,L2_S30|L3_S40|L3_S50,train,0,0.189249,False
4279,559.67,569.45,9.78,18,L2_S22|L3_S32|L3_S42,train,0,0.393056,False
4282,53.68,68.93,15.25,9,L0_S28|L1_S38|L3_S48,train,0,0.194095,False
4285,566.97,577.34,10.37,11,L3_S23|L0_S33|L3_S43,train,0,0.270641,False
4288,544.35,555.56,11.21,10,L2_S30|L3_S40|L3_S50,train,0,0.026817,False
4291,1159.75,1159.85,0.1,19,L1_S29|L2_S39|L3_S49,train,0,0.261495,False
4294,1127.23,1129.71,2.48,10,L3_S23|L0_S33|L3_S43,train,0,0.321629,False
4297,559.88,568.5,8.62,11,L0_S28|L1_S38|L3_S48,train,0,0.330131,False
4300,1370.9,1374.93,4.03,20,L0_S28|L1_S38|L3_S48,train,0,0.774682,True
4303,339.57,352.91,13.34,13,L3_S31|L0_S41|L3_S51,train,0,0.001627,False
4306,730.63,742.58,11.95,19,L2_S26|L3_S36|L3_S46,train,0,0.003621,False
4309,1457.68,1468.14,10.46,9,L2_S22|L3_S32|L3_S42,train,0,0.000158,False
4312,1239.45,1253.1,13.65,21,L1_S25|L2_S35|L3_S45,train,0,0.500288,False
4315,818.23,820.5,2.27,20,L1_S21|L2_S31|L3_S41,train,0,0.120507,False
4318,698.91,715.13,16.22,20,L1_S29|L2_S39|L3_S49,train,0,0.669377,False
4321,746.35,746.45,0.1,15,L1_S21|L2_S31|L3_S41,train,0,0.56457,False
4324,1629.83,1636.19,6.36,18,L0_S28|L1_S38|L3_S48,train,0,0.041956,False
4327,664.93,681.58,16.65,9,L3_S31|L0_S41|L3_S51,train,0,0.287631,False
4330,1071.1,1085.25,14.15,17,L0_S28|L1_S38|L3_S48,train,0,0.173191,False
4333,762.15,777.66,15.51,15,L1_S21|L2_S31|L3_S41,train,1,0.943961,True
4336,442.53,457.31,14.78,20,L0_S24|L1_S34|L3_S44,train,0,0.803532,True
4339,1465.66,1472.06,6.4,15,L1_S25|L2_S35|L3_S45,train,0,0.703726,False
4342,356.63,356.73,0.1,18,L3_S27|L0_S37|L3_S47,train,0,0.70791,False
4345,1095.14,1095.24,0.1,13,L0_S20|L1_S30|L3_S40,train,0,0.070889,False
4348,654.12,664.47,10.35,21,L2_S26|L3_S36|L3_S46,train,0,0.288197,False
4351,386.75,406.54,19.79,8,L1_S29|L2_S39|L3_S49,train,0,0.01327,False
4354,1568.69,1574.2,5.51,8,L2_S30|L3_S40|L3_S50,train,0,0.13055,False
4357,1391.12,1405.82,14.7,8,L2_S30|L3_S40|L3_S50,train,0,0.192201,False
4360,1359.01,1367.54,8.53,17,L0_S20|L1_S30|L3_S40,train,0,0.208661,False
4363,28.13,29.42,1.29,15,L0_S28|L1_S38|L3_S48,train,0,0.001472,False
4366,579.04,598.59,19.55,16,L3_S27|L0_S37|L3_S47,train,0,0.000005,False
4369,365.72,382.77,17.05,8,L2_S30|L3_S40|L3_S50,train,0,0.885305,True
4372,477.38,490.32,12.94,11,L2_S30|L3_S40|L3_S50,train,0,0.375312,False
4375,774.79,780.04,5.25,10,L1_S29|L2_S39|L3_S49,train,0,0.47404,False
4378,1214.29,1221.06,6.77,18,L2_S30|L3_S40|L3_S50,train,0,0.082826,False
4381,468.8,472.67,3.87,12,L1_S25|L2_S35|L3_S45,train,0,0.184446,False
4384,44.26,57.66,13.4,19,L3_S27|L0_S37|L3_S47,train,0,0.000763,False
4387,1475.89,1483.95,8.06,11,L2_S30|L3_S40|L3_S50,train,0,0.016052,False
4390,513.12,514.94,1.82,12,L3_S31|L0_S41|L3_S51,train,0,0.003119,False
4393,816.66,816.76,0.1,16,L2_S26|L3_S36|L3_S46,train,0,0.596037,False
4396,1625.14,1633.83,8.69,13,L3_S27|L0_S37|L3_S47,train,0,0.5622,False
4399,1199.14,1214.9,15.76,10,L1_S21|L2_S31|L3_S41,train,0,0.47165,False
4402,778.7,783.1,4.4,21,L1_S29|L2_S39|L3_S49,train,0,0.065135,False
4405,761.99,780.57,18.58,14,L1_S21|L2_S31|L3_S41,train,0,0.310596,False
4408,1429.26,1439.41,10.15,16,L1_S25|L2_S35|L3_S45,train,0,0.047027,False
4411,1354.29,1369.58,15.29,18,L1_S21|L2_S31|L3_S41,train,0,0.162388,False
4414,841.96,842.06,0.1,20,L3_S23|L0_S33|L3_S43,train,0,0.647811,False
4417,987.91,1002.28,14.37,15,L0_S28|L1_S38|L3_S48,train,0,0.223303,False
4420,1677.83,1689.32,11.49,14,L2_S22|L3_S32|L3_S42,train,0,0.277857,False
4423,448.69,464.37,15.68,10,L3_S31|L0_S41|L3_S51,train,0,0.705232,False
4426,86.77,87.79,1.02,16,L2_S26|L3_S36|L3_S46,train,0,0.199721,False
4429,980.6,993.01,12.41,14,L0_S20|L1_S30|L3_S40,train,0,0.476576,False
4432,1540.56,1547.47,6.91,9,L1_S25|L2_S35|L3_S45,train,0,0.097072,False
4435,1113.2,1125.98,12.78,9,L2_S26|L3_S36|L3_S46,train,0,0.456306,False
4438,1194.9,1213.57,18.67,10,L3_S31|L0_S41|L3_S51,train,0,0.317641,False
4441,1514.89,1520.23,5.34,8,L2_S30|L3_S40|L3_S50,train,0,0.358815,False
4444,506.91,517.16,10.25,11,L0_S20|L1_S30|L3_S40,train,0,0.212478,False
4447,232.58,241.2,8.62,9,L1_S21|L2_S31|L3_S41,train,0,0.001195,False
4450,316.23,325.97,9.74,16,L2_S30|L3_S40|L3_S50,train,0,0.280093,False
4453,662.79,671.88,9.09,18,L1_S29|L2_S39|L3_S49,train,0,0.613318,False
4456,760.62,778.15,17.53,8,L0_S28|L1_S38|L3_S48,train,0,0.584783,False
4459,88.91,89.01,0.1,12,L1_S21|L2_S31|L3_S41,train,0,0.191349,False
4462,762.13,772.28,10.15,10,L2_S30|L3_S40|L3_S50,train,0,0.185981,False
4465,369.95,381.29,11.34,12,L2_S30|L3_S40|L3_S50,train,0,0.596223,False
4468,473.29,481.57,8.28,21,L0_S28|L1_S38|L3_S48,train,0,0.601979,False
4471,241.23,251.57,10.34,8,L2_S30|L3_S40|L3_S50,train,0,0.160798,False
4474,1271.4,1280.32,8.92,18,L0_S20|L1_S30|L3_S40,train,0,0.258484,False
4477,1350.29,1362.87,12.58,19,L3_S23|L0_S33|L3_S43,train,0,0.673524,False
4480,1501.1,1512.56,11.46,10,L0_S24|L1_S34|L3_S44,train,0,0.045041,False
4483,1044.51,1052.4,7.89,18,L0_S28|L1_S38|L3_S48,train,0,0.042901,False
4486,755.83,763.26,7.43,18,L2_S26|L3_S36|L3_S46,train,0,0.415399,False
4489,594.74,615.63,20.89,16,L0_S20|L1_S30|L3_S40,train,1,0.86928,True
4492,64.86,75.05,10.19,11,L2_S26|L3_S36|L3_S46,train,0,0.00385,False
4495,512.7,520.22,7.52,21,L2_S22|L3_S32|L3_S42,train,0,0.058425,False
4498,1243.64,1257.04,13.4,15,L0_S20|L1_S30|L3_S40,train,0,0.130544,False
4501,1390.55,1398.83,8.28,8,L3_S27|L0_S37|L3_S47,train,0,0.000405,False
4504,210.95,224.45,13.5,19,L2_S30|L3_S40|L3_S50,train,0,0.606826,False
4507,118.13,126.93,8.8,13,L3_S23|L0_S33|L3_S43,train,0,0.008879,False
4510,1569.09,1581.95,12.86,9,L1_S29|L2_S39|L3_S49,train,0,0.163555,False
4513,854.94,866.68,11.74,20,L3_S31|L0_S41|L3_S51,train,0,0.91433,True
4516,42.16,60.34,18.18,9,L0_S24|L1_S34|L3_S44,train,0,0.08735,False
4519,951.31,957.63,6.32,18,L1_S25|L2_S35|L3_S45,train,0,0.779818,True
4522,1686.76,1690.1,3.34,21,L3_S23|L0_S33|L3_S43,train,0,0.000546,False
4525,372.94,383.65,10.71,16,L3_S31|L0_S41|L3_S51,train,0,0.764345,True
4528,508.87,525.69,16.82,19,L2_S26|L3_S36|L3_S46,train,0,0.54338,False
4531,532.3,546.18,13.88,8,L2_S26|L3_S36|L3_S46,train,0,0.145769,False
4534,49.15,74.01,24.86,15,L2_S22|L3_S32|L3_S42,train,1,0.787043,True
4537,1542.84,1558.72,15.88,11,L2_S30|L3_S40|L3_S50,train,0,0.85565,True
4540,164.24,164.34,0.1,18,L0_S28|L1_S38|L3_S48,train,0,0.136653,False
4543,1014.38,1024.82,10.44,15,L2_S22|L3_S32|L3_S42,train,0,0.355919,False
4546,1158.61,1169.37,10.76,20,L2_S22|L3_S32|L3_S42,train,0,0.428809,False
4549,1640.61,1654.91,14.3,21,L1_S25|L2_S35|L3_S45,train,0,0.094238,False
4552,176.18,189.97,13.79,10,L1_S21|L2_S31|L3_S41,train,1,0.827323,True
4555,1115.77,1128.64,12.87,20,L3_S31|L0_S41|L3_S51,train,0,0.67603,False
4558,1438.91,1449.51,10.6,17,L2_S30|L3_S40|L3_S50,train,0,0.056524,False
4561,747.68,761.17,13.49,19,L0_S20|L1_S30|L3_S40,train,0,0.111488,False
4564,343.58,351.34,7.76,16,L0_S24|L1_S34|L3_S44,train,0,0.494379,False
4567,149.65,161.67,12.02,20,L2_S30|L3_S40|L3_S50,train,0,0.006538,False
4570,840.76,849.63,8.87,13,L0_S24|L1_S34|L3_S44,train,0,0.321644,False
4573,1569.64,1580,10.36,9,L0_S20|L1_S30|L3_S40,train,0,0.662859,False
4576,303.91,318.06,14.15,9,L3_S31|L0_S41|L3_S51,train,0,0.078582,False
4579,1252.26,1253.42,1.16,18,L0_S28|L1_S38|L3_S48,train,0,0.117586,False
4582,1438.25,1454.2,15.95,20,L0_S20|L1_S30|L3_S40,train,0,0.145129,False
4585,38.24,43.48,5.24,17,L0_S24|L1_S34|L3_S44,train,0,0.600748,False
4588,334.54,347.53,12.99,8,L3_S31|L0_S41|L3_S51,train,0,0.162968,False
4591,339.72,340.39,0.67,20,L3_S23|L0_S33|L3_S43,train,1,0.9112,True
4594,746.47,752.19,5.72,14,L0_S28|L1_S38|L3_S48,train,0,0.124283,False
4597,757.01,766.9,9.89,14,L0_S20|L1_S30|L3_S40,train,1,0.90992,True
4600,1313.98,1324.4,10.42,18,L1_S29|L2_S39|L3_S49,train,0,0.176556,False
4603,1447.69,1452.92,5.23,19,L0_S24|L1_S34|L3_S44,train,0,0.204641,False
4606,1191.47,1191.57,0.1,17,L2_S30|L3_S40|L3_S50,train,0,0.00012,False
4609,1390.77,1400.29,9.52,11,L3_S23|L0_S33|L3_S43,train,0,0.300787,False
4612,763.33,766.25,2.92,15,L0_S20|L1_S30|L3_S40,train,0,0.060317,False
4615,849.47,855.85,6.38,15,L1_S29|L2_S39|L3_S49,train,1,0.856977,True
4618,1438.14,1443.99,5.85,8,L2_S22|L3_S32|L3_S42,train,0,0.274607,False
4621,564.87,574.72,9.85,10,L3_S27|L0_S37|L3_S47,train,0,0.001814,False
4624,158.85,173.56,14.71,20,L2_S22|L3_S32|L3_S42,train,0,0.06303,False
4627,635.42,650.84,15.42,14,L2_S26|L3_S36|L3_S46,train,0,0.037993,False
4630,488.16,490.38,2.22,14,L3_S23|L0_S33|L3_S43,train,0,0.604564,False
4633,992.72,1000.18,7.46,20,L1_S29|L2_S39|L3_S49,train,0,0.800624,True
4636,951.01,969.95,18.94,13,L2_S30|L3_S40|L3_S50,train,0,0.63965,False
4639,414.28,431.17,16.89,15,L0_S24|L1_S34|L3_S44,train,0,0.121335,False
4642,1682.09,1682.19,0.1,18,L0_S24|L1_S34|L3_S44,train,0,0.020194,False
4645,1145.76,1146.43,0.67,18,L1_S29|L2_S39|L3_S49,train,0,0.169739,False
4648,208.97,221.84,12.87,20,L2_S22|L3_S32|L3_S42,train,0,0.447375,False
4651,1292.11,1309.79,17.68,15,L3_S23|L0_S33|L3_S43,train,0,0.000283,False
4654,1675.62,1688.53,12.91,15,L1_S29|L2_S39|L3_S49,train,0,0.024405,False
4657,1575.49,1593.75,18.26,16,L0_S24|L1_S34|L3_S44,train,0,0.016536,False
4660,1103.57,1118.78,15.21,16,L2_S26|L3_S36|L3_S46,train,0,0.535139,False
4663,1167.28,1183.28,16,20,L2_S30|L3_S40|L3_S50,train,0,0.510116,False
4666,261.07,278.02,16.95,11,L3_S27|L0_S37|L3_S47,train,0,0.158248,False
4669,694.71,712.11,17.4,13,L0_S28|L1_S38|L3_S48,train,0,0.191165,False
4672,1590.56,1605.43,14.87,19,L1_S25|L2_S35|L3_S45,train,0,0.86551,True
4675,1019.1,1032.5,13.4,9,L2_S22|L3_S32|L3_S42,train,0,0.392645,False
4678,1376.08,1403.34,27.26,21,L3_S31|L0_S41|L3_S51,train,0,0.001725,False
4681,1077.94,1078.04,0.1,8,L2_S22|L3_S32|L3_S42,train,0,0.003727,False
4684,542.08,556.26,14.18,18,L3_S23|L0_S33|L3_S43,train,0,0.032697,False
4687,1474.43,1484.25,9.82,14,L2_S30|L3_S40|L3_S50,train,0,0.041131,False
4690,1187.6,1187.7,0.1,21,L1_S21|L2_S31|L3_S41,train,0,0.171184,False
4693,358.41,372.84,14.43,15,L1_S29|L2_S39|L3_S49,train,0,0.452502,False
4696,986.12,999.71,13.59,18,L1_S25|L2_S35|L3_S45,train,0,0.616349,False
4699,1464.1,1477.48,13.38,9,L3_S23|L0_S33|L3_S43,train,0,0.00428,False
4702,273.13,286.56,13.43,12,L0_S24|L1_S34|L3_S44,train,0,0.293114,False
4705,1253.71,1265.22,11.51,10,L2_S30|L3_S40|L3_S50,train,0,0.129769,False
4708,962.2,978.04,15.84,17,L1_S25|L2_S35|L3_S45,train,0,0.092659,False
4711,1674.22,1684.31,10.09,12,L1_S21|L2_S31|L3_S41,train,0,0.568574,False
4714,555.31,557.65,2.34,18,L0_S24|L1_S34|L3_S44,train,0,0.054688,False
4717,48.71,58.17,9.46,21,L1_S29|L2_S39|L3_S49,train,0,0.87529,True
4720,1168.86,1181.54,12.68,8,L2_S30|L3_S40|L3_S50,train,0,0.0105,False
4723,1220.63,1228.52,7.89,19,L0_S28|L1_S38|L3_S48,train,0,0.013363,False
4726,1548.56,1563.81,15.25,10,L0_S28|L1_S38|L3_S48,train,0,0.253414,False
4729,557.92,564.55,6.63,13,L1_S21|L2_S31|L3_S41,train,0,0.315407,False
4732,100.47,110.5,10.03,19,L3_S27|L0_S37|L3_S47,train,0,0.090632,False
4735,30.53,34.01,3.48,19,L2_S30|L3_S40|L3_S50,train,0,0.447636,False
4738,380.52,395.4,14.88,17,L1_S21|L2_S31|L3_S41,train,0,0.306456,False
4741,850.48,851.46,0.98,21,L1_S21|L2_S31|L3_S41,train,0,0.673214,False
4744,1373.97,1392.56,18.59,19,L1_S25|L2_S35|L3_S45,train,0,0.141891,False
4747,477.13,488.23,11.1,21,L3_S31|L0_S41|L3_S51,train,0,0.546548,False
4750,1077.24,1087.41,10.17,15,L1_S21|L2_S31|L3_S41,train,0,0.086607,False
4753,1602.96,1627.04,24.08,20,L3_S31|L0_S41|L3_S51,train,0,0.344238,False
4756,1242.1,1244.56,2.46,14,L2_S26|L3_S36|L3_S46,train,0,0.820979,True
4759,564.03,578.3,14.27,11,L2_S26|L3_S36|L3_S46,train,0,0.489802,False
4762,1278.09,1282.18,4.09,17,L2_S22|L3_S32|L3_S42,train,0,0.227154,False
4765,1516.11,1523.59,7.48,21,L1_S25|L2_S35|L3_S45,train,0,0.029313,False
4768,1544.25,1557.91,13.66,18,L2_S22|L3_S32|L3_S42,train,0,0.060124,False
4771,126.04,142.78,16.74,14,L0_S28|L1_S38|L3_S48,train,0,0.006683,False
4774,703.61,720.68,17.07,9,L2_S22|L3_S32|L3_S42,train,0,0.966188,True
4777,1078.04,1092.09,14.05,19,L3_S27|L0_S37|L3_S47,train,0,0.02602,False
4780,277.56,288.23,10.67,21,L2_S30|L3_S40|L3_S50,train,0,0.611467,False
4783,44.14,50.24,6.1,17,L2_S22|L3_S32|L3_S42,train,0,0.050122,False
4786,251.02,255.32,4.3,11,L3_S27|L0_S37|L3_S47,train,0,0.056241,False
4789,1350.75,1373.13,22.38,17,L0_S20|L1_S30|L3_S40,train,0,0.309827,False
4792,130.32,139.56,9.24,21,L1_S25|L2_S35|L3_S45,train,0,0.94481,True
4795,347.59,353.7,6.11,18,L1_S25|L2_S35|L3_S45,train,0,0.439045,False
4798,70.93,89.98,19.05,9,L0_S28|L1_S38|L3_S48,train,0,0.057286,False
4801,906.51,906.61,0.1,9,L2_S22|L3_S32|L3_S42,train,0,0.515998,False
4804,491.63,504.69,13.06,19,L1_S25|L2_S35|L3_S45,train,0,0.595366,False
4807,137.05,161.07,24.02,12,L1_S29|L2_S39|L3_S49,train,0,0.158829,False
4810,1004.24,1007.86,3.62,12,L3_S31|L0_S41|L3_S51,train,0,0.478492,False
4813,220.01,231.9,11.89,14,L0_S20|L1_S30|L3_S40,train,0,0.16337,False
4816,1409.84,1425.78,15.94,21,L1_S21|L2_S31|L3_S41,train,0,0.047266,False
4819,32.38,45.79,13.41,14,L2_S22|L3_S32|L3_S42,train,0,0.007183,False
4822,1073.48,1087.89,14.41,8,L1_S29|L2_S39|L3_S49,train,0,0.306506,False
4825,1123.3,1140.78,17.48,15,L1_S25|L2_S35|L3_S45,train,0,0.281825,False
4828,1305.85,1318.36,12.51,9,L2_S22|L3_S32|L3_S42,train,0,0.038888,False
4831,572.94,577.52,4.58,15,L0_S20|L1_S30|L3_S40,train,0,0.007772,False
4834,1422.35,1434.73,12.38,10,L1_S25|L2_S35|L3_S45,train,0,0.062967,False
4837,838.96,846.48,7.52,21,L2_S30|L3_S40|L3_S50,train,0,0.085269,False
4840,221.88,239.66,17.78,12,L1_S21|L2_S31|L3_S41,train,0,0.138142,False
4843,1152.83,1167.04,14.21,9,L0_S24|L1_S34|L3_S44,train,0,0.019647,False
4846,1576.5,1585.75,9.25,8,L2_S26|L3_S36|L3_S46,train,0,0.395258,False
4849,208.91,214.3,5.39,8,L0_S24|L1_S34|L3_S44,train,0,0.002433,False
4852,661.8,684.1,22.3,9,L3_S23|L0_S33|L3_S43,train,0,0.001494,False
4855,1216.26,1219.15,2.89,13,L0_S28|L1_S38|L3_S48,train,0,0.131554,False
4858,174.54,179.41,4.87,18,L3_S27|L0_S37|L3_S47,train,0,0.005844,False
4861,784.39,786.71,2.32,12,L2_S22|L3_S32|L3_S42,train,0,0.190453,False
4864,679.22,689.44,10.22,15,L0_S24|L1_S34|L3_S44,train,0,0.782283,True
4867,1250.29,1266.71,16.42,19,L2_S26|L3_S36|L3_S46,train,0,0.607892,False
4870,1333.99,1346.07,12.08,10,L2_S22|L3_S32|L3_S42,train,0,0.628838,False
4873,1054.76,1067.67,12.91,13,L0_S28|L1_S38|L3_S48,train,0,0.612681,False
4876,75.89,82.75,6.86,9,L1_S29|L2_S39|L3_S49,train,0,0.252929,False
4879,1699.1,1711.08,11.98,9,L0_S24|L1_S34|L3_S44,train,0,0.309326,False
4882,121.54,125.81,4.27,15,L3_S23|L0_S33|L3_S43,train,0,0.047266,False
4885,377.28,388,10.72,20,L1_S29|L2_S39|L3_S49,train,0,0.027282,False
4888,498.91,513.94,15.03,9,L2_S30|L3_S40|L3_S50,train,0,0.018628,False
4891,1442.22,1458.68,16.46,20,L0_S20|L1_S30|L3_S40,train,0,0.568411,False
4894,748.97,767.81,18.84,18,L0_S28|L1_S38|L3_S48,train,1,0.103017,False
4897,1425.07,1438.26,13.19,20,L0_S20|L1_S30|L3_S40,train,0,0.597464,False
4900,1019.51,1044,24.49,20,L1_S29|L2_S39|L3_S49,train,0,0.217399,False
4903,1562.7,1573.94,11.24,10,L2_S22|L3_S32|L3_S42,train,0,0.704039,False
4906,56.29,74.67,18.38,18,L3_S23|L0_S33|L3_S43,train,0,0.093904,False
4909,246.28,249.52,3.24,12,L2_S26|L3_S36|L3_S46,train,0,0.000293,False
4912,1641.12,1661.99,20.87,20,L3_S23|L0_S33|L3_S43,train,0,0.532571,False
4915,1456.63,1469.08,12.45,16,L0_S28|L1_S38|L3_S48,train,0,0.067367,False
4918,1474.26,1484.46,10.2,19,L0_S24|L1_S34|L3_S44,train,0,0.808148,True
4921,781.17,787.78,6.61,10,L0_S20|L1_S30|L3_S40,train,0,0.098346,False
4924,694.85,703.45,8.6,17,L3_S31|L0_S41|L3_S51,train,1,0.770109,True
4927,1497.02,1499.27,2.25,10,L0_S20|L1_S30|L3_S40,train,0,0.185388,False
4930,1022.95,1045.47,22.52,17,L3_S23|L0_S33|L3_S43,train,0,0.6373,False
4933,1698.05,1720.17,22.12,19,L3_S31|L0_S41|L3_S51,train,0,0.6676,False
4936,318.32,329.43,11.11,20,L2_S26|L3_S36|L3_S46,train,0,0.510674,False
4939,284.84,294.72,9.88,18,L1_S25|L2_S35|L3_S45,train,0,0.001305,False
4942,1420.04,1441.21,21.17,14,L0_S20|L1_S30|L3_S40,train,0,0.102971,False
4945,1202.54,1208.09,5.55,13,L1_S29|L2_S39|L3_S49,train,0,0.030137,False
4948,1509.72,1519.38,9.66,19,L1_S21|L2_S31|L3_S41,train,0,0.144194,False
4951,716.36,734.89,18.53,15,L2_S30|L3_S40|L3_S50,train,0,0.005391,False
4954,207.82,218.25,10.43,20,L1_S29|L2_S39|L3_S49,train,0,0.16145,False
4957,1284.17,1294.17,10,8,L1_S29|L2_S39|L3_S49,train,0,0.159498,False
4960,771.93,772.03,0.1,16,L2_S22|L3_S32|L3_S42,train,0,0.015614,False
4963,1508.53,1515.83,7.3,10,L3_S27|L0_S37|L3_S47,train,0,0.086257,False
4966,1499.54,1503.28,3.74,14,L1_S21|L2_S31|L3_S41,train,0,0.128849,False
4969,370.84,383,12.16,14,L3_S31|L0_S41|L3_S51,train,0,0.998444,True
4972,460.48,474.74,14.26,14,L0_S28|L1_S38|L3_S48,train,0,0.53801,False
4975,1321.6,1335.06,13.46,21,L1_S21|L2_S31|L3_S41,train,0,0.295476,False
4978,1427.13,1429.91,2.78,10,L2_S22|L3_S32|L3_S42,train,0,0.372368,False
4981,244.58,259.02,14.44,15,L1_S29|L2_S39|L3_S49,train,0,0.342154,False
4984,495.56,511.92,16.36,9,L0_S24|L1_S34|L3_S44,train,0,0.419803,False
4987,610.09,614.68,4.59,14,L0_S28|L1_S38|L3_S48,train,0,0.04704,False
4990,504.69,517,12.31,14,L0_S20|L1_S30|L3_S40,train,0,0.048303,False
4993,1337.9,1359.07,21.17,19,L0_S20|L1_S30|L3_S40,train,0,0.026609,False
4996,210.63,216.91,6.28,12,L3_S27|L0_S37|L3_S47,train,0,0.677329,False
4999,19.69,36.55,16.86,16,L2_S30|L3_S40|L3_S50,train,0,0.011008,False
5002,963.97,970.1,6.13,11,L1_S29|L2_S39|L3_S49,train,0,0.691656,False
5005,60.57,74.59,14.02,20,L2_S30|L3_S40|L3_S50,train,0,0.018398,False
5008,245.88,265.62,19.74,14,L2_S26|L3_S36|L3_S46,train,0,0.397094,False
5011,1472.32,1490.81,18.49,14,L2_S26|L3_S36|L3_S46,train,0,0.56896,False
5014,395.34,404.05,8.71,14,L2_S26|L3_S36|L3_S46,train,0,0.755142,True
5017,612.33,620.03,7.7,14,L3_S23|L0_S33|L3_S43,train,0,0.000931,False
5020,473.47,489.31,15.84,21,L3_S23|L0_S33|L3_S43,train,0,0.402312,False
5023,144.44,160.55,16.11,18,L3_S31|L0_S41|L3_S51,train,0,0.196656,False
5026,151.97,165.1,13.13,12,L1_S25|L2_S35|L3_S45,train,0,0.714392,False
5029,510.12,528.01,17.89,21,L1_S25|L2_S35|L3_S45,train,0,0.129246,False
5032,1355.56,1362.56,7,11,L3_S23|L0_S33|L3_S43,train,0,0.019874,False
5035,622.46,630.87,8.41,14,L1_S21|L2_S31|L3_S41,train,0,0.711906,False
5038,490.19,500.25,10.06,8,L2_S26|L3_S36|L3_S46,train,0,0.033133,False
5041,1085.11,1093.46,8.35,14,L3_S27|L0_S37|L3_S47,train,0,0.173917,False
5044,1054.11,1065.62,11.51,11,L3_S31|L0_S41|L3_S51,train,0,0.293748,False
5047,1657.17,1666.39,9.22,15,L2_S22|L3_S32|L3_S42,train,0,0.000638,False
5050,274.87,293.25,18.38,16,L0_S20|L1_S30|L3_S40,train,0,0.1362,False
5053,662.85,667.36,4.51,12,L2_S22|L3_S32|L3_S42,train,0,0.00252,False
5056,291.31,300.23,8.92,17,L3_S31|L0_S41|L3_S51,train,0,0.507928,False
5059,473.12,479.96,6.84,13,L2_S30|L3_S40|L3_S50,train,0,0.237521,False
5062,1168.11,1172.75,4.64,13,L3_S27|L0_S37|L3_S47,train,1,0.83092,True
5065,169.58,183.92,14.34,15,L3_S27|L0_S37|L3_S47,train,0,0.065764,False
5068,88.25,110.25,22,20,L0_S28|L1_S38|L3_S48,train,0,0.929453,True
5071,343.52,349.66,6.14,11,L0_S20|L1_S30|L3_S40,train,0,0.020152,False
5074,983.84,1000.33,16.49,13,L0_S20|L1_S30|L3_S40,train,0,0.0059,False
5077,227.84,238.83,10.99,11,L1_S25|L2_S35|L3_S45,train,0,0.017097,False
5080,1682.86,1699.81,16.95,8,L3_S27|L0_S37|L3_S47,train,0,0.100001,False
5083,600.5,608.57,8.07,21,L0_S24|L1_S34|L3_S44,train,0,0.006587,False
5086,1152.51,1161.33,8.82,17,L0_S20|L1_S30|L3_S40,train,0,0.161816,False
5089,676.28,690.9,14.62,15,L1_S29|L2_S39|L3_S49,train,0,0.155246,False
5092,270.74,278.82,8.08,18,L0_S20|L1_S30|L3_S40,train,0,0.010697,False
5095,139.08,149.87,10.79,8,L0_S28|L1_S38|L3_S48,train,0,0.012103,False
5098,422.97,436.6,13.63,17,L0_S28|L1_S38|L3_S48,train,0,0.186095,False
5101,416.14,428.8,12.66,19,L3_S23|L0_S33|L3_S43,train,0,0.613427,False
5104,1065.32,1072.39,7.07,9,L0_S20|L1_S30|L3_S40,train,0,0.3365,False
5107,1108.35,1123.04,14.69,10,L2_S26|L3_S36|L3_S46,train,0,0.381123,False
5110,716.79,724.06,7.27,18,L3_S31|L0_S41|L3_S51,train,0,0.038227,False
5113,788.11,802.33,14.22,19,L1_S21|L2_S31|L3_S41,train,0,0.002695,False
5116,1649.09,1660.61,11.52,10,L3_S31|L0_S41|L3_S51,train,0,0.177916,False
5119,435.82,446.91,11.09,13,L0_S20|L1_S30|L3_S40,train,1,0.738093,True
5122,1234.86,1234.96,0.1,16,L0_S20|L1_S30|L3_S40,train,0,0.724825,False
5125,1278.2,1283.94,5.74,16,L3_S23|L0_S33|L3_S43,train,1,0.810746,True
5128,1157.06,1168.5,11.44,11,L1_S25|L2_S35|L3_S45,train,0,0.216647,False
5131,961.99,970.43,8.44,11,L0_S24|L1_S34|L3_S44,train,0,0.519591,False
5134,31.88,34.73,2.85,12,L0_S24|L1_S34|L3_S44,train,0,0.118059,False
5137,1283.93,1304.95,21.02,16,L1_S25|L2_S35|L3_S45,train,0,0.630669,False
5140,1096.78,1113.68,16.9,15,L0_S24|L1_S34|L3_S44,train,0,0.154829,False
5143,1248.07,1258.35,10.28,15,L1_S21|L2_S31|L3_S41,train,0,0.037895,False
5146,1431.95,1432.05,0.1,18,L1_S29|L2_S39|L3_S49,train,0,0.206497,False
5149,133.27,141.13,7.86,9,L3_S31|L0_S41|L3_S51,train,0,0.910525,True
5152,1550.63,1559.72,9.09,16,L2_S22|L3_S32|L3_S42,train,0,0.657441,False
5155,143.58,148.42,4.84,12,L1_S21|L2_S31|L3_S41,train,0,0.364179,False
5158,633.65,653.64,19.99,11,L2_S22|L3_S32|L3_S42,train,0,0.363401,False
5161,1434.41,1438.1,3.69,10,L1_S25|L2_S35|L3_S45,train,0,0.81605,True
5164,1193.21,1200.8,7.59,9,L0_S20|L1_S30|L3_S40,train,0,0.344113,False
5167,266.02,274.8,8.78,16,L2_S22|L3_S32|L3_S42,train,0,0.107238,False
5170,298.04,308.42,10.38,14,L2_S22|L3_S32|L3_S42,train,0,0.00148,False
5173,468.76,486.08,17.32,15,L0_S24|L1_S34|L3_S44,train,0,0.164425,False
5176,508.86,517.64,8.78,16,L2_S22|L3_S32|L3_S42,train,0,0.013947,False
5179,845.03,857.84,12.81,19,L2_S22|L3_S32|L3_S42,train,0,0.071693,False
5182,777.44,788.74,11.3,17,L0_S20|L1_S30|L3_S40,train,0,0.256481,False
5185,108.24,112.7,4.46,11,L1_S29|L2_S39|L3_S49,train,0,0.516996,False
5188,74.78,86.55,11.77,15,L1_S25|L2_S35|L3_S45,train,0,0.029643,False
5191,1259.32,1266.57,7.25,13,L2_S22|L3_S32|L3_S42,train,0,0.249679,False
5194,141.88,144.5,2.62,9,L3_S23|L0_S33|L3_S43,train,0,0.710254,False
5197,1159.02,1167.57,8.55,20,L1_S21|L2_S31|L3_S41,train,0,0.863879,True
5200,1142.69,1156.69,14,14,L1_S29|L2_S39|L3_S49,train,0,0.563173,False
5203,813.69,826.19,12.5,14,L2_S30|L3_S40|L3_S50,train,0,0.327421,False
5206,212,224.32,12.32,8,L3_S31|L0_S41|L3_S51,train,0,0.495331,False
5209,1352.74,1360.44,7.7,16,L0_S24|L1_S34|L3_S44,train,0,0.647179,False
5212,344.56,353.6,9.04,12,L0_S24|L1_S34|L3_S44,train,0,0.054324,False
5215,1182.23,1187.73,5.5,11,L2_S22|L3_S32|L3_S42,train,0,0.394805,False
5218,1322.88,1329.14,6.26,9,L2_S26|L3_S36|L3_S46,train,0,0.001799,False
5221,442.91,459.95,17.04,8,L0_S20|L1_S30|L3_S40,train,0,0.098828,False
5224,203.2,210.66,7.46,12,L3_S31|L0_S41|L3_S51,train,0,0.001881,False
5227,60.92,67.92,7,14,L3_S27|L0_S37|L3_S47,train,0,0.087908,False
5230,1292.27,1298.8,6.53,15,L3_S27|L0_S37|L3_S47,train,0,0.378449,False
5233,1050.98,1055.06,4.08,14,L3_S23|L0_S33|L3_S43,train,0,0.520256,False
5236,468.37,468.47,0.1,14,L3_S27|L0_S37|L3_S47,train,0,0.056897,False
5239,1122.14,1144.04,21.9,13,L2_S26|L3_S36|L3_S46,train,0,0.878042,True
5242,1611.52,1614.78,3.26,21,L2_S26|L3_S36|L3_S46,train,0,0.719899,False
5245,624.75,628.53,3.78,21,L2_S30|L3_S40|L3_S50,train,0,0.502705,False
5248,890.08,909.39,19.31,11,L1_S25|L2_S35|L3_S45,train,1,0.782062,True
5251,646.35,647.8,1.45,8,L1_S29|L2_S39|L3_S49,train,0,0.034239,False
5254,1250.1,1254.39,4.29,13,L1_S29|L2_S39|L3_S49,train,0,0.413707,False
5257,815.31,832.62,17.31,8,L1_S29|L2_S39|L3_S49,train,0,0.021085,False
5260,1600.3,1612.92,12.62,12,L1_S25|L2_S35|L3_S45,train,0,0.307326,False
5263,924.47,938.16,13.69,17,L1_S29|L2_S39|L3_S49,train,0,0.04709,False
5266,464.98,487.23,22.25,16,L1_S29|L2_S39|L3_S49,train,0,0.001246,False
5269,1135.91,1148.42,12.51,16,L3_S27|L0_S37|L3_S47,train,0,0.367002,False
5272,428.24,446.82,18.58,13,L0_S28|L1_S38|L3_S48,train,0,0.618638,False
5275,269.98,288.49,18.51,16,L3_S31|L0_S41|L3_S51,train,1,0.918921,True
5278,1275.18,1281.28,6.1,10,L0_S24|L1_S34|L3_S44,train,0,0.352187,False
5281,335.21,346.86,11.65,12,L3_S31|L0_S41|L3_S51,train,0,0.767762,True
5284,1179.39,1194.13,14.74,10,L3_S31|L0_S41|L3_S51,train,0,0.48814,False
5287,1286.47,1286.57,0.1,8,L3_S23|L0_S33|L3_S43,train,0,0.194107,False
5290,1587.52,1602.37,14.85,9,L0_S28|L1_S38|L3_S48,train,0,0.034058,False
5293,252.71,266.24,13.53,20,L2_S30|L3_S40|L3_S50,train,0,0.83856,True
5296,1231.15,1231.25,0.1,20,L2_S22|L3_S32|L3_S42,train,0,0.00423,False
5299,79.56,89.79,10.23,12,L1_S21|L2_S31|L3_S41,train,0,0.447395,False
5302,1445.68,1452.75,7.07,17,L2_S22|L3_S32|L3_S42,train,0,0.000111,False
5305,619.5,630.09,10.59,16,L1_S25|L2_S35|L3_S45,train,0,0.170384,False
5308,752.28,764.02,11.74,8,L2_S26|L3_S36|L3_S46,train,0,0.036974,False
5311,907.26,912.86,5.6,10,L1_S29|L2_S39|L3_S49,train,0,0.016324,False
5314,212.49,221.01,8.52,9,L1_S29|L2_S39|L3_S49,train,0,0.510538,False
5317,1683.51,1700.96,17.45,13,L3_S23|L0_S33|L3_S43,train,0,0.412054,False
5320,986.02,993.52,7.5,13,L3_S31|L0_S41|L3_S51,train,0,0.023617,False
5323,548.59,560.93,12.34,15,L1_S29|L2_S39|L3_S49,train,0,0.014115,False
5326,1110.51,1119.48,8.97,12,L2_S30|L3_S40|L3_S50,train,0,0.0442,False
5329,758.39,771.68,13.29,12,L3_S27|L0_S37|L3_S47,train,0,0.003026,False
5332,654.07,664.09,10.02,18,L2_S30|L3_S40|L3_S50,train,0,0.137363,False
5335,660.43,674.76,14.33,9,L1_S25|L2_S35|L3_S45,train,0,0.104183,False
5338,817.46,828.21,10.75,20,L3_S27|L0_S37|L3_S47,train,0,0.420134,False
5341,1072.78,1079.05,6.27,10,L3_S31|L0_S41|L3_S51,train,0,0.407734,False
5344,230.03,249.21,19.18,9,L1_S25|L2_S35|L3_S45,train,0,0.438704,False
5347,927.64,927.74,0.1,11,L1_S29|L2_S39|L3_S49,train,1,0.774929,True
5350,1574.19,1591.84,17.65,14,L2_S22|L3_S32|L3_S42,train,0,0.918756,True
5353,1004.64,1007.82,3.18,13,L3_S23|L0_S33|L3_S43,train,0,0.640041,False
5356,845.64,855.59,9.95,10,L2_S22|L3_S32|L3_S42,train,0,0.384065,False
5359,172.54,177.61,5.07,20,L2_S22|L3_S32|L3_S42,train,0,0.549827,False
5362,376.32,389.08,12.76,11,L0_S24|L1_S34|L3_S44,train,0,0.163539,False
5365,591.51,612.82,21.31,17,L2_S22|L3_S32|L3_S42,train,0,0.022283,False
5368,1551.19,1560.13,8.94,21,L0_S24|L1_S34|L3_S44,train,0,0.478389,False
5371,660.11,673.51,13.4,12,L2_S22|L3_S32|L3_S42,train,1,0.761151,True
5374,112.48,125.05,12.57,13,L1_S25|L2_S35|L3_S45,train,0,0.100378,False
5377,121.95,133.77,11.82,16,L3_S27|L0_S37|L3_S47,train,0,0.011688,False
5380,434.63,444.89,10.26,16,L1_S29|L2_S39|L3_S49,train,0,0.427953,False
5383,806.4,813.65,7.25,16,L2_S26|L3_S36|L3_S46,train,0,0.334615,False
5386,1526.47,1534.25,7.78,21,L1_S29|L2_S39|L3_S49,train,0,0.004121,False
5389,9.67,24.18,14.51,11,L3_S27|L0_S37|L3_S47,train,0,0.033203,False
5392,1317.74,1326.06,8.32,17,L0_S20|L1_S30|L3_S40,train,0,0.000921,False
5395,128.86,147.9,19.04,10,L2_S30|L3_S40|L3_S50,train,0,0.352401,False
5398,931.58,941.48,9.9,17,L0_S20|L1_S30|L3_S40,train,0,0.208186,False
5401,1397.01,1404.62,7.61,10,L0_S28|L1_S38|L3_S48,train,0,0.924026,True
5404,635.64,638.9,3.26,14,L3_S27|L0_S37|L3_S47,train,0,0.508896,False
5407,247.83,256.36,8.53,14,L2_S26|L3_S36|L3_S46,train,0,0.083611,False
5410,1221.13,1240.02,18.89,15,L3_S23|L0_S33|L3_S43,train,0,0.452932,False
5413,1375.26,1390.17,14.91,12,L3_S23|L0_S33|L3_S43,train,0,0.003056,False
5416,104.63,109.51,4.88,18,L0_S20|L1_S30|L3_S40,train,0,0.599382,False
5419,30.27,35.99,5.72,8,L0_S24|L1_S34|L3_S44,train,0,0.718587,False
5422,1534.25,1539.26,5.01,15,L0_S20|L1_S30|L3_S40,train,0,0.015103,False
5425,1425.81,1437.69,11.88,18,L1_S25|L2_S35|L3_S45,train,0,0.027922,False
5428,817.79,825.31,7.52,12,L0_S28|L1_S38|L3_S48,train,0,0.057987,False
5431,583.17,603.36,20.19,15,L0_S24|L1_S34|L3_S44,train,0,0.876964,True
5434,746.88,768.72,21.84,16,L3_S31|L0_S41|L3_S51,train,0,0.136889,False
5437,1549.07,1552.57,3.5,9,L1_S29|L2_S39|L3_S49,train,0,0.172764,False
5440,254.29,266.73,12.44,8,L1_S25|L2_S35|L3_S45,train,0,0.987954,True
5443,864.25,864.35,0.1,11,L0_S24|L1_S34|L3_S44,train,0,0.250067,False
5446,354.3,364.91,10.61,17,L1_S25|L2_S35|L3_S45,train,0,0.004258,False
5449,1213.87,1213.97,0.1,19,L2_S26|L3_S36|L3_S46,train,0,0.221311,False
5452,1370.85,1379.31,8.46,19,L0_S24|L1_S34|L3_S44,train,0,0.572953,False
5455,1515.88,1529.28,13.4,10,L2_S30|L3_S40|L3_S50,train,0,0.433821,False
5458,1152.63,1163.83,11.2,20,L0_S24|L1_S34|L3_S44,train,0,0.003582,False
5461,35.41,56.31,20.9,18,L1_S25|L2_S35|L3_S45,train,0,0.13279,False
5464,960.02,968.6,8.58,12,L2_S26|L3_S36|L3_S46,train,0,0.012573,False
5467,81.59,82.95,1.36,13,L0_S28|L1_S38|L3_S48,train,0,0.043404,False
5470,712.34,724.99,12.65,19,L0_S20|L1_S30|L3_S40,train,0,0.314033,False
5473,1280.88,1291.24,10.36,14,L2_S22|L3_S32|L3_S42,train,0,0.008356,False
5476,46.48,61.95,15.47,13,L2_S30|L3_S40|L3_S50,train,0,0.020075,False
5479,88.74,99.82,11.08,10,L2_S26|L3_S36|L3_S46,train,0,0.172792,False
5482,1189.68,1201.35,11.67,12,L3_S23|L0_S33|L3_S43,train,0,0.114109,False
5485,1476.6,1484.97,8.37,20,L2_S26|L3_S36|L3_S46,train,0,0.596004,False
5488,643.87,653.97,10.1,11,L1_S21|L2_S31|L3_S41,train,0,0.108873,False
5491,895.01,906.57,11.56,10,L1_S25|L2_S35|L3_S45,train,0,0.140433,False
5494,1284.27,1286.94,2.67,10,L3_S27|L0_S37|L3_S47,train,0,0.59417,False
5497,476.79,484.98,8.19,21,L1_S25|L2_S35|L3_S45,train,0,0.009539,False
5500,435.27,441.76,6.49,21,L3_S27|L0_S37|L3_S47,train,0,0.153437,False
5503,638.42,641.79,3.37,8,L0_S28|L1_S38|L3_S48,train,0,0.118604,False
5506,792.2,798.6,6.4,10,L3_S31|L0_S41|L3_S51,train,0,0.33255,False
5509,674.39,690.47,16.08,12,L3_S23|L0_S33|L3_S43,train,0,0.027371,False
5512,687.84,709.05,21.21,10,L0_S24|L1_S34|L3_S44,train,0,0.119684,False
5515,671.4,689.63,18.23,21,L1_S29|L2_S39|L3_S49,train,0,0.852784,True
5518,1112.5,1117.3,4.8,9,L0_S24|L1_S34|L3_S44,train,0,0.459612,False
5521,565.48,569.55,4.07,18,L1_S21|L2_S31|L3_S41,train,0,0.043158,False
5524,942.94,961.35,18.41,12,L3_S23|L0_S33|L3_S43,train,0,0.033378,False
5527,1281.77,1294.06,12.29,11,L0_S24|L1_S34|L3_S44,train,0,0.270481,False
5530,734.7,753.65,18.95,14,L2_S26|L3_S36|L3_S46,train,0,0.001739,False
5533,865.59,880.68,15.09,15,L1_S25|L2_S35|L3_S45,train,0,0.005021,False
5536,1618.21,1622.89,4.68,13,L3_S23|L0_S33|L3_S43,train,0,0.426654,False
5539,64.87,77.37,12.5,12,L3_S23|L0_S33|L3_S43,train,0,0.178274,False
5542,821.28,833.31,12.03,21,L3_S27|L0_S37|L3_S47,train,1,0.939476,True
5545,323.8,324.72,0.92,17,L2_S22|L3_S32|L3_S42,train,1,0.777882,True
5548,462.15,472.45,10.3,18,L0_S28|L1_S38|L3_S48,train,0,0.470867,False
5551,880.13,890.08,9.95,21,L1_S29|L2_S39|L3_S49,train,0,0.225212,False
5554,210.13,228.85,18.72,12,L1_S25|L2_S35|L3_S45,train,0,0.702481,False
5557,661.45,683.46,22.01,8,L0_S28|L1_S38|L3_S48,train,0,0.134899,False
5560,577.38,594.81,17.43,16,L3_S31|L0_S41|L3_S51,train,0,0.50149,False
5563,1328.01,1346.28,18.27,21,L3_S31|L0_S41|L3_S51,train,0,0.48257,False
5566,704.92,709.12,4.2,21,L3_S27|L0_S37|L3_S47,train,0,0.496743,False
5569,239.71,253.44,13.73,8,L0_S28|L1_S38|L3_S48,train,0,0.089984,False
5572,946.71,958.01,11.3,13,L1_S25|L2_S35|L3_S45,train,0,0.140565,False
5575,1289.17,1296.91,7.74,16,L1_S29|L2_S39|L3_S49,train,0,0.018034,False
5578,617.3,632.01,14.71,17,L3_S31|L0_S41|L3_S51,train,0,0.322119,False
5581,769.4,778.46,9.06,10,L1_S29|L2_S39|L3_S49,train,0,0.315892,False
5584,13.16,28.97,15.81,18,L0_S24|L1_S34|L3_S44,train,0,0.026964,False
5587,773.52,785.24,11.72,9,L3_S23|L0_S33|L3_S43,train,0,0.123618,False
5590,241.56,246.15,4.59,8,L0_S20|L1_S30|L3_S40,train,0,0.519772,False
5593,1164.7,1177.07,12.37,13,L0_S28|L1_S38|L3_S48,train,0,0.241564,False
5596,828.49,839.75,11.26,14,L1_S21|L2_S31|L3_S41,train,0,0.655543,False
5599,53.28,62.29,9.01,19,L1_S21|L2_S31|L3_S41,train,0,0.661342,False
5602,1085.4,1095.81,10.41,9,L0_S20|L1_S30|L3_S40,train,1,0.90927,True
5605,958.6,959.09,0.49,10,L0_S24|L1_S34|L3_S44,train,0,0.011108,False
5608,1463.84,1468.15,4.31,12,L1_S29|L2_S39|L3_S49,train,0,0.448806,False
5611,1400.62,1408.46,7.84,14,L0_S28|L1_S38|L3_S48,train,0,0.998767,True
5614,1289.94,1312.1,22.16,14,L1_S21|L2_S31|L3_S41,train,0,0.140723,False
5617,1430.38,1444.52,14.14,19,L0_S28|L1_S38|L3_S48,train,0,0.024681,False
5620,991.02,1000.98,9.96,20,L2_S30|L3_S40|L3_S50,train,0,0.918921,True
5623,237.79,248.71,10.92,19,L3_S27|L0_S37|L3_S47,train,0,0.061519,False
5626,901.07,919.83,18.76,18,L0_S24|L1_S34|L3_S44,train,0,0.544404,False
5629,697.97,712,14.03,15,L1_S25|L2_S35|L3_S45,train,0,0.070043,False
5632,533.4,536.92,3.52,20,L2_S22|L3_S32|L3_S42,train,0,0.05785,False
5635,403.73,405.74,2.01,9,L0_S20|L1_S30|L3_S40,train,0,0.183824,False
5638,1476.67,1477.92,1.25,11,L3_S31|L0_S41|L3_S51,train,0,0.006227,False
5641,94.83,99.72,4.89,10,L2_S30|L3_S40|L3_S50,train,0,0.980594,True
5644,264.1,283.01,18.91,10,L0_S24|L1_S34|L3_S44,train,0,0.748277,True
5647,682.9,699.7,16.8,12,L0_S20|L1_S30|L3_S40,train,0,0.005719,False
5650,834.26,849.55,15.29,8,L1_S21|L2_S31|L3_S41,train,0,0.796358,True
5653,111.18,118.07,6.89,15,L0_S28|L1_S38|L3_S48,train,0,0.124544,False
5656,573.12,582.45,9.33,11,L1_S25|L2_S35|L3_S45,train,0,0.974497,True
5659,322.08,335.9,13.82,14,L3_S31|L0_S41|L3_S51,train,1,0.827837,True
5662,258.75,269.98,11.23,9,L0_S24|L1_S34|L3_S44,train,0,0.104206,False
5665,1671.24,1678.39,7.15,12,L0_S24|L1_S34|L3_S44,train,0,0.033897,False
5668,1675.11,1690.62,15.51,10,L1_S21|L2_S31|L3_S41,train,0,0.280201,False
5671,964.43,976.12,11.69,18,L1_S25|L2_S35|L3_S45,train,0,0.480315,False
5674,1689.47,1691.16,1.69,17,L2_S26|L3_S36|L3_S46,train,0,0.075625,False
5677,346.68,359.2,12.52,17,L0_S28|L1_S38|L3_S48,train,0,0.260091,False
5680,75.57,87.73,12.16,8,L3_S27|L0_S37|L3_S47,train,0,0.648207,False
5683,217.94,234.18,16.24,13,L0_S28|L1_S38|L3_S48,train,0,0.697922,False
5686,397.26,407.65,10.39,10,L2_S30|L3_S40|L3_S50,train,0,0.375668,False
5689,65.83,75.62,9.79,13,L1_S21|L2_S31|L3_S41,train,1,0.990989,True
5692,1523.61,1544.04,20.43,12,L0_S28|L1_S38|L3_S48,train,0,0.049313,False
5695,96.29,121.18,24.89,13,L3_S31|L0_S41|L3_S51,train,0,0.282856,False
5698,1306.01,1319.51,13.5,16,L2_S30|L3_S40|L3_S50,train,0,0.237203,False
5701,423.09,424.77,1.68,10,L1_S21|L2_S31|L3_S41,train,1,0.781212,True
5704,436.13,444.58,8.45,10,L0_S24|L1_S34|L3_S44,train,0,0.649991,False
5707,358.63,371.98,13.35,17,L1_S25|L2_S35|L3_S45,train,0,0.29532,False
5710,927.03,931.56,4.53,16,L1_S21|L2_S31|L3_S41,train,0,0.931766,True
5713,1207.68,1217,9.32,12,L3_S27|L0_S37|L3_S47,train,0,0.143794,False
5716,166.25,181.62,15.37,17,L3_S23|L0_S33|L3_S43,train,0,0.909094,True
5719,1048.58,1048.7,0.12,14,L0_S24|L1_S34|L3_S44,train,0,0.358058,False
5722,1103.29,1119.06,15.77,10,L1_S25|L2_S35|L3_S45,train,0,0.519444,False
5725,34.37,40.48,6.11,15,L3_S23|L0_S33|L3_S43,train,0,0.010509,False
5728,157.6,170.16,12.56,17,L2_S26|L3_S36|L3_S46,train,0,0.238107,False
5731,958.11,974.91,16.8,18,L2_S22|L3_S32|L3_S42,train,0,0.295292,False
5734,290.49,307.58,17.09,9,L3_S31|L0_S41|L3_S51,train,0,0.59401,False
5737,1645.12,1654.12,9,12,L0_S20|L1_S30|L3_S40,train,0,0.986417,True
5740,1076.49,1096.7,20.21,19,L3_S31|L0_S41|L3_S51,train,0,0.00138,False
5743,470.77,486.55,15.78,9,L1_S25|L2_S35|L3_S45,train,0,0.275858,False
5746,1662.74,1662.92,0.18,11,L0_S28|L1_S38|L3_S48,train,0,0.138415,False
5749,1562.94,1583.04,20.1,14,L3_S23|L0_S33|L3_S43,train,0,0.753172,True
5752,826.68,839.16,12.48,21,L3_S27|L0_S37|L3_S47,train,0,0.300923,False
5755,1301.99,1321.3,19.31,10,L3_S31|L0_S41|L3_S51,train,0,0.562399,False
5758,300.24,308.07,7.83,16,L2_S30|L3_S40|L3_S50,train,0,0.388456,False
5761,70.62,89.48,18.86,19,L0_S20|L1_S30|L3_S40,train,0,0.656428,False
5764,1069.4,1079.26,9.86,8,L1_S25|L2_S35|L3_S45,train,0,0.009234,False
5767,1104.61,1123.68,19.07,17,L1_S21|L2_S31|L3_S41,train,0,0.283369,False
5770,460.72,464.97,4.25,16,L0_S20|L1_S30|L3_S40,train,1,0.778438,True
5773,524.48,538.46,13.98,15,L0_S28|L1_S38|L3_S48,train,0,0.226906,False
5776,1248.35,1253.74,5.39,20,L0_S28|L1_S38|L3_S48,train,0,0.429957,False
5779,72.4,84.23,11.83,8,L3_S27|L0_S37|L3_S47,train,1,0.916531,True
5782,1670.27,1687.67,17.4,14,L1_S29|L2_S39|L3_S49,train,0,0.490916,False
5785,107.83,125.17,17.34,20,L0_S24|L1_S34|L3_S44,train,0,0.193043,False
5788,28.85,51.24,22.39,17,L3_S27|L0_S37|L3_S47,train,0,0.033763,False
5791,1145.91,1146.01,0.1,9,L2_S30|L3_S40|L3_S50,train,0,0.223262,False
5794,1629.54,1650.93,21.39,13,L1_S21|L2_S31|L3_S41,train,0,0.016485,False
5797,534.57,551.04,16.47,19,L3_S31|L0_S41|L3_S51,train,0,0.697932,False
5800,220.94,224.27,3.33,16,L1_S29|L2_S39|L3_S49,train,1,0.743943,True
5803,1058.53,1076.19,17.66,18,L1_S25|L2_S35|L3_S45,train,0,0.142422,False
5806,829.71,829.81,0.1,21,L0_S28|L1_S38|L3_S48,train,0,0.840009,True
5809,355.44,374.17,18.73,14,L3_S31|L0_S41|L3_S51,train,0,0.000457,False
5812,20.6,32.38,11.78,8,L0_S20|L1_S30|L3_S40,train,0,0.101096,False
5815,360.11,363.11,3,11,L3_S23|L0_S33|L3_S43,train,0,0.061373,False
5818,369.59,373.67,4.08,14,L1_S21|L2_S31|L3_S41,train,0,0.19837,False
5821,214.29,222.27,7.98,11,L3_S23|L0_S33|L3_S43,train,0,0.005715,False
5824,1357.57,1364.13,6.56,9,L1_S29|L2_S39|L3_S49,train,0,0.000337,False
5827,1179.2,1179.59,0.39,14,L3_S31|L0_S41|L3_S51,train,0,0.616708,False
5830,514.51,523.55,9.04,9,L1_S21|L2_S31|L3_S41,train,0,0.096396,False
5833,1175.98,1187.89,11.91,9,L2_S26|L3_S36|L3_S46,train,0,0.491239,False
5836,430.44,443.38,12.94,16,L0_S24|L1_S34|L3_S44,train,1,0.980054,True
5839,689.7,689.8,0.1,11,L3_S23|L0_S33|L3_S43,train,0,0.103379,False
5842,846.23,856.06,9.83,8,L3_S31|L0_S41|L3_S51,train,0,0.085786,False
5845,1112.37,1131.38,19.01,8,L3_S23|L0_S33|L3_S43,train,0,0.921686,True
5848,1393.33,1393.43,0.1,14,L0_S24|L1_S34|L3_S44,train,0,0.848591,True
5851,325.24,332.68,7.44,19,L3_S31|L0_S41|L3_S51,train,0,0.018275,False
5854,140.67,149.65,8.98,19,L3_S31|L0_S41|L3_S51,train,0,0.184077,False
5857,786.72,788.88,2.16,20,L1_S25|L2_S35|L3_S45,train,0,0.143655,False
5860,1448.56,1465.36,16.8,20,L2_S26|L3_S36|L3_S46,train,0,0.18829,False
5863,108.63,119.83,11.2,12,L1_S21|L2_S31|L3_S41,train,0,0.313117,False
5866,823.37,837.21,13.84,17,L1_S25|L2_S35|L3_S45,train,0,0.294642,False
5869,922.39,925.95,3.56,14,L3_S27|L0_S37|L3_S47,train,0,0.009484,False
5872,1354.78,1369.61,14.83,11,L1_S29|L2_S39|L3_S49,train,0,0.24913,False
5875,82.39,93.49,11.1,16,L3_S27|L0_S37|L3_S47,train,0,0.324718,False
5878,1042.88,1042.98,0.1,15,L2_S30|L3_S40|L3_S50,train,0,0.558541,False
5881,937.27,939.88,2.61,19,L0_S28|L1_S38|L3_S48,train,0,0.014315,False
5884,668.35,679.59,11.24,15,L1_S25|L2_S35|L3_S45,train,0,0.027252,False
5887,394.15,408.75,14.6,14,L2_S26|L3_S36|L3_S46,train,0,0.118206,False
5890,142.31,151.89,9.58,21,L1_S29|L2_S39|L3_S49,train,0,0.060665,False
5893,1332.56,1354.46,21.9,13,L0_S28|L1_S38|L3_S48,train,0,0.023005,False
5896,789.89,802.44,12.55,13,L0_S20|L1_S30|L3_S40,train,0,0.077491,False
5899,189.85,195.25,5.4,9,L3_S31|L0_S41|L3_S51,train,0,0.718976,False
5902,1081.97,1096.3,14.33,12,L2_S30|L3_S40|L3_S50,train,0,0.001135,False
5905,1602.56,1603.63,1.07,12,L3_S23|L0_S33|L3_S43,train,0,0.419601,False
5908,214.71,232.11,17.4,12,L2_S30|L3_S40|L3_S50,train,0,0.296721,False
5911,37.59,42.76,5.17,11,L0_S20|L1_S30|L3_S40,train,1,0.003009,False
5914,1186.58,1190.88,4.3,14,L3_S31|L0_S41|L3_S51,train,0,0.057757,False
5917,1567.57,1586.72,19.15,13,L2_S26|L3_S36|L3_S46,train,0,0.507696,False
5920,1180.29,1194.91,14.62,21,L2_S22|L3_S32|L3_S42,train,0,0.404936,False
5923,1507.88,1507.98,0.1,9,L1_S29|L2_S39|L3_S49,train,0,0.590721,False
5926,980.94,982.6,1.66,8,L1_S21|L2_S31|L3_S41,train,0,0.226271,False
5929,514.67,522.29,7.62,21,L0_S28|L1_S38|L3_S48,train,0,0.00964,False
5932,950.61,958.57,7.96,16,L3_S27|L0_S37|L3_S47,train,0,0.01955,False
5935,839.81,852.24,12.43,9,L3_S23|L0_S33|L3_S43,train,0,0.723949,False
5938,697.55,709.74,12.19,18,L3_S23|L0_S33|L3_S43,train,0,0.111977,False
5941,263.62,273.38,9.76,18,L1_S29|L2_S39|L3_S49,train,0,0.430827,False
5944,1358.45,1374.09,15.64,9,L0_S28|L1_S38|L3_S48,train,0,0.017685,False
5947,1084.64,1097.29,12.65,11,L0_S24|L1_S34|L3_S44,train,0,0.01909,False
5950,1018.43,1021.06,2.63,14,L2_S26|L3_S36|L3_S46,train,0,0.351841,False
5953,567.71,582.4,14.69,17,L1_S21|L2_S31|L3_S41,train,0,0.293898,False
5956,1272.34,1285.54,13.2,21,L3_S23|L0_S33|L3_S43,train,0,0.777356,True
5959,1086.56,1100.35,13.79,12,L2_S30|L3_S40|L3_S50,train,0,0.20234,False
5962,646.07,651.91,5.84,10,L3_S31|L0_S41|L3_S51,train,0,0.000423,False
5965,461.16,472.01,10.85,16,L0_S20|L1_S30|L3_S40,train,0,0.553563,False
5968,1399.88,1412.75,12.87,10,L3_S27|L0_S37|L3_S47,train,1,0.885072,True
5971,1598.68,1613.62,14.94,8,L2_S22|L3_S32|L3_S42,train,0,0.312739,False
5974,170.94,183.1,12.16,21,L0_S28|L1_S38|L3_S48,train,0,0.010202,False
5977,219.51,233.55,14.04,9,L2_S22|L3_S32|L3_S42,train,0,0.04592,False
5980,1205.63,1218.11,12.48,11,L0_S20|L1_S30|L3_S40,train,0,0.218722,False
5983,513.04,513.42,0.38,9,L1_S29|L2_S39|L3_S49,train,0,0.443161,False
5986,1520.17,1539.9,19.73,10,L3_S23|L0_S33|L3_S43,train,0,0.205422,False
5989,1487.6,1498.46,10.86,8,L3_S31|L0_S41|L3_S51,train,0,0.000149,False
5992,328.7,341.66,12.96,18,L3_S31|L0_S41|L3_S51,train,0,0.938443,True
5995,1619.89,1634.35,14.46,9,L3_S31|L0_S41|L3_S51,train,0,0.00062,False
5998,880.18,890.99,10.81,14,L2_S22|L3_S32|L3_S42,train,0,0.10141,False
6001,1344.34,1346.45,2.11,12,L2_S22|L3_S32|L3_S42,train,0,0.0358,False
6004,480.86,494.71,13.85,10,L1_S29|L2_S39|L3_S49,train,0,0.166971,False
6007,1221.96,1238.62,16.66,8,L2_S26|L3_S36|L3_S46,train,0,0.669021,False
6010,530.2,541.85,11.65,10,L3_S23|L0_S33|L3_S43,train,0,0.521743,False
6013,1001.66,1025.15,23.49,20,L1_S21|L2_S31|L3_S41,train,0,0.224809,False
6016,19.61,28.74,9.13,15,L1_S29|L2_S39|L3_S49,train,0,0.010167,False
6019,1175.7,1194.91,19.21,13,L2_S22|L3_S32|L3_S42,train,1,0.857123,True
6022,870.76,881.09,10.33,21,L0_S20|L1_S30|L3_S40,train,0,0.408015,False
6025,411.11,424.99,13.88,13,L1_S21|L2_S31|L3_S41,train,0,0.251632,False
6028,1143.7,1160.62,16.92,20,L0_S20|L1_S30|L3_S40,train,0,0.878699,True
6031,204.69,208.26,3.57,9,L1_S21|L2_S31|L3_S41,train,0,0.008028,False
6034,720.76,732.14,11.38,11,L0_S24|L1_S34|L3_S44,train,1,0.763107,True
6037,1272.91,1278.63,5.72,17,L1_S25|L2_S35|L3_S45,train,0,0.115786,False
6040,452.87,462.74,9.87,10,L0_S20|L1_S30|L3_S40,train,0,0.854929,True
6043,931.66,934.02,2.36,21,L1_S29|L2_S39|L3_S49,train,0,0.570311,False
6046,1421.65,1433.09,11.44,20,L0_S28|L1_S38|L3_S48,train,0,0.009073,False
6049,675.37,675.47,0.1,21,L0_S24|L1_S34|L3_S44,train,0,0.473807,False
6052,802.43,810.19,7.76,17,L1_S29|L2_S39|L3_S49,train,0,0.856694,True
6055,43.35,56.58,13.23,14,L1_S21|L2_S31|L3_S41,train,0,0.619148,False
6058,932.22,942,9.78,12,L0_S28|L1_S38|L3_S48,train,0,0.001945,False
6061,1401.34,1401.44,0.1,8,L3_S31|L0_S41|L3_S51,train,0,0.321831,False
6064,1437.56,1448.9,11.34,8,L0_S24|L1_S34|L3_S44,train,0,0.05874,False
6067,200.93,210.11,9.18,16,L1_S21|L2_S31|L3_S41,train,0,0.099583,False
6070,134.22,139.93,5.71,19,L3_S27|L0_S37|L3_S47,train,0,0.368068,False
6073,739.11,761.16,22.05,16,L3_S31|L0_S41|L3_S51,train,0,0.107156,False
6076,814.12,825.22,11.1,12,L1_S25|L2_S35|L3_S45,train,0,0.222041,False
6079,939.02,947.14,8.12,15,L3_S23|L0_S33|L3_S43,train,0,0.001272,False
6082,195.47,207.4,11.93,10,L0_S28|L1_S38|L3_S48,train,0,0.964456,True
6085,233.09,243.64,10.55,11,L0_S20|L1_S30|L3_S40,train,0,0.11386,False
6088,1545.31,1563.17,17.86,21,L2_S22|L3_S32|L3_S42,train,0,0.381412,False
6091,926.73,944.97,18.24,13,L3_S31|L0_S41|L3_S51,train,0,0.853196,True
6094,174.44,190.18,15.74,9,L2_S26|L3_S36|L3_S46,train,0,0.251253,False
6097,537.88,549.62,11.74,19,L0_S24|L1_S34|L3_S44,train,0,0.080276,False
6100,1626.06,1639.95,13.89,18,L2_S30|L3_S40|L3_S50,train,0,0.117892,False
6103,119.66,133.73,14.07,9,L3_S23|L0_S33|L3_S43,train,0,0.014999,False
6106,719.22,725.91,6.69,10,L2_S30|L3_S40|L3_S50,train,0,0.098397,False
6109,555.28,572.3,17.02,11,L3_S31|L0_S41|L3_S51,train,0,0.000097,False
6112,633.44,633.54,0.1,11,L0_S28|L1_S38|L3_S48,train,0,0.109052,False
6115,930.39,947.16,16.77,19,L1_S21|L2_S31|L3_S41,train,0,0.111928,False
6118,333.01,338.01,5,17,L2_S26|L3_S36|L3_S46,train,0,0.186333,False
6121,857.31,867.81,10.5,16,L1_S29|L2_S39|L3_S49,train,0,0.774712,True
6124,1685.8,1692.69,6.89,12,L3_S31|L0_S41|L3_S51,train,0,0.160562,False
6127,426.85,437.13,10.28,18,L3_S31|L0_S41|L3_S51,train,0,0.14453,False
6130,670.74,684.27,13.53,8,L2_S30|L3_S40|L3_S50,train,1,0.837689,True
6133,896.64,909.66,13.02,8,L0_S28|L1_S38|L3_S48,train,0,0.001627,False
6136,126.77,137.62,10.85,16,L1_S29|L2_S39|L3_S49,train,0,0.071006,False
6139,1106.33,1116.79,10.46,10,L1_S21|L2_S31|L3_S41,train,0,0.89776,True
6142,813.31,825.37,12.06,19,L1_S21|L2_S31|L3_S41,train,0,0.002,False
6145,1467.38,1483.33,15.95,20,L3_S31|L0_S41|L3_S51,train,0,0.440518,False
6148,873.36,880.11,6.75,12,L2_S26|L3_S36|L3_S46,train,0,0.371794,False
6151,1242.18,1247.31,5.13,13,L1_S25|L2_S35|L3_S45,train,0,0.047117,False
6154,947.97,957.81,9.84,20,L2_S30|L3_S40|L3_S50,train,0,0.378955,False
6157,685.51,685.61,0.1,16,L2_S30|L3_S40|L3_S50,train,0,0.023025,False
6160,1320.61,1321.16,0.55,11,L0_S24|L1_S34|L3_S44,train,1,0.745363,True
6163,400.52,407.53,7.01,9,L1_S29|L2_S39|L3_S49,train,0,0.489619,False
6166,1119.65,1125.47,5.82,14,L2_S22|L3_S32|L3_S42,train,0,0.084646,False
6169,1419.65,1430.3,10.65,10,L0_S28|L1_S38|L3_S48,train,0,0.110439,False
6172,202.8,209.47,6.67,15,L2_S30|L3_S40|L3_S50,train,0,0.393058,False
6175,293.05,303.54,10.49,18,L1_S21|L2_S31|L3_S41,train,0,0.948835,True
6178,1151.13,1174.53,23.4,10,L3_S27|L0_S37|L3_S47,train,0,0.047331,False
6181,50.43,53.9,3.47,14,L2_S30|L3_S40|L3_S50,train,0,0.491891,False
6184,493.09,506.88,13.79,17,L2_S26|L3_S36|L3_S46,train,0,0.651068,False
6187,845.87,852.72,6.85,13,L0_S24|L1_S34|L3_S44,train,0,0.024234,False
6190,1681.17,1691.12,9.95,8,L1_S21|L2_S31|L3_S41,train,0,0.000764,False
6193,1271.93,1284.53,12.6,10,L2_S30|L3_S40|L3_S50,train,0,0.07705,False
6196,1236.27,1260.43,24.16,18,L2_S26|L3_S36|L3_S46,train,0,0.256908,False
6199,1561.54,1577.82,16.28,9,L3_S23|L0_S33|L3_S43,train,0,0.077955,False
6202,133.86,133.96,0.1,12,L2_S26|L3_S36|L3_S46,train,0,0.083507,False
6205,285.76,294.61,8.85,20,L3_S27|L0_S37|L3_S47,train,0,0.430641,False
6208,1280.08,1293.5,13.42,18,L2_S22|L3_S32|L3_S42,train,0,0.804376,True
6211,826.62,845.35,18.73,12,L2_S26|L3_S36|L3_S46,train,0,0.079264,False
6214,1101.63,1117.49,15.86,13,L3_S23|L0_S33|L3_S43,train,0,0.326355,False
6217,1596.12,1606.35,10.23,9,L1_S21|L2_S31|L3_S41,train,0,0.340763,False
6220,89.2,106.64,17.44,9,L0_S24|L1_S34|L3_S44,train,0,0.101375,False
6223,564.12,574.57,10.45,9,L1_S21|L2_S31|L3_S41,train,0,0.152256,False
6226,834.94,844.09,9.15,10,L0_S24|L1_S34|L3_S44,train,0,0.143811,False
6229,163.82,170.27,6.45,16,L1_S21|L2_S31|L3_S41,train,0,0.044278,False
6232,1562.89,1566.68,3.79,18,L3_S23|L0_S33|L3_S43,train,0,0.709404,False
6235,63.99,85.14,21.15,12,L2_S22|L3_S32|L3_S42,train,0,0.003887,False
6238,519.48,531.61,12.13,12,L0_S28|L1_S38|L3_S48,train,0,0.164292,False
6241,1118.79,1130.44,11.65,11,L0_S28|L1_S38|L3_S48,train,0,0.714971,False
6244,792.4,792.5,0.1,9,L0_S28|L1_S38|L3_S48,train,0,0.0668,False
6247,929.86,931.86,2,8,L3_S23|L0_S33|L3_S43,train,0,0.021577,False
6250,849.85,849.95,0.1,16,L1_S29|L2_S39|L3_S49,train,0,0.018771,False
6253,1114.57,1114.67,0.1,8,L0_S24|L1_S34|L3_S44,train,0,0.131821,False
6256,1492.97,1508.96,15.99,15,L3_S27|L0_S37|L3_S47,train,0,0.526308,False
6259,297.3,310.73,13.43,20,L2_S26|L3_S36|L3_S46,train,0,0.000325,False
6262,1239.81,1248.14,8.33,8,L2_S22|L3_S32|L3_S42,train,0,0.017732,False
6265,717.06,725.84,8.78,20,L2_S22|L3_S32|L3_S42,train,0,0.00053,False
6268,1526.86,1538.07,11.21,20,L2_S30|L3_S40|L3_S50,train,0,0.122925,False
6271,806.63,815.34,8.71,8,L1_S21|L2_S31|L3_S41,train,0,0.242362,False
6274,1576.66,1593,16.34,16,L1_S21|L2_S31|L3_S41,train,0,0.015244,False
6277,753.02,759.98,6.96,8,L3_S31|L0_S41|L3_S51,train,0,0.185796,False
6280,1626.19,1637.74,11.55,8,L1_S21|L2_S31|L3_S41,train,0,0.002942,False
6283,498.97,506.05,7.08,17,L2_S30|L3_S40|L3_S50,train,0,0.15269,False
6286,1367.91,1379.92,12.01,17,L2_S22|L3_S32|L3_S42,train,0,0.871762,True
6289,81.28,96.57,15.29,8,L1_S25|L2_S35|L3_S45,train,0,0.42492,False
6292,1273.47,1292.23,18.76,16,L2_S26|L3_S36|L3_S46,train,1,0.794151,True
6295,5.17,13.39,8.22,18,L0_S28|L1_S38|L3_S48,train,0,0.036756,False
6298,1680.49,1686.08,5.59,11,L3_S23|L0_S33|L3_S43,train,0,0.607341,False
6301,1183.05,1204.76,21.71,9,L3_S23|L0_S33|L3_S43,train,0,0.210423,False
6304,512.65,512.75,0.1,11,L2_S22|L3_S32|L3_S42,train,0,0.032527,False
6307,104.33,111.83,7.5,11,L2_S26|L3_S36|L3_S46,train,0,0.487884,False
6310,72.41,73.46,1.05,15,L1_S29|L2_S39|L3_S49,train,0,0.837535,True
6313,1534.96,1538.73,3.77,21,L1_S21|L2_S31|L3_S41,train,1,0.891951,True
6316,1458.37,1467.29,8.92,12,L2_S26|L3_S36|L3_S46,train,0,0.114321,False
6319,796.07,813.33,17.26,14,L3_S27|L0_S37|L3_S47,train,0,0.030028,False
6322,231.83,240.01,8.18,10,L0_S24|L1_S34|L3_S44,train,0,0.207568,False
6325,400.14,418.57,18.43,9,L3_S23|L0_S33|L3_S43,train,0,0.001199,False
6328,601.46,604.13,2.67,19,L3_S27|L0_S37|L3_S47,train,0,0.0034,False
6331,1527.39,1539.53,12.14,15,L1_S29|L2_S39|L3_S49,train,0,0.053145,False
6334,622.52,631.06,8.54,10,L2_S26|L3_S36|L3_S46,train,0,0.005036,False
6337,713.29,726.75,13.46,20,L0_S20|L1_S30|L3_S40,train,0,0.129646,False
6340,36.72,44.9,8.18,15,L0_S20|L1_S30|L3_S40,train,0,0.606236,False
6343,334.2,344.34,10.14,9,L3_S23|L0_S33|L3_S43,train,0,0.054704,False
6346,1078.26,1086.76,8.5,21,L0_S24|L1_S34|L3_S44,train,0,0.112278,False
6349,432.25,449.77,17.52,14,L1_S21|L2_S31|L3_S41,train,0,0.002682,False
6352,734.67,743.14,8.47,9,L0_S28|L1_S38|L3_S48,train,0,0.732137,True
6355,490.46,498.43,7.97,18,L2_S30|L3_S40|L3_S50,train,0,0.049857,False
6358,249.66,259.5,9.84,10,L1_S21|L2_S31|L3_S41,train,0,0.281471,False
6361,653.1,664.22,11.12,17,L1_S29|L2_S39|L3_S49,train,0,0.032053,False
6364,1331.78,1350.77,18.99,13,L3_S23|L0_S33|L3_S43,train,0,0.000716,False
6367,393.86,403.54,9.68,13,L2_S30|L3_S40|L3_S50,train,0,0.056264,False
6370,146.54,155.07,8.53,11,L1_S25|L2_S35|L3_S45,train,0,0.144745,False
6373,677.61,677.71,0.1,21,L1_S25|L2_S35|L3_S45,train,0,0.076215,False
6376,1117.72,1126.11,8.39,19,L2_S26|L3_S36|L3_S46,train,0,0.477078,False
6379,1288.03,1302.2,14.17,8,L2_S26|L3_S36|L3_S46,train,0,0.523042,False
6382,1082.66,1090.96,8.3,19,L3_S31|L0_S41|L3_S51,train,0,0.577982,False
6385,1675.75,1679.62,3.87,9,L2_S26|L3_S36|L3_S46,train,0,0.600847,False
6388,869.1,876.92,7.82,9,L2_S30|L3_S40|L3_S50,train,0,0.208044,False
6391,1592.2,1593.8,1.6,16,L1_S21|L2_S31|L3_S41,train,0,0.000572,False
6394,701.22,717.29,16.07,10,L3_S31|L0_S41|L3_S51,train,0,0.722562,False
6397,1627.59,1641.12,13.53,17,L0_S24|L1_S34|L3_S44,train,0,0.735125,True
6400,770.82,780.45,9.63,11,L1_S25|L2_S35|L3_S45,train,0,0.125974,False
6403,451.6,455.63,4.03,13,L0_S20|L1_S30|L3_S40,train,0,0.002071,False
6406,761.07,775,13.93,10,L0_S28|L1_S38|L3_S48,train,0,0.272123,False
6409,430.88,446.95,16.07,20,L3_S31|L0_S41|L3_S51,train,0,0.089568,False
6412,640.72,640.82,0.1,18,L3_S31|L0_S41|L3_S51,train,0,0.162356,False
6415,42.28,46.19,3.91,8,L1_S25|L2_S35|L3_S45,train,0,0.792721,True
6418,909.91,922.39,12.48,15,L1_S25|L2_S35|L3_S45,train,0,0.000268,False
6421,1338.16,1345.02,6.86,19,L2_S22|L3_S32|L3_S42,train,0,0.102559,False
6424,903.42,903.52,0.1,20,L0_S28|L1_S38|L3_S48,train,0,0.273688,False
6427,256.91,272.17,15.26,15,L1_S29|L2_S39|L3_S49,train,0,0.000782,False
6430,595.48,614.86,19.38,21,L1_S25|L2_S35|L3_S45,train,1,0.92672,True
6433,587.83,609.42,21.59,9,L1_S29|L2_S39|L3_S49,train,0,0.349461,False
6436,1684.95,1692.22,7.27,19,L2_S22|L3_S32|L3_S42,train,0,0.167003,False
6439,1564.19,1573.6,9.41,14,L0_S28|L1_S38|L3_S48,train,0,0.001684,False
6442,1635.96,1647.03,11.07,18,L3_S23|L0_S33|L3_S43,train,0,0.044959,False
6445,1450.83,1463.86,13.03,11,L2_S26|L3_S36|L3_S46,train,0,0.314834,False
6448,40.02,58.44,18.42,14,L2_S30|L3_S40|L3_S50,train,0,0.358672,False
6451,595.27,613.08,17.81,11,L0_S24|L1_S34|L3_S44,train,0,0.032389,False
6454,380.14,381.01,0.87,9,L3_S31|L0_S41|L3_S51,train,0,0.002708,False
6457,1597.4,1599.64,2.24,19,L3_S31|L0_S41|L3_S51,train,0,0.230188,False
6460,912.8,930.41,17.61,15,L2_S26|L3_S36|L3_S46,train,0,0.248584,False
6463,698.01,699.74,1.73,10,L3_S23|L0_S33|L3_S43,train,0,0.561964,False
6466,369.84,381.61,11.77,9,L2_S22|L3_S32|L3_S42,train,1,0.81549,True
6469,47.03,62.96,15.93,14,L3_S31|L0_S41|L3_S51,train,0,0.000134,False
6472,666.56,673.68,7.12,10,L1_S29|L2_S39|L3_S49,train,0,0.773943,True
6475,1056.63,1066.13,9.5,15,L0_S20|L1_S30|L3_S40,train,0,0.064995,False
6478,1223.06,1236.64,13.58,16,L3_S23|L0_S33|L3_S43,train,1,0.952794,True
6481,1286.84,1303.12,16.28,13,L1_S25|L2_S35|L3_S45,train,0,0.377307,False
6484,1040.23,1057.81,17.58,21,L2_S26|L3_S36|L3_S46,train,0,0.658344,False
6487,297.69,310.93,13.24,10,L1_S25|L2_S35|L3_S45,train,0,0.01625,False
6490,1545.61,1546.53,0.92,14,L0_S24|L1_S34|L3_S44,train,0,0.299132,False
6493,112.12,133.5,21.38,17,L2_S30|L3_S40|L3_S50,train,0,0.002241,False
6496,1377.41,1382.96,5.55,21,L0_S28|L1_S38|L3_S48,train,0,0.10588,False
6499,1454.12,1465.26,11.14,8,L2_S30|L3_S40|L3_S50,train,0,0.000005,False
6502,853.8,861.61,7.81,17,L3_S31|L0_S41|L3_S51,train,0,0.22577,False
6505,1380.14,1382.91,2.77,18,L3_S23|L0_S33|L3_S43,train,0,0.027115,False
6508,281.2,285.83,4.63,8,L1_S29|L2_S39|L3_S49,train,0,0.144758,False
6511,105.84,115.29,9.45,19,L1_S29|L2_S39|L3_S49,train,0,0.545633,False
6514,349.52,358.82,9.3,21,L2_S30|L3_S40|L3_S50,train,0,0.324515,False
6517,996.68,1008.81,12.13,15,L0_S20|L1_S30|L3_S40,train,0,0.028509,False
6520,608.9,623.78,14.88,12,L2_S30|L3_S40|L3_S50,train,0,0.066106,False
6523,973.06,985.43,12.37,12,L1_S29|L2_S39|L3_S49,train,1,0.950856,True
6526,1117.29,1131.62,14.33,12,L1_S25|L2_S35|L3_S45,train,0,0.778592,True
6529,243.56,255.91,12.35,17,L2_S22|L3_S32|L3_S42,train,0,0.304373,False
6532,377.89,393.1,15.21,19,L0_S24|L1_S34|L3_S44,train,1,0.928345,True
6535,1410.85,1411.95,1.1,20,L2_S30|L3_S40|L3_S50,train,0,0.086471,False
6538,318.3,331.54,13.24,14,L1_S29|L2_S39|L3_S49,train,0,0.417779,False
6541,1156.98,1160.06,3.08,19,L0_S24|L1_S34|L3_S44,train,0,0.876131,True
6544,596.66,608.48,11.82,17,L2_S22|L3_S32|L3_S42,train,0,0.447327,False
6547,761.24,763,1.76,14,L1_S21|L2_S31|L3_S41,train,0,0.157476,False
6550,1315.49,1327.06,11.57,18,L3_S31|L0_S41|L3_S51,train,0,0.717354,False
6553,1399.86,1412.1,12.24,17,L3_S27|L0_S37|L3_S47,train,0,0.163524,False
6556,1219.21,1224.55,5.34,8,L3_S31|L0_S41|L3_S51,train,1,0.880952,True
6559,1113.05,1124.75,11.7,13,L0_S28|L1_S38|L3_S48,train,0,0.128333,False
6562,649.42,650.31,0.89,13,L1_S21|L2_S31|L3_S41,train,0,0.013433,False
6565,549.38,553.78,4.4,18,L1_S25|L2_S35|L3_S45,train,0,0.395455,False
6568,1063.81,1081.42,17.61,13,L0_S20|L1_S30|L3_S40,train,0,0.149319,False
6571,1061.6,1067.31,5.71,15,L1_S21|L2_S31|L3_S41,train,0,0.163856,False
6574,292.46,303.65,11.19,18,L3_S27|L0_S37|L3_S47,train,0,0.029156,False
6577,832.5,847.12,14.62,15,L3_S23|L0_S33|L3_S43,train,0,0.161179,False
6580,887.26,901.6,14.34,8,L2_S22|L3_S32|L3_S42,train,0,0.404121,False
6583,1321.17,1328.65,7.48,11,L3_S31|L0_S41|L3_S51,train,0,0.269271,False
6586,975.93,997.37,21.44,14,L3_S23|L0_S33|L3_S43,train,0,0.861257,True
6589,1123.61,1128.43,4.82,13,L2_S26|L3_S36|L3_S46,train,0,0.249176,False
6592,771.67,785.11,13.44,15,L0_S24|L1_S34|L3_S44,train,0,0.996371,True
6595,1637.72,1645.19,7.47,15,L0_S20|L1_S30|L3_S40,train,0,0.001449,False
6598,564.77,577.56,12.79,19,L3_S27|L0_S37|L3_S47,train,0,0.508033,False
6601,1205.76,1225.04,19.28,14,L2_S26|L3_S36|L3_S46,train,0,0.905131,True
6604,1288.28,1296,7.72,21,L2_S26|L3_S36|L3_S46,train,0,0.59204,False
6607,275.13,284.01,8.88,10,L3_S27|L0_S37|L3_S47,train,0,0.47547,False
6610,759.41,777.6,18.19,21,L2_S26|L3_S36|L3_S46,train,0,0.492791,False
6613,41.13,54.41,13.28,12,L0_S20|L1_S30|L3_S40,train,0,0.707944,False
6616,50.75,71.87,21.12,14,L1_S29|L2_S39|L3_S49,train,0,0.018521,False
6619,1626.12,1626.67,0.55,14,L2_S22|L3_S32|L3_S42,train,0,0.082834,False
6622,249.07,262.36,13.29,12,L1_S25|L2_S35|L3_S45,train,0,0.892619,True
6625,1319.82,1328.07,8.25,16,L2_S22|L3_S32|L3_S42,train,0,0.000855,False
6628,1584.72,1593.72,9,18,L2_S22|L3_S32|L3_S42,train,0,0.307943,False
6631,898.58,907.13,8.55,17,L0_S28|L1_S38|L3_S48,train,0,0.043135,False
6634,411.12,420.67,9.55,14,L3_S31|L0_S41|L3_S51,train,0,0.439919,False
6637,1326.15,1336.5,10.35,12,L1_S25|L2_S35|L3_S45,train,0,0.407949,False
6640,1446.14,1456.29,10.15,21,L0_S20|L1_S30|L3_S40,train,0,0.373644,False
6643,1400.84,1406.94,6.1,8,L2_S30|L3_S40|L3_S50,train,0,0.000382,False
6646,1323.36,1341.65,18.29,15,L1_S29|L2_S39|L3_S49,train,0,0.520043,False
6649,1342.84,1352.35,9.51,18,L1_S21|L2_S31|L3_S41,train,0,0.149123,False
6652,327.85,333.24,5.39,14,L2_S22|L3_S32|L3_S42,train,0,0.571893,False
6655,1648.3,1662.55,14.25,14,L1_S25|L2_S35|L3_S45,train,0,0.088488,False
6658,298.13,308.8,10.67,21,L2_S22|L3_S32|L3_S42,train,0,0.134822,False
6661,1601.65,1607.43,5.78,14,L3_S23|L0_S33|L3_S43,train,0,0.487756,False
6664,378.42,386.03,7.61,10,L1_S29|L2_S39|L3_S49,train,0,0.382723,False
6667,178.81,190.44,11.63,12,L1_S29|L2_S39|L3_S49,train,0,0.057111,False
6670,454.03,463.86,9.83,12,L2_S22|L3_S32|L3_S42,train,0,0.630338,False
6673,292.28,304.03,11.75,11,L0_S20|L1_S30|L3_S40,train,0,0.607886,False
6676,618.16,635.79,17.63,14,L3_S31|L0_S41|L3_S51,train,0,0.003176,False
6679,1328.45,1348.66,20.21,17,L3_S31|L0_S41|L3_S51,train,0,0.000005,False
6682,830.43,844.01,13.58,19,L0_S24|L1_S34|L3_S44,train,0,0.098127,False
6685,1630.05,1643.63,13.58,17,L2_S30|L3_S40|L3_S50,train,0,0.09685,False
6688,840.1,853.17,13.07,20,L3_S23|L0_S33|L3_S43,train,0,0.456482,False
6691,695.37,711.69,16.32,16,L1_S29|L2_S39|L3_S49,train,0,0.403936,False
6694,348.03,359.7,11.67,12,L2_S22|L3_S32|L3_S42,train,0,0.008275,False
6697,531.39,544.6,13.21,21,L3_S23|L0_S33|L3_S43,train,0,0.265743,False
6700,1349.89,1355.86,5.97,12,L1_S25|L2_S35|L3_S45,train,0,0.00234,False
6703,491.08,504.62,13.54,19,L3_S31|L0_S41|L3_S51,train,0,0.535282,False
6706,475.33,495.76,20.43,14,L0_S28|L1_S38|L3_S48,train,0,0.985764,True
6709,424.03,440.25,16.22,8,L2_S30|L3_S40|L3_S50,train,0,0.236405,False
6712,1441.92,1447.79,5.87,19,L1_S29|L2_S39|L3_S49,train,0,0.06639,False
6715,1660.48,1679.56,19.08,8,L3_S23|L0_S33|L3_S43,train,0,0.575222,False
6718,332.05,337.74,5.69,20,L0_S28|L1_S38|L3_S48,train,0,0.00166,False
6721,1359.95,1365.9,5.95,20,L3_S23|L0_S33|L3_S43,train,0,0.733017,True
6724,954.65,962.62,7.97,18,L1_S29|L2_S39|L3_S49,train,0,0.077686,False
6727,1206,1224.7,18.7,11,L2_S26|L3_S36|L3_S46,train,0,0.046302,False
6730,1565.58,1574.14,8.56,10,L1_S21|L2_S31|L3_S41,train,0,0.183429,False
6733,445.24,468.57,23.33,12,L0_S24|L1_S34|L3_S44,train,0,0.998507,True
6736,1125.95,1131.96,6.01,12,L1_S25|L2_S35|L3_S45,train,0,0.157842,False
6739,94.14,109.5,15.36,21,L0_S28|L1_S38|L3_S48,train,0,0.030448,False
6742,1607.93,1621.18,13.25,19,L2_S30|L3_S40|L3_S50,train,0,0.055098,False
6745,1223.56,1223.66,0.1,9,L0_S20|L1_S30|L3_S40,train,0,0.269046,False
6748,227.97,245.52,17.55,14,L0_S20|L1_S30|L3_S40,train,0,0.887813,True
6751,1200.13,1214.95,14.82,10,L1_S25|L2_S35|L3_S45,train,0,0.060101,False
6754,346.08,363.56,17.48,12,L2_S22|L3_S32|L3_S42,train,0,0.200741,False
6757,540.83,550.44,9.61,21,L0_S28|L1_S38|L3_S48,train,0,0.000472,False
6760,1015.14,1019.55,4.41,12,L0_S20|L1_S30|L3_S40,train,0,0.031172,False
6763,1293.54,1293.64,0.1,10,L0_S20|L1_S30|L3_S40,train,0,0.109454,False
6766,1289.57,1296.24,6.67,14,L1_S21|L2_S31|L3_S41,train,0,0.544257,False
6769,1572.37,1587.22,14.85,13,L1_S29|L2_S39|L3_S49,train,0,0.038528,False
6772,472.32,472.42,0.1,10,L0_S20|L1_S30|L3_S40,train,0,0.028335,False
6775,1279.57,1285.74,6.17,8,L0_S24|L1_S34|L3_S44,train,0,0.735986,True
6778,793.66,809.01,15.35,11,L1_S21|L2_S31|L3_S41,train,0,0.114391,False
6781,1577.77,1589.76,11.99,15,L2_S26|L3_S36|L3_S46,train,0,0.055157,False
6784,413.54,419.51,5.97,13,L1_S25|L2_S35|L3_S45,train,0,0.000118,False
6787,1533.25,1547.16,13.91,9,L1_S21|L2_S31|L3_S41,train,0,0.777134,True
6790,1053.42,1066.86,13.44,10,L1_S21|L2_S31|L3_S41,train,0,0.190615,False
6793,1049.32,1070.43,21.11,17,L0_S20|L1_S30|L3_S40,train,0,0.951292,True
6796,717.93,733.9,15.97,18,L1_S29|L2_S39|L3_S49,train,0,0.227567,False
6799,1087.44,1096.22,8.78,15,L0_S28|L1_S38|L3_S48,train,0,0.631657,False
6802,1394.49,1410.92,16.43,14,L1_S29|L2_S39|L3_S49,train,0,0.125082,False
6805,710.16,723.62,13.46,10,L2_S22|L3_S32|L3_S42,train,0,0.15118,False
6808,1699.06,1722.42,23.36,18,L0_S24|L1_S34|L3_S44,train,0,0.219959,False
6811,266.81,291.3,24.49,21,L2_S22|L3_S32|L3_S42,train,0,0.197145,False
6814,1180.59,1187.01,6.42,10,L1_S21|L2_S31|L3_S41,train,0,0.153541,False
6817,413.35,425.4,12.05,19,L3_S27|L0_S37|L3_S47,train,0,0.098088,False
6820,1360.53,1370.19,9.66,16,L1_S25|L2_S35|L3_S45,train,0,0.000951,False
6823,139.72,141.65,1.93,21,L0_S24|L1_S34|L3_S44,train,0,0.441806,False
6826,1511.15,1516.33,5.18,10,L3_S31|L0_S41|L3_S51,train,0,0.551085,False
6829,1236.73,1247.89,11.16,10,L2_S30|L3_S40|L3_S50,train,0,0.428748,False
6832,1180.39,1184.83,4.44,12,L1_S21|L2_S31|L3_S41,train,0,0.393717,False
6835,1424.42,1430.68,6.26,11,L3_S31|L0_S41|L3_S51,train,0,0.357756,False
6838,822.28,833.89,11.61,8,L2_S30|L3_S40|L3_S50,train,0,0.01214,False
6841,588.32,599.68,11.36,12,L1_S25|L2_S35|L3_S45,train,0,0.216254,False
6844,1665.59,1666.75,1.16,16,L2_S26|L3_S36|L3_S46,train,0,0.960673,True
6847,300.17,319.05,18.88,14,L2_S26|L3_S36|L3_S46,train,0,0.8104,True
6850,1298.35,1315.49,17.14,15,L0_S24|L1_S34|L3_S44,train,0,0.081401,False
6853,401.9,411.04,9.14,21,L3_S23|L0_S33|L3_S43,train,1,0.950598,True
6856,1262.36,1266.49,4.13,15,L3_S31|L0_S41|L3_S51,train,0,0.212275,False
6859,1175.58,1178.4,2.82,11,L0_S28|L1_S38|L3_S48,train,0,0.856086,True
6862,4.27,10.31,6.04,18,L2_S26|L3_S36|L3_S46,train,0,0.000118,False
6865,561.48,565.93,4.45,20,L1_S25|L2_S35|L3_S45,train,1,0.808336,True
6868,1272.35,1273.44,1.09,8,L1_S21|L2_S31|L3_S41,train,0,0.047398,False
6871,966.21,970.41,4.2,20,L2_S30|L3_S40|L3_S50,train,0,0.020164,False
6874,1014.19,1024.7,10.51,17,L3_S23|L0_S33|L3_S43,train,0,0.343987,False
6877,862.27,871.15,8.88,21,L1_S21|L2_S31|L3_S41,train,0,0.109148,False
6880,411.7,425.53,13.83,12,L1_S25|L2_S35|L3_S45,train,0,0.013487,False
6883,1666.63,1668.27,1.64,14,L1_S21|L2_S31|L3_S41,train,0,0.114291,False
6886,1131.37,1141.41,10.04,19,L2_S22|L3_S32|L3_S42,train,0,0.023868,False
6889,1182.68,1187.32,4.64,20,L2_S26|L3_S36|L3_S46,train,0,0.371344,False
6892,1093.67,1107.01,13.34,18,L1_S29|L2_S39|L3_S49,train,0,0.546338,False
6895,1390.44,1410.45,20.01,13,L0_S24|L1_S34|L3_S44,train,0,0.180706,False
6898,100.61,119.35,18.74,18,L2_S22|L3_S32|L3_S42,train,0,0.257845,False
6901,1537.59,1551.79,14.2,8,L0_S24|L1_S34|L3_S44,train,0,0.139803,False
6904,381.77,400.04,18.27,10,L3_S27|L0_S37|L3_S47,train,0,0.26101,False
6907,1488.99,1498.27,9.28,17,L1_S21|L2_S31|L3_S41,train,0,0.101777,False
6910,667.47,678.92,11.45,9,L2_S30|L3_S40|L3_S50,train,0,0.01499,False
6913,1297.91,1298.01,0.1,8,L1_S29|L2_S39|L3_S49,train,0,0.040872,False
6916,1096.52,1106.9,10.38,11,L3_S31|L0_S41|L3_S51,train,0,0.26228,False
6919,50.23,56.64,6.41,9,L0_S20|L1_S30|L3_S40,train,0,0.70776,False
6922,1494.02,1503,8.98,19,L2_S26|L3_S36|L3_S46,train,0,0.123467,False
6925,218.42,232.81,14.39,11,L3_S31|L0_S41|L3_S51,train,0,0.003313,False
6928,1378.79,1384.14,5.35,17,L3_S31|L0_S41|L3_S51,train,0,0.115966,False
6931,1229.19,1241.27,12.08,11,L1_S21|L2_S31|L3_S41,train,0,0.314995,False
6934,815.22,819.02,3.8,13,L3_S27|L0_S37|L3_S47,train,0,0.852683,True
6937,28.88,32.04,3.16,18,L3_S31|L0_S41|L3_S51,train,0,0.461987,False
6940,106.48,118.43,11.95,20,L3_S23|L0_S33|L3_S43,train,0,0.198474,False
6943,1097.67,1113.28,15.61,14,L0_S28|L1_S38|L3_S48,train,0,0.000264,False
6946,1607.81,1615.12,7.31,21,L2_S22|L3_S32|L3_S42,train,0,0.453644,False
6949,238.85,244.98,6.13,20,L0_S24|L1_S34|L3_S44,train,0,0.000068,False
6952,33.57,56.52,22.95,18,L3_S23|L0_S33|L3_S43,train,0,0.000037,False
6955,1426.54,1460.19,33.65,10,L3_S23|L0_S33|L3_S43,train,0,0.481124,False
6958,1290.04,1300.3,10.26,11,L3_S23|L0_S33|L3_S43,train,0,0.00071,False
6961,383.74,400.3,16.56,14,L3_S23|L0_S33|L3_S43,train,0,0.018407,False
6964,51.42,60.5,9.08,10,L2_S26|L3_S36|L3_S46,train,0,0.086621,False
6967,139.89,159.15,19.26,8,L2_S30|L3_S40|L3_S50,train,0,0.842303,True
6970,214.56,216.86,2.3,12,L1_S25|L2_S35|L3_S45,train,0,0.103908,False
6973,667.92,671.49,3.57,12,L2_S30|L3_S40|L3_S50,train,0,0.081282,False
6976,1524.05,1535.44,11.39,21,L3_S23|L0_S33|L3_S43,train,0,0.000013,False
6979,1689.52,1696.72,7.2,9,L3_S31|L0_S41|L3_S51,train,0,0.047272,False
6982,1569.41,1574.88,5.47,14,L3_S23|L0_S33|L3_S43,train,0,0.138716,False
6985,635.2,641.4,6.2,15,L2_S26|L3_S36|L3_S46,train,0,0.733122,True
6988,1086.96,1098.72,11.76,14,L1_S21|L2_S31|L3_S41,train,1,0.945919,True
6991,405.79,419.3,13.51,19,L3_S31|L0_S41|L3_S51,train,0,0.100833,False
6994,1143.69,1155.86,12.17,8,L3_S23|L0_S33|L3_S43,train,0,0.003414,False
6997,1458.24,1475.04,16.8,11,L0_S24|L1_S34|L3_S44,train,0,0.000078,False
7000,388.37,402.4,14.03,17,L2_S22|L3_S32|L3_S42,train,0,0.074889,False
7003,990.92,991.02,0.1,20,L1_S29|L2_S39|L3_S49,train,0,0.001163,False
7006,864.75,876,11.25,8,L1_S21|L2_S31|L3_S41,train,0,0.880357,True
7009,1189.39,1194.57,5.18,11,L2_S22|L3_S32|L3_S42,train,0,0.029986,False
7012,746.47,766.72,20.25,20,L0_S24|L1_S34|L3_S44,train,0,0.211611,False
7015,1607.73,1612.49,4.76,8,L0_S24|L1_S34|L3_S44,train,0,0.359583,False
7018,102.36,119.2,16.84,18,L0_S28|L1_S38|L3_S48,train,0,0.942785,True
7021,1345.36,1358.09,12.73,20,L0_S20|L1_S30|L3_S40,train,1,0.755399,True
7024,1221.54,1231.36,9.82,11,L1_S21|L2_S31|L3_S41,train,0,0.016472,False
7027,1532.75,1539.7,6.95,11,L2_S26|L3_S36|L3_S46,train,0,0.001033,False
7030,1217.49,1222.97,5.48,16,L3_S23|L0_S33|L3_S43,train,0,0.043702,False
7033,1516.11,1523.31,7.2,18,L0_S28|L1_S38|L3_S48,train,0,0.075154,False
7036,1041.88,1058.3,16.42,10,L0_S24|L1_S34|L3_S44,train,0,0.266649,False
7039,91.94,105.24,13.3,14,L1_S29|L2_S39|L3_S49,train,0,0.547755,False
7042,26.23,33.17,6.94,8,L0_S28|L1_S38|L3_S48,train,0,0.050991,False
7045,1417.19,1434.33,17.14,17,L1_S21|L2_S31|L3_S41,train,0,0.000442,False
7048,1378.76,1378.86,0.1,21,L0_S28|L1_S38|L3_S48,train,1,0.976532,True
7051,692.1,699.03,6.93,10,L2_S26|L3_S36|L3_S46,train,0,0.772177,True
7054,16.22,18.8,2.58,16,L0_S20|L1_S30|L3_S40,train,0,0.06161,False
7057,1231.69,1237.5,5.81,17,L1_S21|L2_S31|L3_S41,train,0,0.302323,False
7060,431.54,435.41,3.87,13,L2_S22|L3_S32|L3_S42,train,0,0.00124,False
7063,47.94,54.16,6.22,21,L0_S28|L1_S38|L3_S48,train,0,0.885472,True
7066,1550.47,1558.28,7.81,20,L1_S21|L2_S31|L3_S41,train,0,0.135869,False
7069,235.77,249.2,13.43,9,L2_S22|L3_S32|L3_S42,train,0,0.072556,False
7072,1031.83,1034.27,2.44,19,L1_S29|L2_S39|L3_S49,train,0,0.092982,False
7075,571.92,572.92,1,8,L3_S31|L0_S41|L3_S51,train,0,0.001129,False
7078,1026.55,1054.12,27.57,20,L3_S31|L0_S41|L3_S51,train,0,0.27307,False
7081,579.56,585.64,6.08,12,L3_S23|L0_S33|L3_S43,train,0,0.470536,False
7084,621.33,631.35,10.02,11,L0_S28|L1_S38|L3_S48,train,0,0.953504,True
7087,1613.05,1622.42,9.37,9,L2_S22|L3_S32|L3_S42,train,0,0.079835,False
7090,916.3,926.79,10.49,10,L0_S28|L1_S38|L3_S48,train,0,0.101219,False
7093,716.69,728.61,11.92,20,L1_S21|L2_S31|L3_S41,train,0,0.517551,False
7096,797.82,812.27,14.45,10,L0_S20|L1_S30|L3_S40,train,0,0.707034,False
7099,619.85,638.4,18.55,14,L1_S21|L2_S31|L3_S41,train,0,0.081777,False
7102,362.36,362.46,0.1,20,L3_S27|L0_S37|L3_S47,train,0,0.024218,False
7105,402.27,420.03,17.76,16,L1_S29|L2_S39|L3_S49,train,0,0.219184,False
7108,547.5,562.11,14.61,21,L1_S21|L2_S31|L3_S41,train,0,0.019438,False
7111,764.06,775.44,11.38,13,L3_S27|L0_S37|L3_S47,train,0,0.759042,True
7114,387.05,401.46,14.41,20,L2_S30|L3_S40|L3_S50,train,0,0.254762,False
7117,356.68,356.78,0.1,12,L0_S24|L1_S34|L3_S44,train,0,0.644713,False
7120,1269.07,1282.26,13.19,13,L1_S21|L2_S31|L3_S41,train,0,0.078434,False
7123,743.81,748.02,4.21,9,L0_S24|L1_S34|L3_S44,train,0,0.077165,False
7126,27.84,41.04,13.2,21,L1_S25|L2_S35|L3_S45,train,0,0.202318,False
7129,303.85,307.77,3.92,15,L1_S25|L2_S35|L3_S45,train,0,0.49098,False
7132,482.24,493.71,11.47,14,L1_S21|L2_S31|L3_S41,train,0,0.326459,False
7135,1182.93,1194.44,11.51,11,L0_S20|L1_S30|L3_S40,train,0,0.17327,False
7138,1578.33,1578.43,0.1,18,L0_S24|L1_S34|L3_S44,train,0,0.226183,False
7141,423.91,432.07,8.16,18,L0_S20|L1_S30|L3_S40,train,0,0.625804,False
7144,853.34,868.65,15.31,8,L0_S20|L1_S30|L3_S40,train,0,0.179856,False
7147,947.72,955.49,7.77,12,L3_S27|L0_S37|L3_S47,train,0,0.562828,False
7150,37.69,52.88,15.19,21,L3_S31|L0_S41|L3_S51,train,0,0.32906,False
7153,1526.2,1526.3,0.1,11,L2_S30|L3_S40|L3_S50,train,0,0.028805,False
7156,1684.68,1695.52,10.84,9,L2_S30|L3_S40|L3_S50,train,0,0.496031,False
7159,400.11,403.66,3.55,17,L1_S21|L2_S31|L3_S41,train,0,0.479323,False
7162,1572.08,1589.67,17.59,11,L1_S21|L2_S31|L3_S41,train,0,0.355784,False
7165,6.88,16.56,9.68,12,L3_S23|L0_S33|L3_S43,train,0,0.157043,False
7168,1295.93,1307.62,11.69,11,L0_S20|L1_S30|L3_S40,train,0,0.000487,False
7171,1285.25,1298.94,13.69,18,L1_S25|L2_S35|L3_S45,train,0,0.000562,False
7174,1202.03,1210.06,8.03,16,L3_S23|L0_S33|L3_S43,train,0,0.820645,True
7177,472.32,487.52,15.2,15,L3_S31|L0_S41|L3_S51,train,0,0.136044,False
7180,532.41,532.51,0.1,11,L1_S25|L2_S35|L3_S45,train,0,0.323227,False
7183,1698.22,1713.97,15.75,15,L3_S23|L0_S33|L3_S43,train,0,0.002014,False
7186,1646.35,1653.57,7.22,12,L1_S29|L2_S39|L3_S49,train,1,0.786789,True
7189,1529.96,1541.45,11.49,10,L2_S22|L3_S32|L3_S42,train,0,0.114714,False
7192,1312.27,1317.42,5.15,21,L1_S21|L2_S31|L3_S41,train,0,0.000169,False
7195,553.47,553.57,0.1,10,L0_S20|L1_S30|L3_S40,train,0,0.206496,False
7198,520.07,529.62,9.55,10,L1_S29|L2_S39|L3_S49,train,0,0.320179,False
7201,189.67,195.65,5.98,10,L3_S23|L0_S33|L3_S43,train,0,0.148179,False
7204,1033.8,1044,10.2,21,L2_S26|L3_S36|L3_S46,train,0,0.899317,True
7207,235.17,237.81,2.64,9,L0_S28|L1_S38|L3_S48,train,0,0.696509,False
7210,879.41,891.51,12.1,16,L3_S27|L0_S37|L3_S47,train,0,0.054712,False
7213,1576.7,1595.36,18.66,15,L3_S31|L0_S41|L3_S51,train,0,0.377653,False
7216,516.32,533.71,17.39,8,L0_S28|L1_S38|L3_S48,train,0,0.083082,False
7219,1551.51,1571.61,20.1,10,L2_S26|L3_S36|L3_S46,train,0,0.464459,False
7222,793.06,795.41,2.35,16,L3_S31|L0_S41|L3_S51,train,0,0.484897,False
7225,357.46,366.93,9.47,9,L1_S29|L2_S39|L3_S49,train,0,0.461718,False
7228,1683.19,1686.7,3.51,9,L0_S28|L1_S38|L3_S48,train,0,0.423106,False
7231,1330.16,1345.75,15.59,10,L0_S28|L1_S38|L3_S48,train,0,0.202441,False
7234,1372.98,1389.97,16.99,17,L3_S31|L0_S41|L3_S51,train,0,0.637523,False
7237,106.5,113.04,6.54,9,L0_S24|L1_S34|L3_S44,train,0,0.003249,False
7240,1604.07,1607.33,3.26,19,L2_S30|L3_S40|L3_S50,train,0,0.03604,False
7243,613.88,627.98,14.1,16,L0_S20|L1_S30|L3_S40,train,0,0.252882,False
7246,491.19,503.38,12.19,19,L2_S26|L3_S36|L3_S46,train,0,0.001135,False
7249,33.44,42,8.56,19,L3_S23|L0_S33|L3_S43,train,0,0.035015,False
7252,520.31,530.18,9.87,21,L3_S27|L0_S37|L3_S47,train,0,0.00303,False
7255,1002.89,1012.58,9.69,8,L2_S30|L3_S40|L3_S50,train,0,0.364001,False
7258,1085.67,1091.49,5.82,11,L1_S25|L2_S35|L3_S45,train,0,0.000228,False
7261,592.15,592.25,0.1,18,L3_S27|L0_S37|L3_S47,train,0,0.044217,False
7264,615.12,619.97,4.85,21,L3_S27|L0_S37|L3_S47,train,0,0.01124,False
7267,1555.19,1565.87,10.68,12,L2_S26|L3_S36|L3_S46,train,0,0.018632,False
7270,1571,1586.12,15.12,18,L2_S26|L3_S36|L3_S46,train,0,0.537346,False
7273,1252.06,1257.89,5.83,21,L0_S28|L1_S38|L3_S48,train,0,0.015753,False
7276,1346.82,1352.29,5.47,18,L0_S24|L1_S34|L3_S44,train,0,0.59321,False
7279,234.05,241.07,7.02,16,L2_S26|L3_S36|L3_S46,train,0,0.006101,False
7282,1467.24,1480.82,13.58,18,L0_S20|L1_S30|L3_S40,train,0,0.064886,False
7285,742.28,749.99,7.71,10,L3_S31|L0_S41|L3_S51,train,0,0.306948,False
7288,1022.48,1031.77,9.29,18,L0_S24|L1_S34|L3_S44,train,0,0.735112,True
7291,1449.08,1457.83,8.75,20,L3_S31|L0_S41|L3_S51,train,0,0.058407,False
7294,316.46,330.82,14.36,20,L0_S20|L1_S30|L3_S40,train,0,0.004799,False
7297,312.86,328.29,15.43,8,L0_S24|L1_S34|L3_S44,train,0,0.164216,False
7300,644.53,649.2,4.67,12,L0_S28|L1_S38|L3_S48,train,0,0.679153,False
7303,221.07,225.02,3.95,8,L0_S20|L1_S30|L3_S40,train,0,0.402865,False
7306,1246.55,1259.27,12.72,18,L0_S28|L1_S38|L3_S48,train,0,0.640732,False
7309,1248.08,1262.33,14.25,12,L0_S24|L1_S34|L3_S44,train,0,0.156464,False
7312,427.29,431.31,4.02,16,L3_S27|L0_S37|L3_S47,train,1,0.746802,True
7315,7.17,12.01,4.84,14,L1_S29|L2_S39|L3_S49,train,0,0.000241,False
7318,1691.66,1700.38,8.72,21,L0_S20|L1_S30|L3_S40,train,0,0.006183,False
7321,1330.95,1341.28,10.33,11,L2_S22|L3_S32|L3_S42,train,1,0.758266,True
7324,857.12,874.84,17.72,14,L0_S20|L1_S30|L3_S40,train,0,0.000233,False
7327,294.01,299.17,5.16,14,L3_S27|L0_S37|L3_S47,train,0,0.009825,False
7330,1027.72,1027.82,0.1,20,L1_S25|L2_S35|L3_S45,train,0,0.55389,False
7333,1018.68,1028.58,9.9,8,L1_S21|L2_S31|L3_S41,train,0,0.416762,False
7336,370.84,386.79,15.95,20,L2_S26|L3_S36|L3_S46,train,0,0.158558,False
7339,572.16,576.53,4.37,10,L3_S31|L0_S41|L3_S51,train,0,0.149398,False
7342,1107.77,1130.03,22.26,10,L0_S24|L1_S34|L3_S44,train,0,0.01828,False
7345,1.75,13.06,11.31,12,L0_S20|L1_S30|L3_S40,train,0,0.214234,False
7348,763.74,775.09,11.35,19,L3_S31|L0_S41|L3_S51,train,0,0.21814,False
7351,1076.78,1086.08,9.3,8,L2_S30|L3_S40|L3_S50,train,0,0.266012,False
7354,1637.6,1650.18,12.58,8,L2_S22|L3_S32|L3_S42,train,0,0.737128,True
7357,1354.59,1360.14,5.55,15,L1_S21|L2_S31|L3_S41,train,0,0.000255,False
7360,1603.04,1616.05,13.01,13,L2_S30|L3_S40|L3_S50,train,0,0.702219,False
7363,449.38,452.57,3.19,16,L2_S26|L3_S36|L3_S46,train,0,0.572315,False
7366,1296.86,1301.53,4.67,16,L1_S21|L2_S31|L3_S41,train,0,0.669563,False
7369,431.31,446.57,15.26,12,L3_S27|L0_S37|L3_S47,train,0,0.574133,False
7372,304.32,306.88,2.56,17,L1_S25|L2_S35|L3_S45,train,0,0.700771,False
7375,771.37,791.04,19.67,8,L3_S31|L0_S41|L3_S51,train,0,0.809863,True
7378,666.26,678.91,12.65,10,L3_S27|L0_S37|L3_S47,train,0,0.231316,False
7381,80.8,86.48,5.68,12,L0_S28|L1_S38|L3_S48,train,0,0.312107,False
7384,569.97,574.4,4.43,15,L3_S31|L0_S41|L3_S51,train,0,0.123057,False
7387,210.79,223.34,12.55,17,L2_S30|L3_S40|L3_S50,train,0,0.373644,False
7390,1091.2,1106.07,14.87,9,L2_S26|L3_S36|L3_S46,train,0,0.646464,False
7393,256.79,281.81,25.02,8,L3_S31|L0_S41|L3_S51,train,0,0.008605,False
7396,1021.23,1034.22,12.99,16,L2_S30|L3_S40|L3_S50,train,0,0.48058,False
7399,640.41,657.38,16.97,21,L3_S27|L0_S37|L3_S47,train,0,0.413434,False
7402,1247.69,1251.6,3.91,13,L3_S31|L0_S41|L3_S51,train,0,0.003135,False
7405,674.99,685.51,10.52,18,L3_S23|L0_S33|L3_S43,train,0,0.035648,False
7408,334.93,340.26,5.33,11,L2_S26|L3_S36|L3_S46,train,0,0.073592,False
7411,1032.18,1050.48,18.3,19,L0_S20|L1_S30|L3_S40,train,0,0.622453,False
7414,985.54,992.08,6.54,20,L3_S27|L0_S37|L3_S47,train,0,0.763895,True
7417,953.51,966.44,12.93,13,L2_S22|L3_S32|L3_S42,train,0,0.18908,False
7420,165.71,174.19,8.48,21,L2_S26|L3_S36|L3_S46,train,0,0.001913,False
7423,447.47,460.48,13.01,20,L3_S31|L0_S41|L3_S51,train,0,0.006734,False
7426,323.27,348.33,25.06,19,L3_S31|L0_S41|L3_S51,train,0,0.021537,False
7429,937.34,945.24,7.9,12,L0_S20|L1_S30|L3_S40,train,0,0.396955,False
7432,605.03,626.99,21.96,19,L1_S21|L2_S31|L3_S41,train,0,0.096102,False
7435,756.41,778.5,22.09,20,L3_S27|L0_S37|L3_S47,train,0,0.424945,False
7438,1036.97,1041.62,4.65,17,L0_S20|L1_S30|L3_S40,train,0,0.229642,False
7441,1516.2,1527.29,11.09,9,L0_S20|L1_S30|L3_S40,train,0,0.153573,False
7444,561.03,578.51,17.48,14,L3_S31|L0_S41|L3_S51,train,0,0.966036,True
7447,1494.42,1514.42,20,14,L3_S27|L0_S37|L3_S47,train,0,0.030086,False
7450,780.36,782.86,2.5,12,L3_S31|L0_S41|L3_S51,train,0,0.001785,False
7453,5.27,16.76,11.49,12,L1_S29|L2_S39|L3_S49,train,0,0.279545,False
7456,327.41,335.93,8.52,16,L0_S20|L1_S30|L3_S40,train,0,0.16668,False
7459,1543.32,1551.28,7.96,13,L2_S22|L3_S32|L3_S42,train,0,0.111653,False
7462,1391.62,1399.22,7.6,16,L1_S25|L2_S35|L3_S45,train,0,0.562222,False
7465,1266.42,1281.97,15.55,11,L3_S27|L0_S37|L3_S47,train,0,0.063467,False
7468,845.57,853.07,7.5,16,L2_S30|L3_S40|L3_S50,train,0,0.208305,False
7471,1522.62,1534.04,11.42,12,L2_S26|L3_S36|L3_S46,train,1,0.736241,True
7474,463.57,481.49,17.92,11,L0_S28|L1_S38|L3_S48,train,0,0.441013,False
7477,1306.62,1325.05,18.43,14,L2_S22|L3_S32|L3_S42,train,0,0.880392,True
7480,561.66,564.41,2.75,19,L3_S27|L0_S37|L3_S47,train,0,0.47498,False
7483,1576.86,1580.12,3.26,19,L1_S29|L2_S39|L3_S49,train,0,0.051009,False
7486,187.28,193.34,6.06,17,L3_S27|L0_S37|L3_S47,train,1,0.835325,True
7489,952.29,967.11,14.82,10,L3_S27|L0_S37|L3_S47,train,0,0.096991,False
7492,1021.95,1033.07,11.12,17,L0_S24|L1_S34|L3_S44,train,0,0.365409,False
7495,160.1,172.76,12.66,10,L2_S22|L3_S32|L3_S42,train,1,0.77884,True
7498,468.9,477.69,8.79,8,L1_S29|L2_S39|L3_S49,train,0,0.950995,True
7501,1012.17,1028.39,16.22,14,L0_S20|L1_S30|L3_S40,train,0,0.321933,False
7504,1074.53,1080.31,5.78,19,L3_S23|L0_S33|L3_S43,train,0,0.224734,False
7507,1632.06,1637.81,5.75,8,L2_S30|L3_S40|L3_S50,train,0,0.043033,False
7510,370.03,374.16,4.13,9,L2_S26|L3_S36|L3_S46,train,0,0.004013,False
7513,1339.6,1362.27,22.67,13,L1_S21|L2_S31|L3_S41,train,0,0.829948,True
7516,1417.93,1427.52,9.59,9,L2_S30|L3_S40|L3_S50,train,0,0.519472,False
7519,31.08,49.33,18.25,13,L1_S25|L2_S35|L3_S45,train,0,0.026351,False
7522,1161.36,1174.65,13.29,18,L1_S25|L2_S35|L3_S45,train,0,0.003432,False
7525,197.58,218.53,20.95,16,L3_S31|L0_S41|L3_S51,train,0,0.150928,False
7528,790.21,800.43,10.22,9,L3_S27|L0_S37|L3_S47,train,0,0.324116,False
7531,439.15,450.54,11.39,15,L1_S29|L2_S39|L3_S49,train,0,0.723745,False
7534,1031.2,1036.88,5.68,16,L3_S31|L0_S41|L3_S51,train,0,0.609257,False
7537,206.6,219.19,12.59,12,L0_S20|L1_S30|L3_S40,train,0,0.729189,False
7540,1116.07,1131.35,15.28,12,L3_S27|L0_S37|L3_S47,train,0,0.560218,False
7543,359.23,372.05,12.82,15,L1_S21|L2_S31|L3_S41,train,0,0.463965,False
7546,1424.84,1439.51,14.67,11,L0_S28|L1_S38|L3_S48,train,0,0.002107,False
7549,208.06,211.84,3.78,15,L2_S26|L3_S36|L3_S46,train,0,0.591895,False
7552,1545.84,1554.31,8.47,14,L2_S26|L3_S36|L3_S46,train,0,0.219049,False
7555,996.31,1006.72,10.41,17,L1_S29|L2_S39|L3_S49,train,0,0.669364,False
7558,669.57,686.19,16.62,11,L3_S27|L0_S37|L3_S47,train,1,0.997788,True
7561,331.59,352.83,21.24,12,L1_S21|L2_S31|L3_S41,train,0,0.485115,False
7564,295.08,309.34,14.26,21,L0_S28|L1_S38|L3_S48,train,0,0.003412,False
7567,1021.44,1027.9,6.46,14,L1_S29|L2_S39|L3_S49,train,0,0.016353,False
7570,1241.96,1262.05,20.09,14,L1_S29|L2_S39|L3_S49,train,0,0.218996,False
7573,1589.97,1593.33,3.36,12,L2_S26|L3_S36|L3_S46,train,0,0.455476,False
7576,72.39,93.1,20.71,21,L2_S30|L3_S40|L3_S50,train,0,0.327477,False
7579,394.77,406.53,11.76,13,L3_S31|L0_S41|L3_S51,train,0,0.032808,False
7582,1235.66,1237.28,1.62,14,L1_S25|L2_S35|L3_S45,train,0,0.0009,False
7585,1571.05,1571.15,0.1,14,L2_S22|L3_S32|L3_S42,train,0,0.549998,False
7588,385.55,396.07,10.52,14,L3_S23|L0_S33|L3_S43,train,0,0.181925,False
7591,1471.53,1477.57,6.04,16,L3_S23|L0_S33|L3_S43,train,0,0.261698,False
7594,810.09,813.52,3.43,11,L3_S31|L0_S41|L3_S51,train,0,0.01539,False
7597,722.98,733.25,10.27,20,L3_S23|L0_S33|L3_S43,train,0,0.309702,False
7600,221.3,229.09,7.79,11,L3_S31|L0_S41|L3_S51,train,0,0.596569,False
7603,1376.4,1383.4,7,12,L0_S28|L1_S38|L3_S48,train,0,0.120514,False
7606,1060.13,1064.94,4.81,10,L0_S28|L1_S38|L3_S48,train,0,0.112222,False
7609,1412.24,1424.59,12.35,20,L2_S26|L3_S36|L3_S46,train,0,0.901348,True
7612,578.64,590.74,12.1,13,L0_S20|L1_S30|L3_S40,train,0,0.01122,False
7615,1305.2,1308.9,3.7,20,L0_S28|L1_S38|L3_S48,train,0,0.403177,False
7618,72.32,91.95,19.63,14,L2_S22|L3_S32|L3_S42,train,0,0.678102,False
7621,1622.88,1632.46,9.58,18,L2_S26|L3_S36|L3_S46,train,0,0.152489,False
7624,847.05,847.15,0.1,10,L2_S26|L3_S36|L3_S46,train,0,0.630494,False
7627,149.8,162.92,13.12,11,L3_S23|L0_S33|L3_S43,train,0,0.000172,False
7630,1551.77,1565.22,13.45,8,L3_S27|L0_S37|L3_S47,train,0,0.951372,True
7633,653.81,664.04,10.23,15,L1_S21|L2_S31|L3_S41,train,0,0.026916,False
7636,1247.75,1253.84,6.09,13,L0_S24|L1_S34|L3_S44,train,0,0.050023,False
7639,158.66,162.03,3.37,12,L1_S25|L2_S35|L3_S45,train,0,0.21686,False
7642,1200.92,1203.35,2.43,12,L0_S28|L1_S38|L3_S48,train,0,0.006796,False
7645,1037.18,1056.61,19.43,14,L1_S21|L2_S31|L3_S41,train,0,0.072503,False
7648,1675.89,1683.08,7.19,20,L1_S21|L2_S31|L3_S41,train,0,0.54364,False
7651,516.14,516.24,0.1,19,L0_S24|L1_S34|L3_S44,train,0,0.156237,False
7654,1167.96,1170.39,2.43,20,L3_S27|L0_S37|L3_S47,train,0,0.230323,False
7657,1275.6,1280.86,5.26,14,L1_S21|L2_S31|L3_S41,train,0,0.198493,False
7660,982.9,991.27,8.37,9,L0_S24|L1_S34|L3_S44,train,0,0.017708,False
7663,322.76,339.53,16.77,13,L2_S30|L3_S40|L3_S50,train,0,0.019548,False
7666,1107.5,1125.66,18.16,13,L1_S29|L2_S39|L3_S49,train,0,0.651064,False
7669,420.21,431.1,10.89,20,L1_S25|L2_S35|L3_S45,train,0,0.45837,False
7672,1152.19,1166.35,14.16,18,L0_S20|L1_S30|L3_S40,train,0,0.01442,False
7675,246.21,263.54,17.33,11,L2_S26|L3_S36|L3_S46,train,0,0.000026,False
7678,660.74,665.94,5.2,10,L0_S20|L1_S30|L3_S40,train,0,0.62531,False
7681,1284.45,1285.46,1.01,18,L0_S28|L1_S38|L3_S48,train,0,0.204052,False
7684,1330.48,1330.58,0.1,15,L1_S25|L2_S35|L3_S45,train,0,0.038221,False
7687,177.55,183.86,6.31,8,L0_S24|L1_S34|L3_S44,train,0,0.005223,False
7690,1210.32,1219.93,9.61,20,L1_S29|L2_S39|L3_S49,train,0,0.292245,False
7693,192.71,207.66,14.95,14,L3_S23|L0_S33|L3_S43,train,0,0.312865,False
7696,153.12,164.14,11.02,17,L2_S22|L3_S32|L3_S42,train,0,0.065176,False
7699,1248.12,1252.32,4.2,8,L2_S26|L3_S36|L3_S46,train,0,0.000129,False
7702,998.72,1009.19,10.47,13,L3_S23|L0_S33|L3_S43,train,0,0.150092,False
7705,1224.19,1225.98,1.79,10,L2_S30|L3_S40|L3_S50,train,0,0.025551,False
7708,443.43,458.41,14.98,15,L0_S28|L1_S38|L3_S48,train,1,0.788298,True
7711,1242.59,1251.71,9.12,10,L2_S22|L3_S32|L3_S42,train,0,0.035889,False
7714,672.69,691.05,18.36,10,L0_S28|L1_S38|L3_S48,train,0,0.469374,False
7717,1141.95,1151.22,9.27,16,L1_S25|L2_S35|L3_S45,train,0,0.000889,False
7720,555.21,574.43,19.22,10,L0_S24|L1_S34|L3_S44,train,0,0.384787,False
7723,1629.57,1633.77,4.2,15,L2_S22|L3_S32|L3_S42,train,0,0.575837,False
7726,502.79,510.18,7.39,16,L0_S24|L1_S34|L3_S44,train,0,0.038608,False
7729,1050.17,1060.97,10.8,19,L1_S21|L2_S31|L3_S41,train,0,0.919362,True
7732,424.71,435.12,10.41,14,L0_S20|L1_S30|L3_S40,train,0,0.3206,False
7735,1117.62,1119.58,1.96,8,L0_S20|L1_S30|L3_S40,train,0,0.089353,False
7738,1655.52,1658.98,3.46,14,L3_S27|L0_S37|L3_S47,train,0,0.124111,False
7741,405.33,416.71,11.38,17,L3_S27|L0_S37|L3_S47,train,0,0.219017,False
7744,292.87,303.35,10.48,17,L3_S23|L0_S33|L3_S43,train,0,0.893702,True
7747,869,886.95,17.95,20,L0_S24|L1_S34|L3_S44,train,0,0.058946,False
7750,1.76,22.57,20.81,13,L3_S31|L0_S41|L3_S51,train,0,0.035053,False
7753,662.92,680.99,18.07,8,L3_S23|L0_S33|L3_S43,train,0,0.001506,False
7756,1390.56,1390.66,0.1,11,L1_S25|L2_S35|L3_S45,train,0,0.023946,False
7759,1374.35,1387.22,12.87,10,L0_S24|L1_S34|L3_S44,train,0,0.599075,False
7762,9.27,34.54,25.27,8,L1_S25|L2_S35|L3_S45,train,0,0.193128,False
7765,394.16,410.05,15.89,19,L3_S27|L0_S37|L3_S47,train,1,0.824431,True
7768,1531.4,1538.39,6.99,12,L3_S27|L0_S37|L3_S47,train,0,0.163406,False
7771,343.09,352.11,9.02,13,L0_S20|L1_S30|L3_S40,train,0,0.279048,False
7774,46.91,56.07,9.16,12,L0_S20|L1_S30|L3_S40,train,0,0.231047,False
7777,805.46,823.06,17.6,13,L1_S21|L2_S31|L3_S41,train,0,0.013326,False
7780,1398.41,1413.91,15.5,15,L3_S23|L0_S33|L3_S43,train,0,0.428063,False
7783,620.87,633.29,12.42,19,L0_S28|L1_S38|L3_S48,train,1,0.83939,True
7786,801.22,811.92,10.7,11,L0_S24|L1_S34|L3_S44,train,0,0.64511,False
7789,7.02,26.29,19.27,20,L0_S24|L1_S34|L3_S44,train,0,0.558312,False
7792,816.74,819.42,2.68,16,L3_S27|L0_S37|L3_S47,train,1,0.941716,True
7795,780.81,790.71,9.9,16,L0_S24|L1_S34|L3_S44,train,1,0.082323,False
7798,1465.34,1477.12,11.78,15,L3_S31|L0_S41|L3_S51,train,0,0.880337,True
7801,1299.18,1311.94,12.76,19,L2_S22|L3_S32|L3_S42,train,0,0.476111,False
7804,1637.98,1647.94,9.96,14,L0_S20|L1_S30|L3_S40,train,0,0.135884,False
7807,121,136.9,15.9,21,L2_S22|L3_S32|L3_S42,train,0,0.078604,False
7810,584.72,586.29,1.57,10,L3_S27|L0_S37|L3_S47,train,0,0.8576,True
7813,980.69,989.51,8.82,20,L0_S20|L1_S30|L3_S40,train,0,0.094383,False
7816,594.27,611.28,17.01,21,L2_S22|L3_S32|L3_S42,train,0,0.032219,False
7819,872.62,886.11,13.49,18,L0_S20|L1_S30|L3_S40,train,1,0.91202,True
7822,310.73,327.11,16.38,12,L3_S27|L0_S37|L3_S47,train,0,0.457369,False
7825,951.41,958.71,7.3,8,L1_S29|L2_S39|L3_S49,train,0,0.000005,False
7828,187.6,193.64,6.04,16,L3_S31|L0_S41|L3_S51,train,0,0.183001,False
7831,205.64,220.54,14.9,18,L2_S30|L3_S40|L3_S50,train,0,0.375641,False
7834,1589.97,1609.54,19.57,15,L1_S21|L2_S31|L3_S41,train,0,0.507671,False
7837,848.27,859.94,11.67,16,L0_S28|L1_S38|L3_S48,train,0,0.982424,True
7840,935.9,940.27,4.37,13,L3_S31|L0_S41|L3_S51,train,0,0.017159,False
7843,1476.46,1485.85,9.39,8,L0_S28|L1_S38|L3_S48,train,0,0.014891,False
7846,1688.81,1697.12,8.31,8,L0_S24|L1_S34|L3_S44,train,0,0.001641,False
7849,4.88,18.44,13.56,13,L2_S22|L3_S32|L3_S42,train,0,0.744429,True
7852,65.29,68.31,3.02,18,L1_S21|L2_S31|L3_S41,train,0,0.068348,False
7855,577.45,586.34,8.89,15,L3_S31|L0_S41|L3_S51,train,0,0.022236,False
7858,742.5,744.59,2.09,14,L1_S29|L2_S39|L3_S49,train,0,0.128497,False
7861,1406.43,1417.24,10.81,12,L2_S30|L3_S40|L3_S50,train,0,0.009097,False
7864,719.29,732.99,13.7,10,L2_S22|L3_S32|L3_S42,train,0,0.00072,False
7867,1146.69,1150.92,4.23,12,L2_S26|L3_S36|L3_S46,train,0,0.020141,False
7870,411.44,430.91,19.47,15,L3_S31|L0_S41|L3_S51,train,0,0.071304,False
7873,535.12,549.24,14.12,10,L3_S31|L0_S41|L3_S51,train,0,0.00044,False
7876,867.53,880.86,13.33,19,L2_S22|L3_S32|L3_S42,train,0,0.582191,False
7879,1299.32,1300.93,1.61,18,L3_S23|L0_S33|L3_S43,train,1,0.95047,True
7882,1506.17,1514.01,7.84,14,L1_S21|L2_S31|L3_S41,train,0,0.719842,False
7885,550.87,554.81,3.94,17,L0_S20|L1_S30|L3_S40,train,0,0.318332,False
7888,889.01,903.06,14.05,17,L3_S23|L0_S33|L3_S43,train,0,0.828188,True
7891,360.46,375.17,14.71,19,L3_S23|L0_S33|L3_S43,train,0,0.130391,False
7894,979.53,987.71,8.18,8,L2_S22|L3_S32|L3_S42,train,0,0.290108,False
7897,641.94,653.01,11.07,12,L0_S20|L1_S30|L3_S40,train,0,0.564082,False
7900,1606.86,1621.68,14.82,19,L2_S30|L3_S40|L3_S50,train,0,0.047124,False
7903,1644.8,1652.29,7.49,9,L2_S22|L3_S32|L3_S42,train,0,0.186732,False
7906,1118.81,1131.33,12.52,12,L2_S22|L3_S32|L3_S42,train,0,0.023463,False
7909,1625.08,1636.57,11.49,8,L3_S31|L0_S41|L3_S51,train,0,0.013795,False
7912,1312.37,1323.3,10.93,20,L2_S30|L3_S40|L3_S50,train,0,0.147538,False
7915,1448.27,1454.52,6.25,17,L1_S21|L2_S31|L3_S41,train,0,0.843091,True
7918,883.72,888.86,5.14,9,L3_S23|L0_S33|L3_S43,train,0,0.043866,False
7921,48.32,59.99,11.67,15,L0_S20|L1_S30|L3_S40,train,0,0.504581,False
7924,1167.33,1176.4,9.07,17,L0_S24|L1_S34|L3_S44,train,0,0.188136,False
7927,1467.72,1483.47,15.75,16,L2_S22|L3_S32|L3_S42,train,0,0.005794,False
7930,869.1,882.55,13.45,9,L2_S30|L3_S40|L3_S50,train,0,0.447847,False
7933,420.89,426.5,5.61,9,L2_S22|L3_S32|L3_S42,train,0,0.019367,False
7936,485.94,493.57,7.63,15,L2_S26|L3_S36|L3_S46,train,0,0.032298,False
7939,697.93,706.1,8.17,8,L0_S28|L1_S38|L3_S48,train,0,0.383075,False
7942,86.31,91.85,5.54,11,L0_S20|L1_S30|L3_S40,train,0,0.035018,False
7945,1095.77,1113.68,17.91,18,L3_S23|L0_S33|L3_S43,train,0,0.000255,False
7948,1391.84,1403.6,11.76,13,L2_S26|L3_S36|L3_S46,train,0,0.450207,False
7951,1147.43,1153.83,6.4,12,L3_S23|L0_S33|L3_S43,train,0,0.270081,False
7954,710.07,723.24,13.17,21,L3_S23|L0_S33|L3_S43,train,0,0.035739,False
7957,1638.73,1650.29,11.56,9,L3_S27|L0_S37|L3_S47,train,0,0.025449,False
7960,594.63,603.21,8.58,10,L3_S23|L0_S33|L3_S43,train,0,0.187356,False
7963,1597.27,1597.37,0.1,12,L2_S22|L3_S32|L3_S42,train,0,0.877021,True
7966,136.94,152.45,15.51,19,L0_S20|L1_S30|L3_S40,train,0,0.65552,False
7969,362.44,370.92,8.48,16,L2_S26|L3_S36|L3_S46,train,0,0.408093,False
7972,897.86,915.45,17.59,20,L2_S26|L3_S36|L3_S46,train,0,0.296764,False
7975,1390.26,1401.83,11.57,19,L1_S29|L2_S39|L3_S49,train,0,0.20161,False
7978,501.57,509.05,7.48,18,L2_S22|L3_S32|L3_S42,train,0,0.085033,False
7981,1603.86,1612.63,8.77,13,L2_S26|L3_S36|L3_S46,train,0,0.156134,False
7984,927,949.26,22.26,12,L1_S21|L2_S31|L3_S41,train,0,0.224881,False
7987,823.12,834.98,11.86,11,L2_S26|L3_S36|L3_S46,train,0,0.378939,False
7990,161.62,171.52,9.9,11,L1_S21|L2_S31|L3_S41,train,0,0.511388,False
7993,527.34,537.82,10.48,8,L0_S24|L1_S34|L3_S44,train,0,0.031469,False
7996,1001.34,1010.32,8.98,11,L3_S31|L0_S41|L3_S51,train,0,0.248033,False
7999,679.04,694.53,15.49,10,L1_S29|L2_S39|L3_S49,train,0,0.749493,True
8002,440.16,449.88,9.72,10,L1_S25|L2_S35|L3_S45,train,0,0.007272,False
8005,688.02,702.38,14.36,12,L3_S23|L0_S33|L3_S43,train,1,0.977121,True
8008,925.52,926.88,1.36,19,L1_S21|L2_S31|L3_S41,train,0,0.431659,False
8011,637.38,648.42,11.04,12,L2_S26|L3_S36|L3_S46,train,0,0.50578,False
8014,413.86,431.22,17.36,19,L3_S27|L0_S37|L3_S47,train,0,0.273703,False
8017,237.92,247.91,9.99,20,L1_S21|L2_S31|L3_S41,train,0,0.938769,True
8020,1643.65,1646.63,2.98,10,L3_S31|L0_S41|L3_S51,train,0,0.092734,False
8023,966.35,972.49,6.14,20,L1_S29|L2_S39|L3_S49,train,0,0.004596,False
8026,158.11,180.32,22.21,17,L2_S30|L3_S40|L3_S50,train,0,0.041692,False
8029,257.86,263.76,5.9,14,L0_S24|L1_S34|L3_S44,train,0,0.063243,False
8032,1654.52,1665.46,10.94,21,L3_S31|L0_S41|L3_S51,train,0,0.097744,False
8035,1628.7,1632.12,3.42,10,L2_S22|L3_S32|L3_S42,train,0,0.263379,False
8038,574.35,593.93,19.58,13,L3_S31|L0_S41|L3_S51,train,0,0.100672,False
8041,79.78,90.74,10.96,16,L0_S20|L1_S30|L3_S40,train,0,0.32608,False
8044,1651.57,1656.2,4.63,14,L0_S20|L1_S30|L3_S40,train,0,0.713595,False
8047,1444.13,1454.18,10.05,14,L0_S24|L1_S34|L3_S44,train,0,0.930684,True
8050,1661.4,1672.44,11.04,20,L0_S28|L1_S38|L3_S48,train,0,0.310356,False
8053,1283.2,1298.12,14.92,16,L2_S22|L3_S32|L3_S42,train,0,0.730923,False
8056,1329.44,1337.66,8.22,11,L3_S23|L0_S33|L3_S43,train,0,0.001207,False
8059,1092.23,1104.24,12.01,14,L1_S25|L2_S35|L3_S45,train,0,0.291232,False
8062,1677.22,1692.93,15.71,11,L2_S26|L3_S36|L3_S46,train,0,0.457187,False
8065,1263.61,1276.85,13.24,10,L2_S30|L3_S40|L3_S50,train,0,0.048022,False
8068,711.97,722.32,10.35,17,L1_S29|L2_S39|L3_S49,train,0,0.739535,True
8071,916.54,925.23,8.69,15,L0_S28|L1_S38|L3_S48,train,0,0.037868,False
8074,1516.66,1536,19.34,8,L0_S24|L1_S34|L3_S44,train,1,0.931825,True
8077,845.03,852.83,7.8,12,L1_S25|L2_S35|L3_S45,train,0,0.841286,True
8080,902.73,914.86,12.13,8,L2_S30|L3_S40|L3_S50,train,0,0.065082,False
8083,829.52,833.53,4.01,18,L1_S29|L2_S39|L3_S49,train,0,0.001582,False
8086,1434.64,1452.12,17.48,17,L0_S28|L1_S38|L3_S48,train,0,0.000088,False
8089,1377.74,1390.43,12.69,12,L0_S28|L1_S38|L3_S48,train,0,0.62798,False
8092,722.67,730.7,8.03,12,L1_S21|L2_S31|L3_S41,train,0,0.346346,False
8095,994.63,1002.59,7.96,13,L1_S29|L2_S39|L3_S49,train,0,0.032576,False
8098,933.47,945.17,11.7,8,L1_S21|L2_S31|L3_S41,train,0,0.605355,False
8101,1529.25,1541.12,11.87,14,L0_S20|L1_S30|L3_S40,train,0,0.214196,False
8104,1642.31,1649.62,7.31,8,L3_S31|L0_S41|L3_S51,train,0,0.33897,False
8107,1587.41,1597.22,9.81,19,L1_S21|L2_S31|L3_S41,train,1,0.883069,True
8110,1186.37,1195.64,9.27,15,L2_S30|L3_S40|L3_S50,train,0,0.082024,False
8113,1006.98,1019.62,12.64,11,L1_S25|L2_S35|L3_S45,train,0,0.622976,False
8116,1522.9,1524.37,1.47,8,L2_S26|L3_S36|L3_S46,train,0,0.678242,False
8119,317.08,329.88,12.8,18,L0_S24|L1_S34|L3_S44,train,0,0.131992,False
8122,204.78,214.91,10.13,14,L1_S25|L2_S35|L3_S45,train,0,0.018697,False
8125,676.29,695.87,19.58,17,L3_S27|L0_S37|L3_S47,train,0,0.100377,False
8128,959.16,964.93,5.77,13,L3_S31|L0_S41|L3_S51,train,0,0.150981,False
8131,238.24,249.59,11.35,8,L2_S26|L3_S36|L3_S46,train,0,0.137842,False
8134,934.2,954.81,20.61,17,L0_S20|L1_S30|L3_S40,train,0,0.488522,False
8137,289,305.5,16.5,13,L1_S25|L2_S35|L3_S45,train,0,0.944824,True
8140,1184.21,1192.72,8.51,14,L0_S28|L1_S38|L3_S48,train,0,0.631751,False
8143,1424.25,1430.09,5.84,10,L1_S25|L2_S35|L3_S45,train,0,0.001612,False
8146,593.67,603.82,10.15,11,L0_S28|L1_S38|L3_S48,train,0,0.201221,False
8149,1113.15,1131.59,18.44,14,L0_S20|L1_S30|L3_S40,train,0,0.015043,False
8152,691.99,698.77,6.78,9,L0_S28|L1_S38|L3_S48,train,0,0.24432,False
8155,578.25,593.01,14.76,11,L1_S21|L2_S31|L3_S41,train,0,0.510946,False
8158,1322.57,1322.67,0.1,17,L0_S24|L1_S34|L3_S44,train,0,0.698916,False
8161,569.99,578.68,8.69,13,L2_S22|L3_S32|L3_S42,train,0,0.032743,False
8164,1467.16,1483.21,16.05,15,L3_S27|L0_S37|L3_S47,train,0,0.472344,False
8167,39.94,43.95,4.01,12,L0_S28|L1_S38|L3_S48,train,0,0.257585,False
8170,211.24,220.29,9.05,15,L2_S26|L3_S36|L3_S46,train,0,0.007758,False
8173,529.63,549.26,19.63,15,L1_S29|L2_S39|L3_S49,train,0,0.677001,False
8176,1180.55,1192.75,12.2,8,L0_S28|L1_S38|L3_S48,train,0,0.150907,False
8179,288.53,301.02,12.49,15,L0_S24|L1_S34|L3_S44,train,0,0.274341,False
8182,373.43,376.26,2.83,8,L0_S20|L1_S30|L3_S40,train,0,0.239855,False
8185,791.34,807.44,16.1,14,L3_S27|L0_S37|L3_S47,train,1,0.918344,True
8188,331.95,341.02,9.07,16,L0_S28|L1_S38|L3_S48,train,0,0.326181,False
8191,1547.17,1557.72,10.55,19,L0_S20|L1_S30|L3_S40,train,0,0.002887,False
8194,600.79,605.9,5.11,12,L1_S21|L2_S31|L3_S41,train,0,0.493271,False
8197,25.33,34.02,8.69,21,L0_S20|L1_S30|L3_S40,train,0,0.226132,False
8200,551.08,555.59,4.51,16,L3_S27|L0_S37|L3_S47,train,0,0.749184,True
8203,47.69,59.8,12.11,10,L1_S29|L2_S39|L3_S49,train,0,0.244451,False
8206,1356.36,1371.16,14.8,19,L2_S30|L3_S40|L3_S50,train,0,0.522559,False
8209,494.12,507.13,13.01,14,L3_S27|L0_S37|L3_S47,train,0,0.009679,False
8212,793.63,804.44,10.81,19,L1_S21|L2_S31|L3_S41,train,0,0.029577,False
8215,40.49,49.5,9.01,17,L0_S20|L1_S30|L3_S40,train,0,0.049131,False
8218,356.16,378.43,22.27,8,L1_S29|L2_S39|L3_S49,train,0,0.502357,False
8221,1237.28,1249.59,12.31,11,L3_S31|L0_S41|L3_S51,train,0,0.298215,False
8224,824.68,840.52,15.84,14,L2_S30|L3_S40|L3_S50,train,0,0.866502,True
8227,1481.49,1490.8,9.31,11,L0_S20|L1_S30|L3_S40,train,0,0.30925,False
8230,526.55,537.67,11.12,20,L2_S26|L3_S36|L3_S46,train,0,0.104715,False
8233,616.93,619.95,3.02,21,L2_S30|L3_S40|L3_S50,train,0,0.087631,False
8236,158,167.71,9.71,8,L0_S20|L1_S30|L3_S40,train,0,0.554199,False
8239,1605.72,1609.49,3.77,12,L0_S28|L1_S38|L3_S48,train,0,0.624497,False
8242,316.15,317.6,1.45,11,L3_S31|L0_S41|L3_S51,train,0,0.485406,False
8245,988.09,1004.1,16.01,10,L2_S22|L3_S32|L3_S42,train,0,0.510318,False
8248,1304.83,1323.62,18.79,16,L2_S22|L3_S32|L3_S42,train,0,0.051925,False
8251,290.53,304.71,14.18,16,L1_S21|L2_S31|L3_S41,train,0,0.535607,False
8254,688.2,690.81,2.61,20,L3_S31|L0_S41|L3_S51,train,0,0.065473,False
8257,1210.76,1226.31,15.55,17,L0_S24|L1_S34|L3_S44,train,0,0.062623,False
8260,1597.31,1611.98,14.67,13,L2_S30|L3_S40|L3_S50,train,0,0.049963,False
8263,1419.46,1426.18,6.72,15,L2_S30|L3_S40|L3_S50,train,0,0.043894,False
8266,1499.77,1505.4,5.63,12,L0_S20|L1_S30|L3_S40,train,0,0.479871,False
8269,205.87,213.51,7.64,10,L0_S28|L1_S38|L3_S48,train,0,0.424694,False
8272,1149.54,1157.85,8.31,10,L1_S29|L2_S39|L3_S49,train,0,0.704891,False
8275,1231.39,1239.67,8.28,19,L3_S23|L0_S33|L3_S43,train,0,0.027071,False
8278,35.92,50.03,14.11,18,L0_S28|L1_S38|L3_S48,train,0,0.267095,False
8281,304.84,312.02,7.18,19,L1_S29|L2_S39|L3_S49,train,0,0.523173,False
8284,623.09,630.89,7.8,11,L1_S29|L2_S39|L3_S49,train,0,0.695109,False
8287,735.31,743.15,7.84,16,L1_S25|L2_S35|L3_S45,train,0,0.010471,False
8290,446.39,454.47,8.08,19,L0_S20|L1_S30|L3_S40,train,0,0.147089,False
8293,993.62,997.54,3.92,9,L1_S25|L2_S35|L3_S45,train,1,0.07482,False
8296,25.75,30.71,4.96,15,L0_S28|L1_S38|L3_S48,train,0,0.003636,False
8299,1662.09,1665.55,3.46,20,L3_S27|L0_S37|L3_S47,train,0,0.609441,False
8302,1556.47,1568.75,12.28,8,L2_S30|L3_S40|L3_S50,train,0,0.551405,False
8305,1165.94,1170.75,4.81,21,L1_S21|L2_S31|L3_S41,train,0,0.444224,False
8308,1168.03,1170.44,2.41,16,L3_S23|L0_S33|L3_S43,train,0,0.061867,False
8311,1193.93,1198.87,4.94,13,L0_S28|L1_S38|L3_S48,train,0,0.021578,False
8314,504.63,514.56,9.93,13,L0_S28|L1_S38|L3_S48,train,0,0.796433,True
8317,87.64,100.77,13.13,10,L2_S22|L3_S32|L3_S42,train,0,0.164825,False
8320,546.93,563.51,16.58,17,L3_S23|L0_S33|L3_S43,train,0,0.018532,False
8323,1138.98,1143.96,4.98,14,L1_S21|L2_S31|L3_S41,train,0,0.113606,False
8326,1671.42,1694.16,22.74,17,L0_S20|L1_S30|L3_S40,train,0,0.467579,False
8329,1645.71,1656.38,10.67,15,L2_S30|L3_S40|L3_S50,train,0,0.265983,False
8332,1518.56,1528,9.44,14,L0_S24|L1_S34|L3_S44,train,0,0.015302,False
8335,1395.09,1408.53,13.44,16,L3_S31|L0_S41|L3_S51,train,0,0.637744,False
8338,1183.95,1205.97,22.02,12,L2_S26|L3_S36|L3_S46,train,0,0.704943,False
8341,116.36,123.87,7.51,13,L2_S26|L3_S36|L3_S46,train,0,0.050193,False
8344,211.24,224.25,13.01,9,L0_S28|L1_S38|L3_S48,train,0,0.787918,True
8347,1224.85,1238.44,13.59,8,L0_S24|L1_S34|L3_S44,train,0,0.206701,False
8350,251.22,266.15,14.93,21,L0_S28|L1_S38|L3_S48,train,0,0.319997,False
8353,913.1,923.53,10.43,20,L1_S21|L2_S31|L3_S41,train,0,0.081739,False
8356,655.5,672.07,16.57,17,L3_S27|L0_S37|L3_S47,train,0,0.000637,False
8359,1594.04,1614.06,20.02,10,L0_S28|L1_S38|L3_S48,train,0,0.695075,False
8362,1130.83,1137.45,6.62,9,L2_S30|L3_S40|L3_S50,train,0,0.574612,False
8365,1068.71,1074.05,5.34,9,L0_S24|L1_S34|L3_S44,train,0,0.505773,False
8368,180.69,194.06,13.37,17,L1_S25|L2_S35|L3_S45,train,0,0.126987,False
8371,191.27,210.94,19.67,12,L1_S25|L2_S35|L3_S45,train,0,0.292566,False
8374,1132.57,1146.04,13.47,14,L0_S20|L1_S30|L3_S40,train,0,0.602483,False
8377,369.95,372.02,2.07,10,L2_S26|L3_S36|L3_S46,train,0,0.000762,False
8380,638.69,649.62,10.93,12,L0_S24|L1_S34|L3_S44,train,0,0.385155,False
8383,1080.77,1097.03,16.26,16,L0_S28|L1_S38|L3_S48,train,0,0.334964,False
8386,86.37,96.41,10.04,19,L0_S20|L1_S30|L3_S40,train,0,0.103281,False
8389,668.39,674.84,6.45,8,L0_S28|L1_S38|L3_S48,train,0,0.057401,False
8392,647.26,671.58,24.32,10,L2_S30|L3_S40|L3_S50,train,0,0.819066,True
8395,200.94,207.11,6.17,8,L2_S22|L3_S32|L3_S42,train,0,0.378897,False
8398,682.97,690.98,8.01,19,L0_S28|L1_S38|L3_S48,train,0,0.028421,False
8401,1075.11,1081.62,6.51,12,L0_S28|L1_S38|L3_S48,train,0,0.219976,False
8404,1308.76,1309.12,0.36,14,L2_S30|L3_S40|L3_S50,val,0,0.387421,False
8407,271.63,276.12,4.49,8,L1_S21|L2_S31|L3_S41,val,0,0.600614,False
8410,502.92,507.64,4.72,19,L2_S26|L3_S36|L3_S46,val,0,0.169616,False
8413,1357.51,1371.37,13.86,15,L2_S22|L3_S32|L3_S42,val,0,0.433,False
8416,381.36,388.99,7.63,19,L3_S31|L0_S41|L3_S51,val,0,0.819085,True
8419,772.9,785.08,12.18,20,L3_S23|L0_S33|L3_S43,val,0,0.633963,False
8422,401.9,417.44,15.54,15,L1_S25|L2_S35|L3_S45,val,0,0.012479,False
8425,363.36,374.29,10.93,20,L2_S26|L3_S36|L3_S46,val,0,0.295091,False
8428,933.76,944.25,10.49,21,L3_S31|L0_S41|L3_S51,val,0,0.001208,False
8431,782.21,793.78,11.57,8,L1_S21|L2_S31|L3_S41,val,0,0.028203,False
8434,272.88,283.14,10.26,10,L0_S28|L1_S38|L3_S48,val,0,0.900518,True
8437,1166,1168.07,2.07,16,L1_S21|L2_S31|L3_S41,val,0,0.083708,False
8440,1018.76,1021.78,3.02,20,L2_S30|L3_S40|L3_S50,val,0,0.935792,True
8443,581.25,590.37,9.12,14,L1_S29|L2_S39|L3_S49,val,0,0.217651,False
8446,1581.97,1591.27,9.3,12,L1_S25|L2_S35|L3_S45,val,0,0.060805,False
8449,984.04,992.52,8.48,9,L1_S21|L2_S31|L3_S41,val,0,0.79759,True
8452,597.16,618.25,21.09,14,L2_S30|L3_S40|L3_S50,val,0,0.883567,True
8455,1333.34,1344.39,11.05,15,L1_S25|L2_S35|L3_S45,val,0,0.039444,False
8458,947.13,961.48,14.35,20,L0_S20|L1_S30|L3_S40,val,0,0.126609,False
8461,919.26,923.88,4.62,15,L1_S25|L2_S35|L3_S45,val,1,0.759515,True
8464,366.87,367.02,0.15,12,L1_S21|L2_S31|L3_S41,val,0,0.449877,False
8467,815.7,832.84,17.14,19,L1_S25|L2_S35|L3_S45,val,0,0.959345,True
8470,867.36,876.58,9.22,20,L3_S23|L0_S33|L3_S43,val,0,0.051984,False
8473,4.09,15.76,11.67,12,L3_S23|L0_S33|L3_S43,val,0,0.403487,False
8476,631.56,645.74,14.18,13,L3_S31|L0_S41|L3_S51,val,1,0.996743,True
8479,116.31,116.41,0.1,8,L3_S27|L0_S37|L3_S47,val,0,0.739077,True
8482,1026.69,1043.97,17.28,14,L2_S22|L3_S32|L3_S42,val,0,0.044334,False
8485,62.47,80.27,17.8,17,L0_S28|L1_S38|L3_S48,val,0,0.202559,False
8488,1297.4,1308.36,10.96,19,L1_S21|L2_S31|L3_S41,val,0,0.235978,False
8491,624.74,631.53,6.79,16,L2_S22|L3_S32|L3_S42,val,1,0.739224,True
8494,1068.41,1075.24,6.83,12,L0_S24|L1_S34|L3_S44,val,0,0.329809,False
8497,1473,1482.09,9.09,11,L2_S26|L3_S36|L3_S46,val,0,0.52325,False
8500,83.99,105.88,21.89,8,L1_S25|L2_S35|L3_S45,val,0,0.166973,False
8503,886.44,900.42,13.98,13,L3_S31|L0_S41|L3_S51,val,0,0.707072,False
8506,41.88,52.91,11.03,19,L3_S23|L0_S33|L3_S43,val,0,0.231799,False
8509,1642.63,1659.22,16.59,20,L0_S20|L1_S30|L3_S40,val,0,0.137236,False
8512,1070.83,1080.85,10.02,20,L3_S27|L0_S37|L3_S47,val,0,0.379464,False
8515,1163.37,1169.64,6.27,17,L2_S22|L3_S32|L3_S42,val,0,0.061118,False
8518,1394.9,1404.89,9.99,17,L3_S23|L0_S33|L3_S43,val,0,0.876409,True
8521,1309.68,1317.17,7.49,16,L2_S30|L3_S40|L3_S50,val,0,0.916717,True
8524,1546.68,1549.56,2.88,20,L3_S23|L0_S33|L3_S43,val,0,0.077111,False
8527,499.34,506.15,6.81,12,L3_S23|L0_S33|L3_S43,val,0,0.134712,False
8530,938.32,947.18,8.86,13,L1_S25|L2_S35|L3_S45,val,0,0.128198,False
8533,1017.75,1020.21,2.46,15,L1_S25|L2_S35|L3_S45,val,0,0.108686,False
8536,1568.88,1587.23,18.35,14,L3_S23|L0_S33|L3_S43,val,0,0.537551,False
8539,1492.71,1492.81,0.1,21,L0_S20|L1_S30|L3_S40,val,0,0.452232,False
8542,1044.8,1047.03,2.23,17,L1_S29|L2_S39|L3_S49,val,0,0.071192,False
8545,1545.4,1548.4,3,8,L0_S28|L1_S38|L3_S48,val,0,0.516092,False
8548,1098.96,1113.18,14.22,17,L2_S22|L3_S32|L3_S42,val,0,0.184529,False
8551,972.15,987.33,15.18,11,L2_S30|L3_S40|L3_S50,val,1,0.849969,True
8554,279.36,290.02,10.66,9,L2_S26|L3_S36|L3_S46,val,0,0.18111,False
8557,1590.79,1590.89,0.1,16,L0_S20|L1_S30|L3_S40,val,0,0.074198,False
8560,1683.78,1698.13,14.35,9,L2_S26|L3_S36|L3_S46,val,0,0.028762,False
8563,708.25,720.77,12.52,17,L1_S21|L2_S31|L3_S41,val,0,0.001743,False
8566,683.21,698.4,15.19,15,L2_S22|L3_S32|L3_S42,val,1,0.809622,True
8569,648.07,662.87,14.8,19,L2_S30|L3_S40|L3_S50,val,0,0.096542,False
8572,859.72,885.7,25.98,15,L1_S25|L2_S35|L3_S45,val,0,0.778384,True
8575,1584.46,1591.27,6.81,14,L3_S23|L0_S33|L3_S43,val,0,0.000369,False
8578,648.17,671.34,23.17,12,L1_S25|L2_S35|L3_S45,val,0,0.024872,False
8581,928.63,951.38,22.75,15,L1_S21|L2_S31|L3_S41,val,0,0.3265,False
8584,851.23,857.61,6.38,20,L3_S31|L0_S41|L3_S51,val,0,0.466879,False
8587,931.74,931.84,0.1,21,L0_S20|L1_S30|L3_S40,val,0,0.971476,True
8590,119.44,124.38,4.94,8,L0_S28|L1_S38|L3_S48,val,0,0.301183,False
8593,1590.17,1606.16,15.99,10,L1_S29|L2_S39|L3_S49,val,0,0.000005,False
8596,350.53,364.02,13.49,21,L1_S29|L2_S39|L3_S49,val,0,0.655323,False
8599,741.93,748.34,6.41,15,L3_S23|L0_S33|L3_S43,val,0,0.28525,False
8602,897.1,897.2,0.1,10,L1_S25|L2_S35|L3_S45,val,0,0.00001,False
8605,320.73,334.17,13.44,11,L0_S20|L1_S30|L3_S40,val,0,0.975393,True
8608,1260.63,1273.64,13.01,16,L0_S24|L1_S34|L3_S44,val,0,0.016995,False
8611,1692.71,1707.11,14.4,14,L2_S26|L3_S36|L3_S46,val,0,0.120659,False
8614,871.35,880.29,8.94,19,L1_S29|L2_S39|L3_S49,val,0,0.455058,False
8617,1445.99,1453.95,7.96,9,L3_S31|L0_S41|L3_S51,val,1,0.970746,True
8620,878.19,904.08,25.89,9,L0_S20|L1_S30|L3_S40,val,0,0.754981,True
8623,943.97,960.21,16.24,11,L0_S24|L1_S34|L3_S44,val,0,0.115142,False
8626,1044.9,1052.85,7.95,9,L0_S20|L1_S30|L3_S40,val,0,0.914434,True
8629,111.03,128.66,17.63,11,L3_S27|L0_S37|L3_S47,val,0,0.596003,False
8632,126.19,137.31,11.12,18,L1_S25|L2_S35|L3_S45,val,0,0.0685,False
8635,1214.67,1214.77,0.1,21,L3_S31|L0_S41|L3_S51,val,0,0.249305,False
8638,1179.06,1185.11,6.05,14,L1_S25|L2_S35|L3_S45,val,0,0.000022,False
8641,997.91,1007.9,9.99,15,L1_S21|L2_S31|L3_S41,val,0,0.706494,False
8644,2.42,16.39,13.97,21,L0_S20|L1_S30|L3_S40,val,0,0.013615,False
8647,811.98,821.68,9.7,21,L2_S30|L3_S40|L3_S50,val,0,0.901544,True
8650,1617.58,1626.96,9.38,20,L2_S22|L3_S32|L3_S42,val,0,0.018855,False
8653,29.1,42.31,13.21,21,L1_S21|L2_S31|L3_S41,val,0,0.010943,False
8656,100.4,121.09,20.69,20,L0_S28|L1_S38|L3_S48,val,0,0.238383,False
8659,1277.92,1283.21,5.29,16,L2_S22|L3_S32|L3_S42,val,0,0.333875,False
8662,1170.5,1180.66,10.16,18,L0_S24|L1_S34|L3_S44,val,0,0.009845,False
8665,1680.44,1684.54,4.1,11,L1_S21|L2_S31|L3_S41,val,0,0.002902,False
8668,1614.95,1618.77,3.82,9,L1_S29|L2_S39|L3_S49,val,0,0.92999,True
8671,1390.19,1392.16,1.97,9,L1_S29|L2_S39|L3_S49,val,0,0.304012,False
8674,1316.31,1335.05,18.74,16,L0_S24|L1_S34|L3_S44,val,0,0.028558,False
8677,546.9,555.76,8.86,13,L2_S22|L3_S32|L3_S42,val,0,0.213332,False
8680,675.12,689.97,14.85,16,L1_S29|L2_S39|L3_S49,val,0,0.342725,False
8683,1472.5,1479.01,6.51,9,L1_S25|L2_S35|L3_S45,val,0,0.001874,False
8686,347.45,355.16,7.71,18,L0_S20|L1_S30|L3_S40,val,0,0.395924,False
8689,10.53,18.49,7.96,18,L3_S31|L0_S41|L3_S51,val,0,0.719718,False
8692,134.3,139.86,5.56,11,L0_S24|L1_S34|L3_S44,val,0,0.060356,False
8695,497.41,510.42,13.01,13,L0_S20|L1_S30|L3_S40,val,0,0.364119,False
8698,1684.7,1694.18,9.48,19,L1_S29|L2_S39|L3_S49,val,0,0.825191,True
8701,775.23,786.28,11.05,21,L2_S22|L3_S32|L3_S42,val,0,0.262148,False
8704,773.89,776.16,2.27,15,L2_S30|L3_S40|L3_S50,val,0,0.189249,False
8707,559.67,569.45,9.78,18,L2_S22|L3_S32|L3_S42,val,0,0.393056,False
8710,53.68,68.93,15.25,9,L0_S28|L1_S38|L3_S48,val,0,0.194095,False
8713,566.97,577.34,10.37,11,L3_S23|L0_S33|L3_S43,val,0,0.270641,False
8716,544.35,555.56,11.21,10,L2_S30|L3_S40|L3_S50,val,0,0.026817,False
8719,1159.75,1159.85,0.1,19,L1_S29|L2_S39|L3_S49,val,0,0.261495,False
8722,1127.23,1129.71,2.48,10,L3_S23|L0_S33|L3_S43,val,0,0.321629,False
8725,559.88,568.5,8.62,11,L0_S28|L1_S38|L3_S48,val,0,0.330131,False
8728,1370.9,1374.93,4.03,20,L0_S28|L1_S38|L3_S48,val,0,0.774682,True
8731,339.57,352.91,13.34,13,L3_S31|L0_S41|L3_S51,val,0,0.001627,False
8734,730.63,742.58,11.95,19,L2_S26|L3_S36|L3_S46,val,0,0.003621,False
8737,1457.68,1468.14,10.46,9,L2_S22|L3_S32|L3_S42,val,0,0.000158,False
8740,1239.45,1253.1,13.65,21,L1_S25|L2_S35|L3_S45,val,0,0.500288,False
8743,818.23,820.5,2.27,20,L1_S21|L2_S31|L3_S41,val,0,0.120507,False
8746,698.91,715.13,16.22,20,L1_S29|L2_S39|L3_S49,val,0,0.669377,False
8749,746.35,746.45,0.1,15,L1_S21|L2_S31|L3_S41,val,0,0.56457,False
8752,1629.83,1636.19,6.36,18,L0_S28|L1_S38|L3_S48,val,0,0.041956,False
8755,664.93,681.58,16.65,9,L3_S31|L0_S41|L3_S51,val,0,0.287631,False
8758,1071.1,1085.25,14.15,17,L0_S28|L1_S38|L3_S48,val,0,0.173191,False
8761,762.15,777.66,15.51,15,L1_S21|L2_S31|L3_S41,val,1,0.943961,True
8764,442.53,457.31,14.78,20,L0_S24|L1_S34|L3_S44,val,0,0.803532,True
8767,1465.66,1472.06,6.4,15,L1_S25|L2_S35|L3_S45,val,0,0.703726,False
8770,356.63,356.73,0.1,18,L3_S27|L0_S37|L3_S47,val,0,0.70791,False
8773,1095.14,1095.24,0.1,13,L0_S20|L1_S30|L3_S40,val,0,0.070889,False
8776,654.12,664.47,10.35,21,L2_S26|L3_S36|L3_S46,val,0,0.288197,False
8779,386.75,406.54,19.79,8,L1_S29|L2_S39|L3_S49,val,0,0.01327,False
8782,1568.69,1574.2,5.51,8,L2_S30|L3_S40|L3_S50,val,0,0.13055,False
8785,1391.12,1405.82,14.7,8,L2_S30|L3_S40|L3_S50,val,0,0.192201,False
8788,1359.01,1367.54,8.53,17,L0_S20|L1_S30|L3_S40,val,0,0.208661,False
8791,28.13,29.42,1.29,15,L0_S28|L1_S38|L3_S48,val,0,0.001472,False
8794,579.04,598.59,19.55,16,L3_S27|L0_S37|L3_S47,val,0,0.000005,False
8797,365.72,382.77,17.05,8,L2_S30|L3_S40|L3_S50,val,0,0.885305,True
8800,477.38,490.32,12.94,11,L2_S30|L3_S40|L3_S50,val,0,0.375312,False
8803,774.79,780.04,5.25,10,L1_S29|L2_S39|L3_S49,val,0,0.47404,False
8806,1214.29,1221.06,6.77,18,L2_S30|L3_S40|L3_S50,val,0,0.082826,False
8809,468.8,472.67,3.87,12,L1_S25|L2_S35|L3_S45,val,0,0.184446,False
8812,44.26,57.66,13.4,19,L3_S27|L0_S37|L3_S47,val,0,0.000763,False
8815,1475.89,1483.95,8.06,11,L2_S30|L3_S40|L3_S50,val,0,0.016052,False
8818,513.12,514.94,1.82,12,L3_S31|L0_S41|L3_S51,val,0,0.003119,False
8821,816.66,816.76,0.1,16,L2_S26|L3_S36|L3_S46,val,0,0.596037,False
8824,1625.14,1633.83,8.69,13,L3_S27|L0_S37|L3_S47,val,0,0.5622,False
8827,1199.14,1214.9,15.76,10,L1_S21|L2_S31|L3_S41,val,0,0.47165,False
8830,778.7,783.1,4.4,21,L1_S29|L2_S39|L3_S49,val,0,0.065135,False
8833,761.99,780.57,18.58,14,L1_S21|L2_S31|L3_S41,val,0,0.310596,False
8836,1429.26,1439.41,10.15,16,L1_S25|L2_S35|L3_S45,val,0,0.047027,False
8839,1354.29,1369.58,15.29,18,L1_S21|L2_S31|L3_S41,val,0,0.162388,False
8842,841.96,842.06,0.1,20,L3_S23|L0_S33|L3_S43,val,0,0.647811,False
8845,987.91,1002.28,14.37,15,L0_S28|L1_S38|L3_S48,val,0,0.223303,False
8848,1677.83,1689.32,11.49,14,L2_S22|L3_S32|L3_S42,val,0,0.277857,False
8851,448.69,464.37,15.68,10,L3_S31|L0_S41|L3_S51,val,0,0.705232,False
8854,86.77,87.79,1.02,16,L2_S26|L3_S36|L3_S46,val,0,0.199721,False
8857,980.6,993.01,12.41,14,L0_S20|L1_S30|L3_S40,val,0,0.476576,False
8860,1540.56,1547.47,6.91,9,L1_S25|L2_S35|L3_S45,val,0,0.097072,False
8863,1113.2,1125.98,12.78,9,L2_S26|L3_S36|L3_S46,val,0,0.456306,False
8866,1194.9,1213.57,18.67,10,L3_S31|L0_S41|L3_S51,val,0,0.317641,False
8869,1514.89,1520.23,5.34,8,L2_S30|L3_S40|L3_S50,val,0,0.358815,False
8872,506.91,517.16,10.25,11,L0_S20|L1_S30|L3_S40,val,0,0.212478,False
8875,232.58,241.2,8.62,9,L1_S21|L2_S31|L3_S41,val,0,0.001195,False
8878,316.23,325.97,9.74,16,L2_S30|L3_S40|L3_S50,val,0,0.280093,False
8881,662.79,671.88,9.09,18,L1_S29|L2_S39|L3_S49,val,0,0.613318,False
8884,760.62,778.15,17.53,8,L0_S28|L1_S38|L3_S48,val,0,0.584783,False
8887,88.91,89.01,0.1,12,L1_S21|L2_S31|L3_S41,val,0,0.191349,False
8890,762.13,772.28,10.15,10,L2_S30|L3_S40|L3_S50,val,0,0.185981,False
8893,369.95,381.29,11.34,12,L2_S30|L3_S40|L3_S50,val,0,0.596223,False
8896,473.29,481.57,8.28,21,L0_S28|L1_S38|L3_S48,val,0,0.601979,False
8899,241.23,251.57,10.34,8,L2_S30|L3_S40|L3_S50,val,0,0.160798,False
8902,1271.4,1280.32,8.92,18,L0_S20|L1_S30|L3_S40,val,0,0.258484,False
8905,1350.29,1362.87,12.58,19,L3_S23|L0_S33|L3_S43,val,0,0.673524,False
8908,1501.1,1512.56,11.46,10,L0_S24|L1_S34|L3_S44,val,0,0.045041,False
8911,1044.51,1052.4,7.89,18,L0_S28|L1_S38|L3_S48,val,0,0.042901,False
8914,755.83,763.26,7.43,18,L2_S26|L3_S36|L3_S46,val,0,0.415399,False
8917,594.74,615.63,20.89,16,L0_S20|L1_S30|L3_S40,val,1,0.86928,True
8920,64.86,75.05,10.19,11,L2_S26|L3_S36|L3_S46,val,0,0.00385,False
8923,512.7,520.22,7.52,21,L2_S22|L3_S32|L3_S42,val,0,0.058425,False
8926,1243.64,1257.04,13.4,15,L0_S20|L1_S30|L3_S40,val,0,0.130544,False
8929,1390.55,1398.83,8.28,8,L3_S27|L0_S37|L3_S47,val,0,0.000405,False
8932,210.95,224.45,13.5,19,L2_S30|L3_S40|L3_S50,val,0,0.606826,False
8935,118.13,126.93,8.8,13,L3_S23|L0_S33|L3_S43,val,0,0.008879,False
8938,1569.09,1581.95,12.86,9,L1_S29|L2_S39|L3_S49,val,0,0.163555,False
8941,854.94,866.68,11.74,20,L3_S31|L0_S41|L3_S51,val,0,0.91433,True
8944,42.16,60.34,18.18,9,L0_S24|L1_S34|L3_S44,val,0,0.08735,False
8947,951.31,957.63,6.32,18,L1_S25|L2_S35|L3_S45,val,0,0.779818,True
8950,1686.76,1690.1,3.34,21,L3_S23|L0_S33|L3_S43,val,0,0.000546,False
8953,372.94,383.65,10.71,16,L3_S31|L0_S41|L3_S51,val,0,0.764345,True
8956,508.87,525.69,16.82,19,L2_S26|L3_S36|L3_S46,val,0,0.54338,False
8959,532.3,546.18,13.88,8,L2_S26|L3_S36|L3_S46,val,0,0.145769,False
8962,49.15,74.01,24.86,15,L2_S22|L3_S32|L3_S42,val,1,0.787043,True
8965,1542.84,1558.72,15.88,11,L2_S30|L3_S40|L3_S50,val,0,0.85565,True
8968,164.24,164.34,0.1,18,L0_S28|L1_S38|L3_S48,val,0,0.136653,False
8971,1014.38,1024.82,10.44,15,L2_S22|L3_S32|L3_S42,val,0,0.355919,False
8974,1158.61,1169.37,10.76,20,L2_S22|L3_S32|L3_S42,val,0,0.428809,False
8977,1640.61,1654.91,14.3,21,L1_S25|L2_S35|L3_S45,val,0,0.094238,False
8980,176.18,189.97,13.79,10,L1_S21|L2_S31|L3_S41,val,1,0.827323,True
8983,1115.77,1128.64,12.87,20,L3_S31|L0_S41|L3_S51,val,0,0.67603,False
8986,1438.91,1449.51,10.6,17,L2_S30|L3_S40|L3_S50,val,0,0.056524,False
8989,747.68,761.17,13.49,19,L0_S20|L1_S30|L3_S40,val,0,0.111488,False
8992,343.58,351.34,7.76,16,L0_S24|L1_S34|L3_S44,val,0,0.494379,False
8995,149.65,161.67,12.02,20,L2_S30|L3_S40|L3_S50,val,0,0.006538,False
8998,840.76,849.63,8.87,13,L0_S24|L1_S34|L3_S44,val,0,0.321644,False
9001,1569.64,1580,10.36,9,L0_S20|L1_S30|L3_S40,val,0,0.662859,False
9004,303.91,318.06,14.15,9,L3_S31|L0_S41|L3_S51,val,0,0.078582,False
9007,1252.26,1253.42,1.16,18,L0_S28|L1_S38|L3_S48,val,0,0.117586,False
9010,1438.25,1454.2,15.95,20,L0_S20|L1_S30|L3_S40,val,0,0.145129,False
9013,38.24,43.48,5.24,17,L0_S24|L1_S34|L3_S44,val,0,0.600748,False
9016,334.54,347.53,12.99,8,L3_S31|L0_S41|L3_S51,val,0,0.162968,False
9019,339.72,340.39,0.67,20,L3_S23|L0_S33|L3_S43,val,1,0.9112,True
9022,746.47,752.19,5.72,14,L0_S28|L1_S38|L3_S48,val,0,0.124283,False
9025,757.01,766.9,9.89,14,L0_S20|L1_S30|L3_S40,val,1,0.90992,True
9028,1313.98,1324.4,10.42,18,L1_S29|L2_S39|L3_S49,val,0,0.176556,False
9031,1447.69,1452.92,5.23,19,L0_S24|L1_S34|L3_S44,val,0,0.204641,False
9034,1191.47,1191.57,0.1,17,L2_S30|L3_S40|L3_S50,val,0,0.00012,False
9037,1390.77,1400.29,9.52,11,L3_S23|L0_S33|L3_S43,val,0,0.300787,False
9040,763.33,766.25,2.92,15,L0_S20|L1_S30|L3_S40,val,0,0.060317,False
9043,849.47,855.85,6.38,15,L1_S29|L2_S39|L3_S49,val,1,0.856977,True
9046,1438.14,1443.99,5.85,8,L2_S22|L3_S32|L3_S42,val,0,0.274607,False
9049,564.87,574.72,9.85,10,L3_S27|L0_S37|L3_S47,val,0,0.001814,False
9052,158.85,173.56,14.71,20,L2_S22|L3_S32|L3_S42,val,0,0.06303,False
9055,635.42,650.84,15.42,14,L2_S26|L3_S36|L3_S46,val,0,0.037993,False
9058,488.16,490.38,2.22,14,L3_S23|L0_S33|L3_S43,val,0,0.604564,False
9061,992.72,1000.18,7.46,20,L1_S29|L2_S39|L3_S49,val,0,0.800624,True
9064,951.01,969.95,18.94,13,L2_S30|L3_S40|L3_S50,val,0,0.63965,False
9067,414.28,431.17,16.89,15,L0_S24|L1_S34|L3_S44,val,0,0.121335,False
9070,1682.09,1682.19,0.1,18,L0_S24|L1_S34|L3_S44,val,0,0.020194,False
9073,1145.76,1146.43,0.67,18,L1_S29|L2_S39|L3_S49,val,0,0.169739,False
9076,208.97,221.84,12.87,20,L2_S22|L3_S32|L3_S42,val,0,0.447375,False
9079,1292.11,1309.79,17.68,15,L3_S23|L0_S33|L3_S43,val,0,0.000283,False
9082,1675.62,1688.53,12.91,15,L1_S29|L2_S39|L3_S49,val,0,0.024405,False
9085,1575.49,1593.75,18.26,16,L0_S24|L1_S34|L3_S44,val,0,0.016536,False
9088,1103.57,1118.78,15.21,16,L2_S26|L3_S36|L3_S46,val,0,0.535139,False
9091,1167.28,1183.28,16,20,L2_S30|L3_S40|L3_S50,val,0,0.510116,False
9094,261.07,278.02,16.95,11,L3_S27|L0_S37|L3_S47,val,0,0.158248,False
9097,694.71,712.11,17.4,13,L0_S28|L1_S38|L3_S48,val,0,0.191165,False
9100,1590.56,1605.43,14.87,19,L1_S25|L2_S35|L3_S45,val,0,0.86551,True
9103,1019.1,1032.5,13.4,9,L2_S22|L3_S32|L3_S42,val,0,0.392645,False
9106,1376.08,1403.34,27.26,21,L3_S31|L0_S41|L3_S51,val,0,0.001725,False
9109,1077.94,1078.04,0.1,8,L2_S22|L3_S32|L3_S42,val,0,0.003727,False
9112,542.08,556.26,14.18,18,L3_S23|L0_S33|L3_S43,val,0,0.032697,False
9115,1474.43,1484.25,9.82,14,L2_S30|L3_S40|L3_S50,val,0,0.041131,False
9118,1187.6,1187.7,0.1,21,L1_S21|L2_S31|L3_S41,val,0,0.171184,False
9121,358.41,372.84,14.43,15,L1_S29|L2_S39|L3_S49,val,0,0.452502,False
9124,986.12,999.71,13.59,18,L1_S25|L2_S35|L3_S45,val,0,0.616349,False
9127,1464.1,1477.48,13.38,9,L3_S23|L0_S33|L3_S43,val,0,0.00428,False
9130,273.13,286.56,13.43,12,L0_S24|L1_S34|L3_S44,val,0,0.293114,False
9133,1253.71,1265.22,11.51,10,L2_S30|L3_S40|L3_S50,val,0,0.129769,False
9136,962.2,978.04,15.84,17,L1_S25|L2_S35|L3_S45,val,0,0.092659,False
9139,1674.22,1684.31,10.09,12,L1_S21|L2_S31|L3_S41,val,0,0.568574,False
9142,555.31,557.65,2.34,18,L0_S24|L1_S34|L3_S44,val,0,0.054688,False
9145,48.71,58.17,9.46,21,L1_S29|L2_S39|L3_S49,val,0,0.87529,True
9148,1168.86,1181.54,12.68,8,L2_S30|L3_S40|L3_S50,val,0,0.0105,False
9151,1220.63,1228.52,7.89,19,L0_S28|L1_S38|L3_S48,val,0,0.013363,False
9154,1548.56,1563.81,15.25,10,L0_S28|L1_S38|L3_S48,val,0,0.253414,False
9157,557.92,564.55,6.63,13,L1_S21|L2_S31|L3_S41,val,0,0.315407,False
9160,100.47,110.5,10.03,19,L3_S27|L0_S37|L3_S47,val,0,0.090632,False
9163,30.53,34.01,3.48,19,L2_S30|L3_S40|L3_S50,val,0,0.447636,False
9166,380.52,395.4,14.88,17,L1_S21|L2_S31|L3_S41,val,0,0.306456,False
9169,850.48,851.46,0.98,21,L1_S21|L2_S31|L3_S41,val,0,0.673214,False
9172,1373.97,1392.56,18.59,19,L1_S25|L2_S35|L3_S45,val,0,0.141891,False
9175,477.13,488.23,11.1,21,L3_S31|L0_S41|L3_S51,val,0,0.546548,False
9178,1077.24,1087.41,10.17,15,L1_S21|L2_S31|L3_S41,val,0,0.086607,False
9181,1602.96,1627.04,24.08,20,L3_S31|L0_S41|L3_S51,val,0,0.344238,False
9184,1242.1,1244.56,2.46,14,L2_S26|L3_S36|L3_S46,val,0,0.820979,True
9187,564.03,578.3,14.27,11,L2_S26|L3_S36|L3_S46,val,0,0.489802,False
9190,1278.09,1282.18,4.09,17,L2_S22|L3_S32|L3_S42,val,0,0.227154,False
9193,1516.11,1523.59,7.48,21,L1_S25|L2_S35|L3_S45,val,0,0.029313,False
9196,1544.25,1557.91,13.66,18,L2_S22|L3_S32|L3_S42,val,0,0.060124,False
9199,126.04,142.78,16.74,14,L0_S28|L1_S38|L3_S48,val,0,0.006683,False
9202,703.61,720.68,17.07,9,L2_S22|L3_S32|L3_S42,val,0,0.966188,True
9205,1078.04,1092.09,14.05,19,L3_S27|L0_S37|L3_S47,val,0,0.02602,False
9208,277.56,288.23,10.67,21,L2_S30|L3_S40|L3_S50,val,0,0.611467,False
9211,44.14,50.24,6.1,17,L2_S22|L3_S32|L3_S42,val,0,0.050122,False
9214,251.02,255.32,4.3,11,L3_S27|L0_S37|L3_S47,val,0,0.056241,False
9217,1350.75,1373.13,22.38,17,L0_S20|L1_S30|L3_S40,val,0,0.309827,False
9220,130.32,139.56,9.24,21,L1_S25|L2_S35|L3_S45,val,0,0.94481,True
9223,347.59,353.7,6.11,18,L1_S25|L2_S35|L3_S45,val,0,0.439045,False
9226,70.93,89.98,19.05,9,L0_S28|L1_S38|L3_S48,val,0,0.057286,False
9229,906.51,906.61,0.1,9,L2_S22|L3_S32|L3_S42,val,0,0.515998,False
9232,491.63,504.69,13.06,19,L1_S25|L2_S35|L3_S45,val,0,0.595366,False
9235,137.05,161.07,24.02,12,L1_S29|L2_S39|L3_S49,val,0,0.158829,False
9238,1004.24,1007.86,3.62,12,L3_S31|L0_S41|L3_S51,val,0,0.478492,False
9241,220.01,231.9,11.89,14,L0_S20|L1_S30|L3_S40,val,0,0.16337,False
9244,1409.84,1425.78,15.94,21,L1_S21|L2_S31|L3_S41,val,0,0.047266,False
9247,32.38,45.79,13.41,14,L2_S22|L3_S32|L3_S42,val,0,0.007183,False
9250,1073.48,1087.89,14.41,8,L1_S29|L2_S39|L3_S49,val,0,0.306506,False
9253,1123.3,1140.78,17.48,15,L1_S25|L2_S35|L3_S45,val,0,0.281825,False
9256,1305.85,1318.36,12.51,9,L2_S22|L3_S32|L3_S42,val,0,0.038888,False
9259,572.94,577.52,4.58,15,L0_S20|L1_S30|L3_S40,val,0,0.007772,False
9262,1422.35,1434.73,12.38,10,L1_S25|L2_S35|L3_S45,val,0,0.062967,False
9265,838.96,846.48,7.52,21,L2_S30|L3_S40|L3_S50,val,0,0.085269,False
9268,221.88,239.66,17.78,12,L1_S21|L2_S31|L3_S41,val,0,0.138142,False
9271,1152.83,1167.04,14.21,9,L0_S24|L1_S34|L3_S44,val,0,0.019647,False
9274,1576.5,1585.75,9.25,8,L2_S26|L3_S36|L3_S46,val,0,0.395258,False
9277,208.91,214.3,5.39,8,L0_S24|L1_S34|L3_S44,val,0,0.002433,False
9280,661.8,684.1,22.3,9,L3_S23|L0_S33|L3_S43,val,0,0.001494,False
9283,1216.26,1219.15,2.89,13,L0_S28|L1_S38|L3_S48,val,0,0.131554,False
9286,174.54,179.41,4.87,18,L3_S27|L0_S37|L3_S47,val,0,0.005844,False
9289,784.39,786.71,2.32,12,L2_S22|L3_S32|L3_S42,val,0,0.190453,False
9292,679.22,689.44,10.22,15,L0_S24|L1_S34|L3_S44,val,0,0.782283,True
9295,1250.29,1266.71,16.42,19,L2_S26|L3_S36|L3_S46,val,0,0.607892,False
9298,1333.99,1346.07,12.08,10,L2_S22|L3_S32|L3_S42,val,0,0.628838,False
9301,1054.76,1067.67,12.91,13,L0_S28|L1_S38|L3_S48,val,0,0.612681,False
9304,75.89,82.75,6.86,9,L1_S29|L2_S39|L3_S49,val,0,0.252929,False
9307,1699.1,1711.08,11.98,9,L0_S24|L1_S34|L3_S44,val,0,0.309326,False
9310,121.54,125.81,4.27,15,L3_S23|L0_S33|L3_S43,val,0,0.047266,False
9313,377.28,388,10.72,20,L1_S29|L2_S39|L3_S49,val,0,0.027282,False
9316,498.91,513.94,15.03,9,L2_S30|L3_S40|L3_S50,val,0,0.018628,False
9319,1442.22,1458.68,16.46,20,L0_S20|L1_S30|L3_S40,val,0,0.568411,False
9322,748.97,767.81,18.84,18,L0_S28|L1_S38|L3_S48,val,1,0.103017,False
9325,1425.07,1438.26,13.19,20,L0_S20|L1_S30|L3_S40,val,0,0.597464,False
9328,1019.51,1044,24.49,20,L1_S29|L2_S39|L3_S49,val,0,0.217399,False
9331,1562.7,1573.94,11.24,10,L2_S22|L3_S32|L3_S42,val,0,0.704039,False
9334,56.29,74.67,18.38,18,L3_S23|L0_S33|L3_S43,val,0,0.093904,False
9337,246.28,249.52,3.24,12,L2_S26|L3_S36|L3_S46,val,0,0.000293,False
9340,1641.12,1661.99,20.87,20,L3_S23|L0_S33|L3_S43,val,0,0.532571,False
9343,1456.63,1469.08,12.45,16,L0_S28|L1_S38|L3_S48,val,0,0.067367,False
9346,1474.26,1484.46,10.2,19,L0_S24|L1_S34|L3_S44,val,0,0.808148,True
9349,781.17,787.78,6.61,10,L0_S20|L1_S30|L3_S40,val,0,0.098346,False
9352,694.85,703.45,8.6,17,L3_S31|L0_S41|L3_S51,val,1,0.770109,True
9355,1497.02,1499.27,2.25,10,L0_S20|L1_S30|L3_S40,val,0,0.185388,False
9358,1022.95,1045.47,22.52,17,L3_S23|L0_S33|L3_S43,val,0,0.6373,False
9361,1698.05,1720.17,22.12,19,L3_S31|L0_S41|L3_S51,val,0,0.6676,False
9364,318.32,329.43,11.11,20,L2_S26|L3_S36|L3_S46,val,0,0.510674,False
9367,284.84,294.72,9.88,18,L1_S25|L2_S35|L3_S45,val,0,0.001305,False
9370,1420.04,1441.21,21.17,14,L0_S20|L1_S30|L3_S40,val,0,0.102971,False
9373,1202.54,1208.09,5.55,13,L1_S29|L2_S39|L3_S49,val,0,0.030137,False
9376,1509.72,1519.38,9.66,19,L1_S21|L2_S31|L3_S41,val,0,0.144194,False
9379,716.36,734.89,18.53,15,L2_S30|L3_S40|L3_S50,val,0,0.005391,False
9382,207.82,218.25,10.43,20,L1_S29|L2_S39|L3_S49,val,0,0.16145,False
9385,1284.17,1294.17,10,8,L1_S29|L2_S39|L3_S49,val,0,0.159498,False
9388,771.93,772.03,0.1,16,L2_S22|L3_S32|L3_S42,val,0,0.015614,False
9391,1508.53,1515.83,7.3,10,L3_S27|L0_S37|L3_S47,val,0,0.086257,False
9394,1499.54,1503.28,3.74,14,L1_S21|L2_S31|L3_S41,val,0,0.128849,False
9397,370.84,383,12.16,14,L3_S31|L0_S41|L3_S51,val,0,0.998444,True
9400,460.48,474.74,14.26,14,L0_S28|L1_S38|L3_S48,val,0,0.53801,False
9403,1321.6,1335.06,13.46,21,L1_S21|L2_S31|L3_S41,val,0,0.295476,False
9406,1427.13,1429.91,2.78,10,L2_S22|L3_S32|L3_S42,val,0,0.372368,False
9409,244.58,259.02,14.44,15,L1_S29|L2_S39|L3_S49,val,0,0.342154,False
9412,495.56,511.92,16.36,9,L0_S24|L1_S34|L3_S44,val,0,0.419803,False
9415,610.09,614.68,4.59,14,L0_S28|L1_S38|L3_S48,val,0,0.04704,False
9418,504.69,517,12.31,14,L0_S20|L1_S30|L3_S40,val,0,0.048303,False
9421,1337.9,1359.07,21.17,19,L0_S20|L1_S30|L3_S40,val,0,0.026609,False
9424,210.63,216.91,6.28,12,L3_S27|L0_S37|L3_S47,val,0,0.677329,False
9427,19.69,36.55,16.86,16,L2_S30|L3_S40|L3_S50,val,0,0.011008,False
9430,963.97,970.1,6.13,11,L1_S29|L2_S39|L3_S49,val,0,0.691656,False
9433,60.57,74.59,14.02,20,L2_S30|L3_S40|L3_S50,val,0,0.018398,False
9436,245.88,265.62,19.74,14,L2_S26|L3_S36|L3_S46,val,0,0.397094,False
9439,1472.32,1490.81,18.49,14,L2_S26|L3_S36|L3_S46,val,0,0.56896,False
9442,395.34,404.05,8.71,14,L2_S26|L3_S36|L3_S46,val,0,0.755142,True
9445,612.33,620.03,7.7,14,L3_S23|L0_S33|L3_S43,val,0,0.000931,False
9448,473.47,489.31,15.84,21,L3_S23|L0_S33|L3_S43,val,0,0.402312,False
9451,144.44,160.55,16.11,18,L3_S31|L0_S41|L3_S51,val,0,0.196656,False
9454,151.97,165.1,13.13,12,L1_S25|L2_S35|L3_S45,val,0,0.714392,False
9457,510.12,528.01,17.89,21,L1_S25|L2_S35|L3_S45,val,0,0.129246,False
9460,1355.56,1362.56,7,11,L3_S23|L0_S33|L3_S43,val,0,0.019874,False
9463,622.46,630.87,8.41,14,L1_S21|L2_S31|L3_S41,val,0,0.711906,False
9466,490.19,500.25,10.06,8,L2_S26|L3_S36|L3_S46,val,0,0.033133,False
9469,1085.11,1093.46,8.35,14,L3_S27|L0_S37|L3_S47,val,0,0.173917,False
9472,1054.11,1065.62,11.51,11,L3_S31|L0_S41|L3_S51,val,0,0.293748,False
9475,1657.17,1666.39,9.22,15,L2_S22|L3_S32|L3_S42,val,0,0.000638,False
9478,274.87,293.25,18.38,16,L0_S20|L1_S30|L3_S40,val,0,0.1362,False
9481,662.85,667.36,4.51,12,L2_S22|L3_S32|L3_S42,val,0,0.00252,False
9484,291.31,300.23,8.92,17,L3_S31|L0_S41|L3_S51,val,0,0.507928,False
9487,473.12,479.96,6.84,13,L2_S30|L3_S40|L3_S50,val,0,0.237521,False
9490,1168.11,1172.75,4.64,13,L3_S27|L0_S37|L3_S47,val,1,0.83092,True
9493,169.58,183.92,14.34,15,L3_S27|L0_S37|L3_S47,val,0,0.065764,False
9496,88.25,110.25,22,20,L0_S28|L1_S38|L3_S48,val,0,0.929453,True
9499,343.52,349.66,6.14,11,L0_S20|L1_S30|L3_S40,val,0,0.020152,False
9502,983.84,1000.33,16.49,13,L0_S20|L1_S30|L3_S40,val,0,0.0059,False
9505,227.84,238.83,10.99,11,L1_S25|L2_S35|L3_S45,val,0,0.017097,False
9508,1682.86,1699.81,16.95,8,L3_S27|L0_S37|L3_S47,val,0,0.100001,False
9511,600.5,608.57,8.07,21,L0_S24|L1_S34|L3_S44,val,0,0.006587,False
9514,1152.51,1161.33,8.82,17,L0_S20|L1_S30|L3_S40,val,0,0.161816,False
9517,676.28,690.9,14.62,15,L1_S29|L2_S39|L3_S49,val,0,0.155246,False
9520,270.74,278.82,8.08,18,L0_S20|L1_S30|L3_S40,val,0,0.010697,False
9523,139.08,149.87,10.79,8,L0_S28|L1_S38|L3_S48,val,0,0.012103,False
9526,422.97,436.6,13.63,17,L0_S28|L1_S38|L3_S48,val,0,0.186095,False
9529,416.14,428.8,12.66,19,L3_S23|L0_S33|L3_S43,val,0,0.613427,False
9532,1065.32,1072.39,7.07,9,L0_S20|L1_S30|L3_S40,val,0,0.3365,False
9535,1108.35,1123.04,14.69,10,L2_S26|L3_S36|L3_S46,val,0,0.381123,False
9538,716.79,724.06,7.27,18,L3_S31|L0_S41|L3_S51,val,0,0.038227,False
9541,788.11,802.33,14.22,19,L1_S21|L2_S31|L3_S41,val,0,0.002695,False
9544,1649.09,1660.61,11.52,10,L3_S31|L0_S41|L3_S51,val,0,0.177916,False
9547,435.82,446.91,11.09,13,L0_S20|L1_S30|L3_S40,val,1,0.738093,True
9550,1234.86,1234.96,0.1,16,L0_S20|L1_S30|L3_S40,val,0,0.724825,False
9553,1278.2,1283.94,5.74,16,L3_S23|L0_S33|L3_S43,val,1,0.810746,True
9556,1157.06,1168.5,11.44,11,L1_S25|L2_S35|L3_S45,val,0,0.216647,False
9559,961.99,970.43,8.44,11,L0_S24|L1_S34|L3_S44,val,0,0.519591,False
9562,31.88,34.73,2.85,12,L0_S24|L1_S34|L3_S44,val,0,0.118059,False
9565,1283.93,1304.95,21.02,16,L1_S25|L2_S35|L3_S45,val,0,0.630669,False
9568,1096.78,1113.68,16.9,15,L0_S24|L1_S34|L3_S44,val,0,0.154829,False
9571,1248.07,1258.35,10.28,15,L1_S21|L2_S31|L3_S41,val,0,0.037895,False
9574,1431.95,1432.05,0.1,18,L1_S29|L2_S39|L3_S49,val,0,0.206497,False
9577,133.27,141.13,7.86,9,L3_S31|L0_S41|L3_S51,val,0,0.910525,True
9580,1550.63,1559.72,9.09,16,L2_S22|L3_S32|L3_S42,val,0,0.657441,False
9583,143.58,148.42,4.84,12,L1_S21|L2_S31|L3_S41,val,0,0.364179,False
9586,633.65,653.64,19.99,11,L2_S22|L3_S32|L3_S42,val,0,0.363401,False
9589,1434.41,1438.1,3.69,10,L1_S25|L2_S35|L3_S45,val,0,0.81605,True
9592,1193.21,1200.8,7.59,9,L0_S20|L1_S30|L3_S40,val,0,0.344113,False
9595,266.02,274.8,8.78,16,L2_S22|L3_S32|L3_S42,val,0,0.107238,False
9598,298.04,308.42,10.38,14,L2_S22|L3_S32|L3_S42,val,0,0.00148,False
9601,468.76,486.08,17.32,15,L0_S24|L1_S34|L3_S44,val,0,0.164425,False
9604,508.86,517.64,8.78,16,L2_S22|L3_S32|L3_S42,val,0,0.013947,False
9607,845.03,857.84,12.81,19,L2_S22|L3_S32|L3_S42,val,0,0.071693,False
9610,777.44,788.74,11.3,17,L0_S20|L1_S30|L3_S40,val,0,0.256481,False
9613,108.24,112.7,4.46,11,L1_S29|L2_S39|L3_S49,val,0,0.516996,False
9616,74.78,86.55,11.77,15,L1_S25|L2_S35|L3_S45,val,0,0.029643,False
9619,1259.32,1266.57,7.25,13,L2_S22|L3_S32|L3_S42,val,0,0.249679,False
9622,141.88,144.5,2.62,9,L3_S23|L0_S33|L3_S43,val,0,0.710254,False
9625,1159.02,1167.57,8.55,20,L1_S21|L2_S31|L3_S41,val,0,0.863879,True
9628,1142.69,1156.69,14,14,L1_S29|L2_S39|L3_S49,val,0,0.563173,False
9631,813.69,826.19,12.5,14,L2_S30|L3_S40|L3_S50,val,0,0.327421,False
9634,212,224.32,12.32,8,L3_S31|L0_S41|L3_S51,val,0,0.495331,False
9637,1352.74,1360.44,7.7,16,L0_S24|L1_S34|L3_S44,val,0,0.647179,False
9640,344.56,353.6,9.04,12,L0_S24|L1_S34|L3_S44,val,0,0.054324,False
9643,1182.23,1187.73,5.5,11,L2_S22|L3_S32|L3_S42,val,0,0.394805,False
9646,1322.88,1329.14,6.26,9,L2_S26|L3_S36|L3_S46,val,0,0.001799,False
9649,442.91,459.95,17.04,8,L0_S20|L1_S30|L3_S40,val,0,0.098828,False
9652,203.2,210.66,7.46,12,L3_S31|L0_S41|L3_S51,val,0,0.001881,False
9655,60.92,67.92,7,14,L3_S27|L0_S37|L3_S47,val,0,0.087908,False
9658,1292.27,1298.8,6.53,15,L3_S27|L0_S37|L3_S47,val,0,0.378449,False
9661,1050.98,1055.06,4.08,14,L3_S23|L0_S33|L3_S43,val,0,0.520256,False
9664,468.37,468.47,0.1,14,L3_S27|L0_S37|L3_S47,val,0,0.056897,False
9667,1122.14,1144.04,21.9,13,L2_S26|L3_S36|L3_S46,val,0,0.878042,True
9670,1611.52,1614.78,3.26,21,L2_S26|L3_S36|L3_S46,val,0,0.719899,False
9673,624.75,628.53,3.78,21,L2_S30|L3_S40|L3_S50,val,0,0.502705,False
9676,890.08,909.39,19.31,11,L1_S25|L2_S35|L3_S45,val,1,0.782062,True
9679,646.35,647.8,1.45,8,L1_S29|L2_S39|L3_S49,val,0,0.034239,False
9682,1250.1,1254.39,4.29,13,L1_S29|L2_S39|L3_S49,val,0,0.413707,False
9685,815.31,832.62,17.31,8,L1_S29|L2_S39|L3_S49,val,0,0.021085,False
9688,1600.3,1612.92,12.62,12,L1_S25|L2_S35|L3_S45,val,0,0.307326,False
9691,924.47,938.16,13.69,17,L1_S29|L2_S39|L3_S49,val,0,0.04709,False
9694,464.98,487.23,22.25,16,L1_S29|L2_S39|L3_S49,val,0,0.001246,False
9697,1135.91,1148.42,12.51,16,L3_S27|L0_S37|L3_S47,val,0,0.367002,False
9700,428.24,446.82,18.58,13,L0_S28|L1_S38|L3_S48,val,0,0.618638,False
9703,269.98,288.49,18.51,16,L3_S31|L0_S41|L3_S51,val,1,0.918921,True
9706,1275.18,1281.28,6.1,10,L0_S24|L1_S34|L3_S44,val,0,0.352187,False
9709,335.21,346.86,11.65,12,L3_S31|L0_S41|L3_S51,val,0,0.767762,True
9712,1179.39,1194.13,14.74,10,L3_S31|L0_S41|L3_S51,val,0,0.48814,False
9715,1286.47,1286.57,0.1,8,L3_S23|L0_S33|L3_S43,val,0,0.194107,False
9718,1587.52,1602.37,14.85,9,L0_S28|L1_S38|L3_S48,val,0,0.034058,False
9721,252.71,266.24,13.53,20,L2_S30|L3_S40|L3_S50,val,0,0.83856,True
9724,1231.15,1231.25,0.1,20,L2_S22|L3_S32|L3_S42,val,0,0.00423,False
9727,79.56,89.79,10.23,12,L1_S21|L2_S31|L3_S41,val,0,0.447395,False
9730,1445.68,1452.75,7.07,17,L2_S22|L3_S32|L3_S42,val,0,0.000111,False
9733,619.5,630.09,10.59,16,L1_S25|L2_S35|L3_S45,val,0,0.170384,False
9736,752.28,764.02,11.74,8,L2_S26|L3_S36|L3_S46,val,0,0.036974,False
9739,907.26,912.86,5.6,10,L1_S29|L2_S39|L3_S49,val,0,0.016324,False
9742,212.49,221.01,8.52,9,L1_S29|L2_S39|L3_S49,val,0,0.510538,False
9745,1683.51,1700.96,17.45,13,L3_S23|L0_S33|L3_S43,val,0,0.412054,False
9748,986.02,993.52,7.5,13,L3_S31|L0_S41|L3_S51,val,0,0.023617,False
9751,548.59,560.93,12.34,15,L1_S29|L2_S39|L3_S49,val,0,0.014115,False
9754,1110.51,1119.48,8.97,12,L2_S30|L3_S40|L3_S50,val,0,0.0442,False
9757,758.39,771.68,13.29,12,L3_S27|L0_S37|L3_S47,val,0,0.003026,False
9760,654.07,664.09,10.02,18,L2_S30|L3_S40|L3_S50,val,0,0.137363,False
9763,660.43,674.76,14.33,9,L1_S25|L2_S35|L3_S45,val,0,0.104183,False
9766,817.46,828.21,10.75,20,L3_S27|L0_S37|L3_S47,val,0,0.420134,False
9769,1072.78,1079.05,6.27,10,L3_S31|L0_S41|L3_S51,val,0,0.407734,False
9772,230.03,249.21,19.18,9,L1_S25|L2_S35|L3_S45,val,0,0.438704,False
9775,927.64,927.74,0.1,11,L1_S29|L2_S39|L3_S49,val,1,0.774929,True
9778,1574.19,1591.84,17.65,14,L2_S22|L3_S32|L3_S42,val,0,0.918756,True
9781,1004.64,1007.82,3.18,13,L3_S23|L0_S33|L3_S43,val,0,0.640041,False
9784,845.64,855.59,9.95,10,L2_S22|L3_S32|L3_S42,val,0,0.384065,False
9787,172.54,177.61,5.07,20,L2_S22|L3_S32|L3_S42,val,0,0.549827,False
9790,376.32,389.08,12.76,11,L0_S24|L1_S34|L3_S44,val,0,0.163539,False
9793,591.51,612.82,21.31,17,L2_S22|L3_S32|L3_S42,val,0,0.022283,False
9796,1551.19,1560.13,8.94,21,L0_S24|L1_S34|L3_S44,val,0,0.478389,False
9799,660.11,673.51,13.4,12,L2_S22|L3_S32|L3_S42,val,1,0.761151,True
9802,112.48,125.05,12.57,13,L1_S25|L2_S35|L3_S45,val,0,0.100378,False
9805,121.95,133.77,11.82,16,L3_S27|L0_S37|L3_S47,val,0,0.011688,False
9808,434.63,444.89,10.26,16,L1_S29|L2_S39|L3_S49,val,0,0.427953,False
9811,806.4,813.65,7.25,16,L2_S26|L3_S36|L3_S46,val,0,0.334615,False
9814,1526.47,1534.25,7.78,21,L1_S29|L2_S39|L3_S49,val,0,0.004121,False
9817,9.67,24.18,14.51,11,L3_S27|L0_S37|L3_S47,val,0,0.033203,False
9820,1317.74,1326.06,8.32,17,L0_S20|L1_S30|L3_S40,val,0,0.000921,False
9823,128.86,147.9,19.04,10,L2_S30|L3_S40|L3_S50,val,0,0.352401,False
9826,931.58,941.48,9.9,17,L0_S20|L1_S30|L3_S40,val,0,0.208186,False
9829,1397.01,1404.62,7.61,10,L0_S28|L1_S38|L3_S48,val,0,0.924026,True
9832,635.64,638.9,3.26,14,L3_S27|L0_S37|L3_S47,val,0,0.508896,False
9835,247.83,256.36,8.53,14,L2_S26|L3_S36|L3_S46,val,0,0.083611,False
9838,1221.13,1240.02,18.89,15,L3_S23|L0_S33|L3_S43,val,0,0.452932,False
9841,1375.26,1390.17,14.91,12,L3_S23|L0_S33|L3_S43,val,0,0.003056,False
9844,104.63,109.51,4.88,18,L0_S20|L1_S30|L3_S40,val,0,0.599382,False
9847,30.27,35.99,5.72,8,L0_S24|L1_S34|L3_S44,val,0,0.718587,False
9850,1534.25,1539.26,5.01,15,L0_S20|L1_S30|L3_S40,val,0,0.015103,False
9853,1425.81,1437.69,11.88,18,L1_S25|L2_S35|L3_S45,val,0,0.027922,False
9856,817.79,825.31,7.52,12,L0_S28|L1_S38|L3_S48,val,0,0.057987,False
9859,583.17,603.36,20.19,15,L0_S24|L1_S34|L3_S44,val,0,0.876964,True
9862,746.88,768.72,21.84,16,L3_S31|L0_S41|L3_S51,val,0,0.136889,False
9865,1549.07,1552.57,3.5,9,L1_S29|L2_S39|L3_S49,val,0,0.172764,False
9868,254.29,266.73,12.44,8,L1_S25|L2_S35|L3_S45,val,0,0.987954,True
9871,864.25,864.35,0.1,11,L0_S24|L1_S34|L3_S44,val,0,0.250067,False
9874,354.3,364.91,10.61,17,L1_S25|L2_S35|L3_S45,val,0,0.004258,False
9877,1213.87,1213.97,0.1,19,L2_S26|L3_S36|L3_S46,val,0,0.221311,False
9880,1370.85,1379.31,8.46,19,L0_S24|L1_S34|L3_S44,val,0,0.572953,False
9883,1515.88,1529.28,13.4,10,L2_S30|L3_S40|L3_S50,val,0,0.433821,False
9886,1152.63,1163.83,11.2,20,L0_S24|L1_S34|L3_S44,val,0,0.003582,False
9889,35.41,56.31,20.9,18,L1_S25|L2_S35|L3_S45,val,0,0.13279,False
9892,960.02,968.6,8.58,12,L2_S26|L3_S36|L3_S46,val,0,0.012573,False
9895,81.59,82.95,1.36,13,L0_S28|L1_S38|L3_S48,val,0,0.043404,False
9898,712.34,724.99,12.65,19,L0_S20|L1_S30|L3_S40,val,0,0.314033,False
9901,1280.88,1291.24,10.36,14,L2_S22|L3_S32|L3_S42,val,0,0.008356,False
9904,46.48,61.95,15.47,13,L2_S30|L3_S40|L3_S50,val,0,0.020075,False
9907,88.74,99.82,11.08,10,L2_S26|L3_S36|L3_S46,val,0,0.172792,False
9910,1189.68,1201.35,11.67,12,L3_S23|L0_S33|L3_S43,val,0,0.114109,False
9913,1476.6,1484.97,8.37,20,L2_S26|L3_S36|L3_S46,val,0,0.596004,False
9916,643.87,653.97,10.1,11,L1_S21|L2_S31|L3_S41,val,0,0.108873,False
9919,895.01,906.57,11.56,10,L1_S25|L2_S35|L3_S45,val,0,0.140433,False
9922,1284.27,1286.94,2.67,10,L3_S27|L0_S37|L3_S47,val,0,0.59417,False
9925,476.79,484.98,8.19,21,L1_S25|L2_S35|L3_S45,val,0,0.009539,False
9928,435.27,441.76,6.49,21,L3_S27|L0_S37|L3_S47,val,0,0.153437,False
9931,638.42,641.79,3.37,8,L0_S28|L1_S38|L3_S48,val,0,0.118604,False
9934,792.2,798.6,6.4,10,L3_S31|L0_S41|L3_S51,val,0,0.33255,False
9937,674.39,690.47,16.08,12,L3_S23|L0_S33|L3_S43,val,0,0.027371,False
9940,687.84,709.05,21.21,10,L0_S24|L1_S34|L3_S44,val,0,0.119684,False
9943,671.4,689.63,18.23,21,L1_S29|L2_S39|L3_S49,val,0,0.852784,True
9946,1112.5,1117.3,4.8,9,L0_S24|L1_S34|L3_S44,val,0,0.459612,False
9949,565.48,569.55,4.07,18,L1_S21|L2_S31|L3_S41,val,0,0.043158,False
9952,942.94,961.35,18.41,12,L3_S23|L0_S33|L3_S43,val,0,0.033378,False
9955,1281.77,1294.06,12.29,11,L0_S24|L1_S34|L3_S44,val,0,0.270481,False
9958,734.7,753.65,18.95,14,L2_S26|L3_S36|L3_S46,val,0,0.001739,False
9961,865.59,880.68,15.09,15,L1_S25|L2_S35|L3_S45,val,0,0.005021,False
9964,1618.21,1622.89,4.68,13,L3_S23|L0_S33|L3_S43,val,0,0.426654,False
9967,64.87,77.37,12.5,12,L3_S23|L0_S33|L3_S43,val,0,0.178274,False
9970,821.28,833.31,12.03,21,L3_S27|L0_S37|L3_S47,val,1,0.939476,True
9973,323.8,324.72,0.92,17,L2_S22|L3_S32|L3_S42,val,1,0.777882,True
9976,462.15,472.45,10.3,18,L0_S28|L1_S38|L3_S48,val,0,0.470867,False
9979,880.13,890.08,9.95,21,L1_S29|L2_S39|L3_S49,val,0,0.225212,False
9982,210.13,228.85,18.72,12,L1_S25|L2_S35|L3_S45,val,0,0.702481,False
9985,661.45,683.46,22.01,8,L0_S28|L1_S38|L3_S48,val,0,0.134899,False
9988,577.38,594.81,17.43,16,L3_S31|L0_S41|L3_S51,val,0,0.50149,False
9991,1328.01,1346.28,18.27,21,L3_S31|L0_S41|L3_S51,val,0,0.48257,False
9994,704.92,709.12,4.2,21,L3_S27|L0_S37|L3_S47,val,0,0.496743,False
9997,239.71,253.44,13.73,8,L0_S28|L1_S38|L3_S48,val,0,0.089984,False
10000,946.71,958.01,11.3,13,L1_S25|L2_S35|L3_S45,val,0,0.140565,False
10003,1289.17,1296.91,7.74,16,L1_S29|L2_S39|L3_S49,val,0,0.018034,False
10006,617.3,632.01,14.71,17,L3_S31|L0_S41|L3_S51,val,0,0.322119,False
10009,769.4,778.46,9.06,10,L1_S29|L2_S39|L3_S49,val,0,0.315892,False
10012,13.16,28.97,15.81,18,L0_S24|L1_S34|L3_S44,val,0,0.026964,False
10015,773.52,785.24,11.72,9,L3_S23|L0_S33|L3_S43,val,0,0.123618,False
10018,241.56,246.15,4.59,8,L0_S20|L1_S30|L3_S40,val,0,0.519772,False
10021,1164.7,1177.07,12.37,13,L0_S28|L1_S38|L3_S48,val,0,0.241564,False
10024,828.49,839.75,11.26,14,L1_S21|L2_S31|L3_S41,val,0,0.655543,False
10027,53.28,62.29,9.01,19,L1_S21|L2_S31|L3_S41,val,0,0.661342,False
10030,1085.4,1095.81,10.41,9,L0_S20|L1_S30|L3_S40,val,1,0.90927,True
10033,958.6,959.09,0.49,10,L0_S24|L1_S34|L3_S44,val,0,0.011108,False
10036,1463.84,1468.15,4.31,12,L1_S29|L2_S39|L3_S49,val,0,0.448806,False
10039,1400.62,1408.46,7.84,14,L0_S28|L1_S38|L3_S48,val,0,0.998767,True
10042,1289.94,1312.1,22.16,14,L1_S21|L2_S31|L3_S41,val,0,0.140723,False
10045,1430.38,1444.52,14.14,19,L0_S28|L1_S38|L3_S48,val,0,0.024681,False
10048,991.02,1000.98,9.96,20,L2_S30|L3_S40|L3_S50,val,0,0.918921,True
10051,237.79,248.71,10.92,19,L3_S27|L0_S37|L3_S47,val,0,0.061519,False
10054,901.07,919.83,18.76,18,L0_S24|L1_S34|L3_S44,val,0,0.544404,False
10057,697.97,712,14.03,15,L1_S25|L2_S35|L3_S45,val,0,0.070043,False
10060,533.4,536.92,3.52,20,L2_S22|L3_S32|L3_S42,val,0,0.05785,False
10063,403.73,405.74,2.01,9,L0_S20|L1_S30|L3_S40,val,0,0.183824,False
10066,1476.67,1477.92,1.25,11,L3_S31|L0_S41|L3_S51,val,0,0.006227,False
10069,94.83,99.72,4.89,10,L2_S30|L3_S40|L3_S50,val,0,0.980594,True
10072,264.1,283.01,18.91,10,L0_S24|L1_S34|L3_S44,val,0,0.748277,True
10075,682.9,699.7,16.8,12,L0_S20|L1_S30|L3_S40,val,0,0.005719,False
10078,834.26,849.55,15.29,8,L1_S21|L2_S31|L3_S41,val,0,0.796358,True
10081,111.18,118.07,6.89,15,L0_S28|L1_S38|L3_S48,val,0,0.124544,False
10084,573.12,582.45,9.33,11,L1_S25|L2_S35|L3_S45,val,0,0.974497,True
10087,322.08,335.9,13.82,14,L3_S31|L0_S41|L3_S51,val,1,0.827837,True
10090,258.75,269.98,11.23,9,L0_S24|L1_S34|L3_S44,val,0,0.104206,False
10093,1671.24,1678.39,7.15,12,L0_S24|L1_S34|L3_S44,val,0,0.033897,False
10096,1675.11,1690.62,15.51,10,L1_S21|L2_S31|L3_S41,val,0,0.280201,False
10099,964.43,976.12,11.69,18,L1_S25|L2_S35|L3_S45,val,0,0.480315,False
10102,1689.47,1691.16,1.69,17,L2_S26|L3_S36|L3_S46,val,0,0.075625,False
10105,346.68,359.2,12.52,17,L0_S28|L1_S38|L3_S48,val,0,0.260091,False
10108,75.57,87.73,12.16,8,L3_S27|L0_S37|L3_S47,val,0,0.648207,False
10111,217.94,234.18,16.24,13,L0_S28|L1_S38|L3_S48,val,0,0.697922,False
10114,397.26,407.65,10.39,10,L2_S30|L3_S40|L3_S50,val,0,0.375668,False
10117,65.83,75.62,9.79,13,L1_S21|L2_S31|L3_S41,val,1,0.990989,True
10120,1523.61,1544.04,20.43,12,L0_S28|L1_S38|L3_S48,val,0,0.049313,False
10123,96.29,121.18,24.89,13,L3_S31|L0_S41|L3_S51,val,0,0.282856,False
10126,1306.01,1319.51,13.5,16,L2_S30|L3_S40|L3_S50,val,0,0.237203,False
10129,423.09,424.77,1.68,10,L1_S21|L2_S31|L3_S41,val,1,0.781212,True
10132,436.13,444.58,8.45,10,L0_S24|L1_S34|L3_S44,val,0,0.649991,False
10135,358.63,371.98,13.35,17,L1_S25|L2_S35|L3_S45,val,0,0.29532,False
10138,927.03,931.56,4.53,16,L1_S21|L2_S31|L3_S41,val,0,0.931766,True
10141,1207.68,1217,9.32,12,L3_S27|L0_S37|L3_S47,val,0,0.143794,False
10144,166.25,181.62,15.37,17,L3_S23|L0_S33|L3_S43,val,0,0.909094,True
10147,1048.58,1048.7,0.12,14,L0_S24|L1_S34|L3_S44,val,0,0.358058,False
10150,1103.29,1119.06,15.77,10,L1_S25|L2_S35|L3_S45,val,0,0.519444,False
10153,34.37,40.48,6.11,15,L3_S23|L0_S33|L3_S43,val,0,0.010509,False
10156,157.6,170.16,12.56,17,L2_S26|L3_S36|L3_S46,val,0,0.238107,False
10159,958.11,974.91,16.8,18,L2_S22|L3_S32|L3_S42,val,0,0.295292,False
10162,290.49,307.58,17.09,9,L3_S31|L0_S41|L3_S51,val,0,0.59401,False
10165,1645.12,1654.12,9,12,L0_S20|L1_S30|L3_S40,val,0,0.986417,True
10168,1076.49,1096.7,20.21,19,L3_S31|L0_S41|L3_S51,val,0,0.00138,False
10171,470.77,486.55,15.78,9,L1_S25|L2_S35|L3_S45,val,0,0.275858,False
10174,1662.74,1662.92,0.18,11,L0_S28|L1_S38|L3_S48,val,0,0.138415,False
10177,1562.94,1583.04,20.1,14,L3_S23|L0_S33|L3_S43,val,0,0.753172,True
10180,826.68,839.16,12.48,21,L3_S27|L0_S37|L3_S47,val,0,0.300923,False
10183,1301.99,1321.3,19.31,10,L3_S31|L0_S41|L3_S51,val,0,0.562399,False
10186,300.24,308.07,7.83,16,L2_S30|L3_S40|L3_S50,val,0,0.388456,False
10189,70.62,89.48,18.86,19,L0_S20|L1_S30|L3_S40,val,0,0.656428,False
10192,1069.4,1079.26,9.86,8,L1_S25|L2_S35|L3_S45,val,0,0.009234,False
10195,1104.61,1123.68,19.07,17,L1_S21|L2_S31|L3_S41,val,0,0.283369,False
10198,460.72,464.97,4.25,16,L0_S20|L1_S30|L3_S40,val,1,0.778438,True
10201,524.48,538.46,13.98,15,L0_S28|L1_S38|L3_S48,val,0,0.226906,False
10204,1248.35,1253.74,5.39,20,L0_S28|L1_S38|L3_S48,test,0,0.429957,False
10207,72.4,84.23,11.83,8,L3_S27|L0_S37|L3_S47,test,1,0.916531,True
10210,1670.27,1687.67,17.4,14,L1_S29|L2_S39|L3_S49,test,0,0.490916,False
10213,107.83,125.17,17.34,20,L0_S24|L1_S34|L3_S44,test,0,0.193043,False
10216,28.85,51.24,22.39,17,L3_S27|L0_S37|L3_S47,test,0,0.033763,False
10219,1145.91,1146.01,0.1,9,L2_S30|L3_S40|L3_S50,test,0,0.223262,False
10222,1629.54,1650.93,21.39,13,L1_S21|L2_S31|L3_S41,test,0,0.016485,False
10225,534.57,551.04,16.47,19,L3_S31|L0_S41|L3_S51,test,0,0.697932,False
10228,220.94,224.27,3.33,16,L1_S29|L2_S39|L3_S49,test,1,0.743943,True
10231,1058.53,1076.19,17.66,18,L1_S25|L2_S35|L3_S45,test,0,0.142422,False
10234,829.71,829.81,0.1,21,L0_S28|L1_S38|L3_S48,test,0,0.840009,True
10237,355.44,374.17,18.73,14,L3_S31|L0_S41|L3_S51,test,0,0.000457,False
10240,20.6,32.38,11.78,8,L0_S20|L1_S30|L3_S40,test,0,0.101096,False
10243,360.11,363.11,3,11,L3_S23|L0_S33|L3_S43,test,0,0.061373,False
10246,369.59,373.67,4.08,14,L1_S21|L2_S31|L3_S41,test,0,0.19837,False
10249,214.29,222.27,7.98,11,L3_S23|L0_S33|L3_S43,test,0,0.005715,False
10252,1357.57,1364.13,6.56,9,L1_S29|L2_S39|L3_S49,test,0,0.000337,False
10255,1179.2,1179.59,0.39,14,L3_S31|L0_S41|L3_S51,test,0,0.616708,False
10258,514.51,523.55,9.04,9,L1_S21|L2_S31|L3_S41,test,0,0.096396,False
10261,1175.98,1187.89,11.91,9,L2_S26|L3_S36|L3_S46,test,0,0.491239,False
10264,430.44,443.38,12.94,16,L0_S24|L1_S34|L3_S44,test,1,0.980054,True
10267,689.7,689.8,0.1,11,L3_S23|L0_S33|L3_S43,test,0,0.103379,False
10270,846.23,856.06,9.83,8,L3_S31|L0_S41|L3_S51,test,0,0.085786,False
10273,1112.37,1131.38,19.01,8,L3_S23|L0_S33|L3_S43,test,0,0.921686,True
10276,1393.33,1393.43,0.1,14,L0_S24|L1_S34|L3_S44,test,0,0.848591,True
10279,325.24,332.68,7.44,19,L3_S31|L0_S41|L3_S51,test,0,0.018275,False
10282,140.67,149.65,8.98,19,L3_S31|L0_S41|L3_S51,test,0,0.184077,False
10285,786.72,788.88,2.16,20,L1_S25|L2_S35|L3_S45,test,0,0.143655,False
10288,1448.56,1465.36,16.8,20,L2_S26|L3_S36|L3_S46,test,0,0.18829,False
10291,108.63,119.83,11.2,12,L1_S21|L2_S31|L3_S41,test,0,0.313117,False
10294,823.37,837.21,13.84,17,L1_S25|L2_S35|L3_S45,test,0,0.294642,False
10297,922.39,925.95,3.56,14,L3_S27|L0_S37|L3_S47,test,0,0.009484,False
10300,1354.78,1369.61,14.83,11,L1_S29|L2_S39|L3_S49,test,0,0.24913,False
10303,82.39,93.49,11.1,16,L3_S27|L0_S37|L3_S47,test,0,0.324718,False
10306,1042.88,1042.98,0.1,15,L2_S30|L3_S40|L3_S50,test,0,0.558541,False
10309,937.27,939.88,2.61,19,L0_S28|L1_S38|L3_S48,test,0,0.014315,False
10312,668.35,679.59,11.24,15,L1_S25|L2_S35|L3_S45,test,0,0.027252,False
10315,394.15,408.75,14.6,14,L2_S26|L3_S36|L3_S46,test,0,0.118206,False
10318,142.31,151.89,9.58,21,L1_S29|L2_S39|L3_S49,test,0,0.060665,False
10321,1332.56,1354.46,21.9,13,L0_S28|L1_S38|L3_S48,test,0,0.023005,False
10324,789.89,802.44,12.55,13,L0_S20|L1_S30|L3_S40,test,0,0.077491,False
10327,189.85,195.25,5.4,9,L3_S31|L0_S41|L3_S51,test,0,0.718976,False
10330,1081.97,1096.3,14.33,12,L2_S30|L3_S40|L3_S50,test,0,0.001135,False
10333,1602.56,1603.63,1.07,12,L3_S23|L0_S33|L3_S43,test,0,0.419601,False
10336,214.71,232.11,17.4,12,L2_S30|L3_S40|L3_S50,test,0,0.296721,False
10339,37.59,42.76,5.17,11,L0_S20|L1_S30|L3_S40,test,1,0.003009,False
10342,1186.58,1190.88,4.3,14,L3_S31|L0_S41|L3_S51,test,0,0.057757,False
10345,1567.57,1586.72,19.15,13,L2_S26|L3_S36|L3_S46,test,0,0.507696,False
10348,1180.29,1194.91,14.62,21,L2_S22|L3_S32|L3_S42,test,0,0.404936,False
10351,1507.88,1507.98,0.1,9,L1_S29|L2_S39|L3_S49,test,0,0.590721,False
10354,980.94,982.6,1.66,8,L1_S21|L2_S31|L3_S41,test,0,0.226271,False
10357,514.67,522.29,7.62,21,L0_S28|L1_S38|L3_S48,test,0,0.00964,False
10360,950.61,958.57,7.96,16,L3_S27|L0_S37|L3_S47,test,0,0.01955,False
10363,839.81,852.24,12.43,9,L3_S23|L0_S33|L3_S43,test,0,0.723949,False
10366,697.55,709.74,12.19,18,L3_S23|L0_S33|L3_S43,test,0,0.111977,False
10369,263.62,273.38,9.76,18,L1_S29|L2_S39|L3_S49,test,0,0.430827,False
10372,1358.45,1374.09,15.64,9,L0_S28|L1_S38|L3_S48,test,0,0.017685,False
10375,1084.64,1097.29,12.65,11,L0_S24|L1_S34|L3_S44,test,0,0.01909,False
10378,1018.43,1021.06,2.63,14,L2_S26|L3_S36|L3_S46,test,0,0.351841,False
10381,567.71,582.4,14.69,17,L1_S21|L2_S31|L3_S41,test,0,0.293898,False
10384,1272.34,1285.54,13.2,21,L3_S23|L0_S33|L3_S43,test,0,0.777356,True
10387,1086.56,1100.35,13.79,12,L2_S30|L3_S40|L3_S50,test,0,0.20234,False
10390,646.07,651.91,5.84,10,L3_S31|L0_S41|L3_S51,test,0,0.000423,False
10393,461.16,472.01,10.85,16,L0_S20|L1_S30|L3_S40,test,0,0.553563,False
10396,1399.88,1412.75,12.87,10,L3_S27|L0_S37|L3_S47,test,1,0.885072,True
10399,1598.68,1613.62,14.94,8,L2_S22|L3_S32|L3_S42,test,0,0.312739,False
10402,170.94,183.1,12.16,21,L0_S28|L1_S38|L3_S48,test,0,0.010202,False
10405,219.51,233.55,14.04,9,L2_S22|L3_S32|L3_S42,test,0,0.04592,False
10408,1205.63,1218.11,12.48,11,L0_S20|L1_S30|L3_S40,test,0,0.218722,False
10411,513.04,513.42,0.38,9,L1_S29|L2_S39|L3_S49,test,0,0.443161,False
10414,1520.17,1539.9,19.73,10,L3_S23|L0_S33|L3_S43,test,0,0.205422,False
10417,1487.6,1498.46,10.86,8,L3_S31|L0_S41|L3_S51,test,0,0.000149,False
10420,328.7,341.66,12.96,18,L3_S31|L0_S41|L3_S51,test,0,0.938443,True
10423,1619.89,1634.35,14.46,9,L3_S31|L0_S41|L3_S51,test,0,0.00062,False
10426,880.18,890.99,10.81,14,L2_S22|L3_S32|L3_S42,test,0,0.10141,False
10429,1344.34,1346.45,2.11,12,L2_S22|L3_S32|L3_S42,test,0,0.0358,False
10432,480.86,494.71,13.85,10,L1_S29|L2_S39|L3_S49,test,0,0.166971,False
10435,1221.96,1238.62,16.66,8,L2_S26|L3_S36|L3_S46,test,0,0.669021,False
10438,530.2,541.85,11.65,10,L3_S23|L0_S33|L3_S43,test,0,0.521743,False
10441,1001.66,1025.15,23.49,20,L1_S21|L2_S31|L3_S41,test,0,0.224809,False
10444,19.61,28.74,9.13,15,L1_S29|L2_S39|L3_S49,test,0,0.010167,False
10447,1175.7,1194.91,19.21,13,L2_S22|L3_S32|L3_S42,test,1,0.857123,True
10450,870.76,881.09,10.33,21,L0_S20|L1_S30|L3_S40,test,0,0.408015,False
10453,411.11,424.99,13.88,13,L1_S21|L2_S31|L3_S41,test,0,0.251632,False
10456,1143.7,1160.62,16.92,20,L0_S20|L1_S30|L3_S40,test,0,0.878699,True
10459,204.69,208.26,3.57,9,L1_S21|L2_S31|L3_S41,test,0,0.008028,False
10462,720.76,732.14,11.38,11,L0_S24|L1_S34|L3_S44,test,1,0.763107,True
10465,1272.91,1278.63,5.72,17,L1_S25|L2_S35|L3_S45,test,0,0.115786,False
10468,452.87,462.74,9.87,10,L0_S20|L1_S30|L3_S40,test,0,0.854929,True
10471,931.66,934.02,2.36,21,L1_S29|L2_S39|L3_S49,test,0,0.570311,False
10474,1421.65,1433.09,11.44,20,L0_S28|L1_S38|L3_S48,test,0,0.009073,False
10477,675.37,675.47,0.1,21,L0_S24|L1_S34|L3_S44,test,0,0.473807,False
10480,802.43,810.19,7.76,17,L1_S29|L2_S39|L3_S49,test,0,0.856694,True
10483,43.35,56.58,13.23,14,L1_S21|L2_S31|L3_S41,test,0,0.619148,False
10486,932.22,942,9.78,12,L0_S28|L1_S38|L3_S48,test,0,0.001945,False
10489,1401.34,1401.44,0.1,8,L3_S31|L0_S41|L3_S51,test,0,0.321831,False
10492,1437.56,1448.9,11.34,8,L0_S24|L1_S34|L3_S44,test,0,0.05874,False
10495,200.93,210.11,9.18,16,L1_S21|L2_S31|L3_S41,test,0,0.099583,False
10498,134.22,139.93,5.71,19,L3_S27|L0_S37|L3_S47,test,0,0.368068,False
10501,739.11,761.16,22.05,16,L3_S31|L0_S41|L3_S51,test,0,0.107156,False
10504,814.12,825.22,11.1,12,L1_S25|L2_S35|L3_S45,test,0,0.222041,False
10507,939.02,947.14,8.12,15,L3_S23|L0_S33|L3_S43,test,0,0.001272,False
10510,195.47,207.4,11.93,10,L0_S28|L1_S38|L3_S48,test,0,0.964456,True
10513,233.09,243.64,10.55,11,L0_S20|L1_S30|L3_S40,test,0,0.11386,False
10516,1545.31,1563.17,17.86,21,L2_S22|L3_S32|L3_S42,test,0,0.381412,False
10519,926.73,944.97,18.24,13,L3_S31|L0_S41|L3_S51,test,0,0.853196,True
10522,174.44,190.18,15.74,9,L2_S26|L3_S36|L3_S46,test,0,0.251253,False
10525,537.88,549.62,11.74,19,L0_S24|L1_S34|L3_S44,test,0,0.080276,False
10528,1626.06,1639.95,13.89,18,L2_S30|L3_S40|L3_S50,test,0,0.117892,False
10531,119.66,133.73,14.07,9,L3_S23|L0_S33|L3_S43,test,0,0.014999,False
10534,719.22,725.91,6.69,10,L2_S30|L3_S40|L3_S50,test,0,0.098397,False
10537,555.28,572.3,17.02,11,L3_S31|L0_S41|L3_S51,test,0,0.000097,False
10540,633.44,633.54,0.1,11,L0_S28|L1_S38|L3_S48,test,0,0.109052,False
10543,930.39,947.16,16.77,19,L1_S21|L2_S31|L3_S41,test,0,0.111928,False
10546,333.01,338.01,5,17,L2_S26|L3_S36|L3_S46,test,0,0.186333,False
10549,857.31,867.81,10.5,16,L1_S29|L2_S39|L3_S49,test,0,0.774712,True
10552,1685.8,1692.69,6.89,12,L3_S31|L0_S41|L3_S51,test,0,0.160562,False
10555,426.85,437.13,10.28,18,L3_S31|L0_S41|L3_S51,test,0,0.14453,False
10558,670.74,684.27,13.53,8,L2_S30|L3_S40|L3_S50,test,1,0.837689,True
10561,896.64,909.66,13.02,8,L0_S28|L1_S38|L3_S48,test,0,0.001627,False
10564,126.77,137.62,10.85,16,L1_S29|L2_S39|L3_S49,test,0,0.071006,False
10567,1106.33,1116.79,10.46,10,L1_S21|L2_S31|L3_S41,test,0,0.89776,True
10570,813.31,825.37,12.06,19,L1_S21|L2_S31|L3_S41,test,0,0.002,False
10573,1467.38,1483.33,15.95,20,L3_S31|L0_S41|L3_S51,test,0,0.440518,False
10576,873.36,880.11,6.75,12,L2_S26|L3_S36|L3_S46,test,0,0.371794,False
10579,1242.18,1247.31,5.13,13,L1_S25|L2_S35|L3_S45,test,0,0.047117,False
10582,947.97,957.81,9.84,20,L2_S30|L3_S40|L3_S50,test,0,0.378955,False
10585,685.51,685.61,0.1,16,L2_S30|L3_S40|L3_S50,test,0,0.023025,False
10588,1320.61,1321.16,0.55,11,L0_S24|L1_S34|L3_S44,test,1,0.745363,True
10591,400.52,407.53,7.01,9,L1_S29|L2_S39|L3_S49,test,0,0.489619,False
10594,1119.65,1125.47,5.82,14,L2_S22|L3_S32|L3_S42,test,0,0.084646,False
10597,1419.65,1430.3,10.65,10,L0_S28|L1_S38|L3_S48,test,0,0.110439,False
10600,202.8,209.47,6.67,15,L2_S30|L3_S40|L3_S50,test,0,0.393058,False
10603,293.05,303.54,10.49,18,L1_S21|L2_S31|L3_S41,test,0,0.948835,True
10606,1151.13,1174.53,23.4,10,L3_S27|L0_S37|L3_S47,test,0,0.047331,False
10609,50.43,53.9,3.47,14,L2_S30|L3_S40|L3_S50,test,0,0.491891,False
10612,493.09,506.88,13.79,17,L2_S26|L3_S36|L3_S46,test,0,0.651068,False
10615,845.87,852.72,6.85,13,L0_S24|L1_S34|L3_S44,test,0,0.024234,False
10618,1681.17,1691.12,9.95,8,L1_S21|L2_S31|L3_S41,test,0,0.000764,False
10621,1271.93,1284.53,12.6,10,L2_S30|L3_S40|L3_S50,test,0,0.07705,False
10624,1236.27,1260.43,24.16,18,L2_S26|L3_S36|L3_S46,test,0,0.256908,False
10627,1561.54,1577.82,16.28,9,L3_S23|L0_S33|L3_S43,test,0,0.077955,False
10630,133.86,133.96,0.1,12,L2_S26|L3_S36|L3_S46,test,0,0.083507,False
10633,285.76,294.61,8.85,20,L3_S27|L0_S37|L3_S47,test,0,0.430641,False
10636,1280.08,1293.5,13.42,18,L2_S22|L3_S32|L3_S42,test,0,0.804376,True
10639,826.62,845.35,18.73,12,L2_S26|L3_S36|L3_S46,test,0,0.079264,False
10642,1101.63,1117.49,15.86,13,L3_S23|L0_S33|L3_S43,test,0,0.326355,False
10645,1596.12,1606.35,10.23,9,L1_S21|L2_S31|L3_S41,test,0,0.340763,False
10648,89.2,106.64,17.44,9,L0_S24|L1_S34|L3_S44,test,0,0.101375,False
10651,564.12,574.57,10.45,9,L1_S21|L2_S31|L3_S41,test,0,0.152256,False
10654,834.94,844.09,9.15,10,L0_S24|L1_S34|L3_S44,test,0,0.143811,False
10657,163.82,170.27,6.45,16,L1_S21|L2_S31|L3_S41,test,0,0.044278,False
10660,1562.89,1566.68,3.79,18,L3_S23|L0_S33|L3_S43,test,0,0.709404,False
10663,63.99,85.14,21.15,12,L2_S22|L3_S32|L3_S42,test,0,0.003887,False
10666,519.48,531.61,12.13,12,L0_S28|L1_S38|L3_S48,test,0,0.164292,False
10669,1118.79,1130.44,11.65,11,L0_S28|L1_S38|L3_S48,test,0,0.714971,False
10672,792.4,792.5,0.1,9,L0_S28|L1_S38|L3_S48,test,0,0.0668,False
10675,929.86,931.86,2,8,L3_S23|L0_S33|L3_S43,test,0,0.021577,False
10678,849.85,849.95,0.1,16,L1_S29|L2_S39|L3_S49,test,0,0.018771,False
10681,1114.57,1114.67,0.1,8,L0_S24|L1_S34|L3_S44,test,0,0.131821,False
10684,1492.97,1508.96,15.99,15,L3_S27|L0_S37|L3_S47,test,0,0.526308,False
10687,297.3,310.73,13.43,20,L2_S26|L3_S36|L3_S46,test,0,0.000325,False
10690,1239.81,1248.14,8.33,8,L2_S22|L3_S32|L3_S42,test,0,0.017732,False
10693,717.06,725.84,8.78,20,L2_S22|L3_S32|L3_S42,test,0,0.00053,False
10696,1526.86,1538.07,11.21,20,L2_S30|L3_S40|L3_S50,test,0,0.122925,False
10699,806.63,815.34,8.71,8,L1_S21|L2_S31|L3_S41,test,0,0.242362,False
10702,1576.66,1593,16.34,16,L1_S21|L2_S31|L3_S41,test,0,0.015244,False
10705,753.02,759.98,6.96,8,L3_S31|L0_S41|L3_S51,test,0,0.185796,False
10708,1626.19,1637.74,11.55,8,L1_S21|L2_S31|L3_S41,test,0,0.002942,False
10711,498.97,506.05,7.08,17,L2_S30|L3_S40|L3_S50,test,0,0.15269,False
10714,1367.91,1379.92,12.01,17,L2_S22|L3_S32|L3_S42,test,0,0.871762,True
10717,81.28,96.57,15.29,8,L1_S25|L2_S35|L3_S45,test,0,0.42492,False
10720,1273.47,1292.23,18.76,16,L2_S26|L3_S36|L3_S46,test,1,0.794151,True
10723,5.17,13.39,8.22,18,L0_S28|L1_S38|L3_S48,test,0,0.036756,False
10726,1680.49,1686.08,5.59,11,L3_S23|L0_S33|L3_S43,test,0,0.607341,False
10729,1183.05,1204.76,21.71,9,L3_S23|L0_S33|L3_S43,test,0,0.210423,False
10732,512.65,512.75,0.1,11,L2_S22|L3_S32|L3_S42,test,0,0.032527,False
10735,104.33,111.83,7.5,11,L2_S26|L3_S36|L3_S46,test,0,0.487884,False
10738,72.41,73.46,1.05,15,L1_S29|L2_S39|L3_S49,test,0,0.837535,True
10741,1534.96,1538.73,3.77,21,L1_S21|L2_S31|L3_S41,test,1,0.891951,True
10744,1458.37,1467.29,8.92,12,L2_S26|L3_S36|L3_S46,test,0,0.114321,False
10747,796.07,813.33,17.26,14,L3_S27|L0_S37|L3_S47,test,0,0.030028,False
10750,231.83,240.01,8.18,10,L0_S24|L1_S34|L3_S44,test,0,0.207568,False
10753,400.14,418.57,18.43,9,L3_S23|L0_S33|L3_S43,test,0,0.001199,False
10756,601.46,604.13,2.67,19,L3_S27|L0_S37|L3_S47,test,0,0.0034,False
10759,1527.39,1539.53,12.14,15,L1_S29|L2_S39|L3_S49,test,0,0.053145,False
10762,622.52,631.06,8.54,10,L2_S26|L3_S36|L3_S46,test,0,0.005036,False
10765,713.29,726.75,13.46,20,L0_S20|L1_S30|L3_S40,test,0,0.129646,False
10768,36.72,44.9,8.18,15,L0_S20|L1_S30|L3_S40,test,0,0.606236,False
10771,334.2,344.34,10.14,9,L3_S23|L0_S33|L3_S43,test,0,0.054704,False
10774,1078.26,1086.76,8.5,21,L0_S24|L1_S34|L3_S44,test,0,0.112278,False
10777,432.25,449.77,17.52,14,L1_S21|L2_S31|L3_S41,test,0,0.002682,False
10780,734.67,743.14,8.47,9,L0_S28|L1_S38|L3_S48,test,0,0.732137,True
10783,490.46,498.43,7.97,18,L2_S30|L3_S40|L3_S50,test,0,0.049857,False
10786,249.66,259.5,9.84,10,L1_S21|L2_S31|L3_S41,test,0,0.281471,False
10789,653.1,664.22,11.12,17,L1_S29|L2_S39|L3_S49,test,0,0.032053,False
10792,1331.78,1350.77,18.99,13,L3_S23|L0_S33|L3_S43,test,0,0.000716,False
10795,393.86,403.54,9.68,13,L2_S30|L3_S40|L3_S50,test,0,0.056264,False
10798,146.54,155.07,8.53,11,L1_S25|L2_S35|L3_S45,test,0,0.144745,False
10801,677.61,677.71,0.1,21,L1_S25|L2_S35|L3_S45,test,0,0.076215,False
10804,1117.72,1126.11,8.39,19,L2_S26|L3_S36|L3_S46,test,0,0.477078,False
10807,1288.03,1302.2,14.17,8,L2_S26|L3_S36|L3_S46,test,0,0.523042,False
10810,1082.66,1090.96,8.3,19,L3_S31|L0_S41|L3_S51,test,0,0.577982,False
10813,1675.75,1679.62,3.87,9,L2_S26|L3_S36|L3_S46,test,0,0.600847,False
10816,869.1,876.92,7.82,9,L2_S30|L3_S40|L3_S50,test,0,0.208044,False
10819,1592.2,1593.8,1.6,16,L1_S21|L2_S31|L3_S41,test,0,0.000572,False
10822,701.22,717.29,16.07,10,L3_S31|L0_S41|L3_S51,test,0,0.722562,False
10825,1627.59,1641.12,13.53,17,L0_S24|L1_S34|L3_S44,test,0,0.735125,True
10828,770.82,780.45,9.63,11,L1_S25|L2_S35|L3_S45,test,0,0.125974,False
10831,451.6,455.63,4.03,13,L0_S20|L1_S30|L3_S40,test,0,0.002071,False
10834,761.07,775,13.93,10,L0_S28|L1_S38|L3_S48,test,0,0.272123,False
10837,430.88,446.95,16.07,20,L3_S31|L0_S41|L3_S51,test,0,0.089568,False
10840,640.72,640.82,0.1,18,L3_S31|L0_S41|L3_S51,test,0,0.162356,False
10843,42.28,46.19,3.91,8,L1_S25|L2_S35|L3_S45,test,0,0.792721,True
10846,909.91,922.39,12.48,15,L1_S25|L2_S35|L3_S45,test,0,0.000268,False
10849,1338.16,1345.02,6.86,19,L2_S22|L3_S32|L3_S42,test,0,0.102559,False
10852,903.42,903.52,0.1,20,L0_S28|L1_S38|L3_S48,test,0,0.273688,False
10855,256.91,272.17,15.26,15,L1_S29|L2_S39|L3_S49,test,0,0.000782,False
10858,595.48,614.86,19.38,21,L1_S25|L2_S35|L3_S45,test,1,0.92672,True
10861,587.83,609.42,21.59,9,L1_S29|L2_S39|L3_S49,test,0,0.349461,False
10864,1684.95,1692.22,7.27,19,L2_S22|L3_S32|L3_S42,test,0,0.167003,False
10867,1564.19,1573.6,9.41,14,L0_S28|L1_S38|L3_S48,test,0,0.001684,False
10870,1635.96,1647.03,11.07,18,L3_S23|L0_S33|L3_S43,test,0,0.044959,False
10873,1450.83,1463.86,13.03,11,L2_S26|L3_S36|L3_S46,test,0,0.314834,False
10876,40.02,58.44,18.42,14,L2_S30|L3_S40|L3_S50,test,0,0.358672,False
10879,595.27,613.08,17.81,11,L0_S24|L1_S34|L3_S44,test,0,0.032389,False
10882,380.14,381.01,0.87,9,L3_S31|L0_S41|L3_S51,test,0,0.002708,False
10885,1597.4,1599.64,2.24,19,L3_S31|L0_S41|L3_S51,test,0,0.230188,False
10888,912.8,930.41,17.61,15,L2_S26|L3_S36|L3_S46,test,0,0.248584,False
10891,698.01,699.74,1.73,10,L3_S23|L0_S33|L3_S43,test,0,0.561964,False
10894,369.84,381.61,11.77,9,L2_S22|L3_S32|L3_S42,test,1,0.81549,True
10897,47.03,62.96,15.93,14,L3_S31|L0_S41|L3_S51,test,0,0.000134,False
10900,666.56,673.68,7.12,10,L1_S29|L2_S39|L3_S49,test,0,0.773943,True
10903,1056.63,1066.13,9.5,15,L0_S20|L1_S30|L3_S40,test,0,0.064995,False
10906,1223.06,1236.64,13.58,16,L3_S23|L0_S33|L3_S43,test,1,0.952794,True
10909,1286.84,1303.12,16.28,13,L1_S25|L2_S35|L3_S45,test,0,0.377307,False
10912,1040.23,1057.81,17.58,21,L2_S26|L3_S36|L3_S46,test,0,0.658344,False
10915,297.69,310.93,13.24,10,L1_S25|L2_S35|L3_S45,test,0,0.01625,False
10918,1545.61,1546.53,0.92,14,L0_S24|L1_S34|L3_S44,test,0,0.299132,False
10921,112.12,133.5,21.38,17,L2_S30|L3_S40|L3_S50,test,0,0.002241,False
10924,1377.41,1382.96,5.55,21,L0_S28|L1_S38|L3_S48,test,0,0.10588,False
10927,1454.12,1465.26,11.14,8,L2_S30|L3_S40|L3_S50,test,0,0.000005,False
10930,853.8,861.61,7.81,17,L3_S31|L0_S41|L3_S51,test,0,0.22577,False
10933,1380.14,1382.91,2.77,18,L3_S23|L0_S33|L3_S43,test,0,0.027115,False
10936,281.2,285.83,4.63,8,L1_S29|L2_S39|L3_S49,test,0,0.144758,False
10939,105.84,115.29,9.45,19,L1_S29|L2_S39|L3_S49,test,0,0.545633,False
10942,349.52,358.82,9.3,21,L2_S30|L3_S40|L3_S50,test,0,0.324515,False
10945,996.68,1008.81,12.13,15,L0_S20|L1_S30|L3_S40,test,0,0.028509,False
10948,608.9,623.78,14.88,12,L2_S30|L3_S40|L3_S50,test,0,0.066106,False
10951,973.06,985.43,12.37,12,L1_S29|L2_S39|L3_S49,test,1,0.950856,True
10954,1117.29,1131.62,14.33,12,L1_S25|L2_S35|L3_S45,test,0,0.778592,True
10957,243.56,255.91,12.35,17,L2_S22|L3_S32|L3_S42,test,0,0.304373,False
10960,377.89,393.1,15.21,19,L0_S24|L1_S34|L3_S44,test,1,0.928345,True
10963,1410.85,1411.95,1.1,20,L2_S30|L3_S40|L3_S50,test,0,0.086471,False
10966,318.3,331.54,13.24,14,L1_S29|L2_S39|L3_S49,test,0,0.417779,False
10969,1156.98,1160.06,3.08,19,L0_S24|L1_S34|L3_S44,test,0,0.876131,True
10972,596.66,608.48,11.82,17,L2_S22|L3_S32|L3_S42,test,0,0.447327,False
10975,761.24,763,1.76,14,L1_S21|L2_S31|L3_S41,test,0,0.157476,False
10978,1315.49,1327.06,11.57,18,L3_S31|L0_S41|L3_S51,test,0,0.717354,False
10981,1399.86,1412.1,12.24,17,L3_S27|L0_S37|L3_S47,test,0,0.163524,False
10984,1219.21,1224.55,5.34,8,L3_S31|L0_S41|L3_S51,test,1,0.880952,True
10987,1113.05,1124.75,11.7,13,L0_S28|L1_S38|L3_S48,test,0,0.128333,False
10990,649.42,650.31,0.89,13,L1_S21|L2_S31|L3_S41,test,0,0.013433,False
10993,549.38,553.78,4.4,18,L1_S25|L2_S35|L3_S45,test,0,0.395455,False
10996,1063.81,1081.42,17.61,13,L0_S20|L1_S30|L3_S40,test,0,0.149319,False
10999,1061.6,1067.31,5.71,15,L1_S21|L2_S31|L3_S41,test,0,0.163856,False
11002,292.46,303.65,11.19,18,L3_S27|L0_S37|L3_S47,test,0,0.029156,False
11005,832.5,847.12,14.62,15,L3_S23|L0_S33|L3_S43,test,0,0.161179,False
11008,887.26,901.6,14.34,8,L2_S22|L3_S32|L3_S42,test,0,0.404121,False
11011,1321.17,1328.65,7.48,11,L3_S31|L0_S41|L3_S51,test,0,0.269271,False
11014,975.93,997.37,21.44,14,L3_S23|L0_S33|L3_S43,test,0,0.861257,True
11017,1123.61,1128.43,4.82,13,L2_S26|L3_S36|L3_S46,test,0,0.249176,False
11020,771.67,785.11,13.44,15,L0_S24|L1_S34|L3_S44,test,0,0.996371,True
11023,1637.72,1645.19,7.47,15,L0_S20|L1_S30|L3_S40,test,0,0.001449,False
11026,564.77,577.56,12.79,19,L3_S27|L0_S37|L3_S47,test,0,0.508033,False
11029,1205.76,1225.04,19.28,14,L2_S26|L3_S36|L3_S46,test,0,0.905131,True
11032,1288.28,1296,7.72,21,L2_S26|L3_S36|L3_S46,test,0,0.59204,False
11035,275.13,284.01,8.88,10,L3_S27|L0_S37|L3_S47,test,0,0.47547,False
11038,759.41,777.6,18.19,21,L2_S26|L3_S36|L3_S46,test,0,0.492791,False
11041,41.13,54.41,13.28,12,L0_S20|L1_S30|L3_S40,test,0,0.707944,False
11044,50.75,71.87,21.12,14,L1_S29|L2_S39|L3_S49,test,0,0.018521,False
11047,1626.12,1626.67,0.55,14,L2_S22|L3_S32|L3_S42,test,0,0.082834,False
11050,249.07,262.36,13.29,12,L1_S25|L2_S35|L3_S45,test,0,0.892619,True
11053,1319.82,1328.07,8.25,16,L2_S22|L3_S32|L3_S42,test,0,0.000855,False
11056,1584.72,1593.72,9,18,L2_S22|L3_S32|L3_S42,test,0,0.307943,False
11059,898.58,907.13,8.55,17,L0_S28|L1_S38|L3_S48,test,0,0.043135,False
11062,411.12,420.67,9.55,14,L3_S31|L0_S41|L3_S51,test,0,0.439919,False
11065,1326.15,1336.5,10.35,12,L1_S25|L2_S35|L3_S45,test,0,0.407949,False
11068,1446.14,1456.29,10.15,21,L0_S20|L1_S30|L3_S40,test,0,0.373644,False
11071,1400.84,1406.94,6.1,8,L2_S30|L3_S40|L3_S50,test,0,0.000382,False
11074,1323.36,1341.65,18.29,15,L1_S29|L2_S39|L3_S49,test,0,0.520043,False
11077,1342.84,1352.35,9.51,18,L1_S21|L2_S31|L3_S41,test,0,0.149123,False
11080,327.85,333.24,5.39,14,L2_S22|L3_S32|L3_S42,test,0,0.571893,False
11083,1648.3,1662.55,14.25,14,L1_S25|L2_S35|L3_S45,test,0,0.088488,False
11086,298.13,308.8,10.67,21,L2_S22|L3_S32|L3_S42,test,0,0.134822,False
11089,1601.65,1607.43,5.78,14,L3_S23|L0_S33|L3_S43,test,0,0.487756,False
11092,378.42,386.03,7.61,10,L1_S29|L2_S39|L3_S49,test,0,0.382723,False
11095,178.81,190.44,11.63,12,L1_S29|L2_S39|L3_S49,test,0,0.057111,False
11098,454.03,463.86,9.83,12,L2_S22|L3_S32|L3_S42,test,0,0.630338,False
11101,292.28,304.03,11.75,11,L0_S20|L1_S30|L3_S40,test,0,0.607886,False
11104,618.16,635.79,17.63,14,L3_S31|L0_S41|L3_S51,test,0,0.003176,False
11107,1328.45,1348.66,20.21,17,L3_S31|L0_S41|L3_S51,test,0,0.000005,False
11110,830.43,844.01,13.58,19,L0_S24|L1_S34|L3_S44,test,0,0.098127,False
11113,1630.05,1643.63,13.58,17,L2_S30|L3_S40|L3_S50,test,0,0.09685,False
11116,840.1,853.17,13.07,20,L3_S23|L0_S33|L3_S43,test,0,0.456482,False
11119,695.37,711.69,16.32,16,L1_S29|L2_S39|L3_S49,test,0,0.403936,False
11122,348.03,359.7,11.67,12,L2_S22|L3_S32|L3_S42,test,0,0.008275,False
11125,531.39,544.6,13.21,21,L3_S23|L0_S33|L3_S43,test,0,0.265743,False
11128,1349.89,1355.86,5.97,12,L1_S25|L2_S35|L3_S45,test,0,0.00234,False
11131,491.08,504.62,13.54,19,L3_S31|L0_S41|L3_S51,test,0,0.535282,False
11134,475.33,495.76,20.43,14,L0_S28|L1_S38|L3_S48,test,0,0.985764,True
11137,424.03,440.25,16.22,8,L2_S30|L3_S40|L3_S50,test,0,0.236405,False
11140,1441.92,1447.79,5.87,19,L1_S29|L2_S39|L3_S49,test,0,0.06639,False
11143,1660.48,1679.56,19.08,8,L3_S23|L0_S33|L3_S43,test,0,0.575222,False
11146,332.05,337.74,5.69,20,L0_S28|L1_S38|L3_S48,test,0,0.00166,False
11149,1359.95,1365.9,5.95,20,L3_S23|L0_S33|L3_S43,test,0,0.733017,True
11152,954.65,962.62,7.97,18,L1_S29|L2_S39|L3_S49,test,0,0.077686,False
11155,1206,1224.7,18.7,11,L2_S26|L3_S36|L3_S46,test,0,0.046302,False
11158,1565.58,1574.14,8.56,10,L1_S21|L2_S31|L3_S41,test,0,0.183429,False
11161,445.24,468.57,23.33,12,L0_S24|L1_S34|L3_S44,test,0,0.998507,True
11164,1125.95,1131.96,6.01,12,L1_S25|L2_S35|L3_S45,test,0,0.157842,False
11167,94.14,109.5,15.36,21,L0_S28|L1_S38|L3_S48,test,0,0.030448,False
11170,1607.93,1621.18,13.25,19,L2_S30|L3_S40|L3_S50,test,0,0.055098,False
11173,1223.56,1223.66,0.1,9,L0_S20|L1_S30|L3_S40,test,0,0.269046,False
11176,227.97,245.52,17.55,14,L0_S20|L1_S30|L3_S40,test,0,0.887813,True
11179,1200.13,1214.95,14.82,10,L1_S25|L2_S35|L3_S45,test,0,0.060101,False
11182,346.08,363.56,17.48,12,L2_S22|L3_S32|L3_S42,test,0,0.200741,False
11185,540.83,550.44,9.61,21,L0_S28|L1_S38|L3_S48,test,0,0.000472,False
11188,1015.14,1019.55,4.41,12,L0_S20|L1_S30|L3_S40,test,0,0.031172,False
11191,1293.54,1293.64,0.1,10,L0_S20|L1_S30|L3_S40,test,0,0.109454,False
11194,1289.57,1296.24,6.67,14,L1_S21|L2_S31|L3_S41,test,0,0.544257,False
11197,1572.37,1587.22,14.85,13,L1_S29|L2_S39|L3_S49,test,0,0.038528,False
11200,472.32,472.42,0.1,10,L0_S20|L1_S30|L3_S40,test,0,0.028335,False
11203,1279.57,1285.74,6.17,8,L0_S24|L1_S34|L3_S44,test,0,0.735986,True
11206,793.66,809.01,15.35,11,L1_S21|L2_S31|L3_S41,test,0,0.114391,False
11209,1577.77,1589.76,11.99,15,L2_S26|L3_S36|L3_S46,test,0,0.055157,False
11212,413.54,419.51,5.97,13,L1_S25|L2_S35|L3_S45,test,0,0.000118,False
11215,1533.25,1547.16,13.91,9,L1_S21|L2_S31|L3_S41,test,0,0.777134,True
11218,1053.42,1066.86,13.44,10,L1_S21|L2_S31|L3_S41,test,0,0.190615,False
11221,1049.32,1070.43,21.11,17,L0_S20|L1_S30|L3_S40,test,0,0.951292,True
11224,717.93,733.9,15.97,18,L1_S29|L2_S39|L3_S49,test,0,0.227567,False
11227,1087.44,1096.22,8.78,15,L0_S28|L1_S38|L3_S48,test,0,0.631657,False
11230,1394.49,1410.92,16.43,14,L1_S29|L2_S39|L3_S49,test,0,0.125082,False
11233,710.16,723.62,13.46,10,L2_S22|L3_S32|L3_S42,test,0,0.15118,False
11236,1699.06,1722.42,23.36,18,L0_S24|L1_S34|L3_S44,test,0,0.219959,False
11239,266.81,291.3,24.49,21,L2_S22|L3_S32|L3_S42,test,0,0.197145,False
11242,1180.59,1187.01,6.42,10,L1_S21|L2_S31|L3_S41,test,0,0.153541,False
11245,413.35,425.4,12.05,19,L3_S27|L0_S37|L3_S47,test,0,0.098088,False
11248,1360.53,1370.19,9.66,16,L1_S25|L2_S35|L3_S45,test,0,0.000951,False
11251,139.72,141.65,1.93,21,L0_S24|L1_S34|L3_S44,test,0,0.441806,False
11254,1511.15,1516.33,5.18,10,L3_S31|L0_S41|L3_S51,test,0,0.551085,False
11257,1236.73,1247.89,11.16,10,L2_S30|L3_S40|L3_S50,test,0,0.428748,False
11260,1180.39,1184.83,4.44,12,L1_S21|L2_S31|L3_S41,test,0,0.393717,False
11263,1424.42,1430.68,6.26,11,L3_S31|L0_S41|L3_S51,test,0,0.357756,False
11266,822.28,833.89,11.61,8,L2_S30|L3_S40|L3_S50,test,0,0.01214,False
11269,588.32,599.68,11.36,12,L1_S25|L2_S35|L3_S45,test,0,0.216254,False
11272,1665.59,1666.75,1.16,16,L2_S26|L3_S36|L3_S46,test,0,0.960673,True
11275,300.17,319.05,18.88,14,L2_S26|L3_S36|L3_S46,test,0,0.8104,True
11278,1298.35,1315.49,17.14,15,L0_S24|L1_S34|L3_S44,test,0,0.081401,False
11281,401.9,411.04,9.14,21,L3_S23|L0_S33|L3_S43,test,1,0.950598,True
11284,1262.36,1266.49,4.13,15,L3_S31|L0_S41|L3_S51,test,0,0.212275,False
11287,1175.58,1178.4,2.82,11,L0_S28|L1_S38|L3_S48,test,0,0.856086,True
11290,4.27,10.31,6.04,18,L2_S26|L3_S36|L3_S46,test,0,0.000118,False
11293,561.48,565.93,4.45,20,L1_S25|L2_S35|L3_S45,test,1,0.808336,True
11296,1272.35,1273.44,1.09,8,L1_S21|L2_S31|L3_S41,test,0,0.047398,False
11299,966.21,970.41,4.2,20,L2_S30|L3_S40|L3_S50,test,0,0.020164,False
11302,1014.19,1024.7,10.51,17,L3_S23|L0_S33|L3_S43,test,0,0.343987,False
11305,862.27,871.15,8.88,21,L1_S21|L2_S31|L3_S41,test,0,0.109148,False
11308,411.7,425.53,13.83,12,L1_S25|L2_S35|L3_S45,test,0,0.013487,False
11311,1666.63,1668.27,1.64,14,L1_S21|L2_S31|L3_S41,test,0,0.114291,False
11314,1131.37,1141.41,10.04,19,L2_S22|L3_S32|L3_S42,test,0,0.023868,False
11317,1182.68,1187.32,4.64,20,L2_S26|L3_S36|L3_S46,test,0,0.371344,False
11320,1093.67,1107.01,13.34,18,L1_S29|L2_S39|L3_S49,test,0,0.546338,False
11323,1390.44,1410.45,20.01,13,L0_S24|L1_S34|L3_S44,test,0,0.180706,False
11326,100.61,119.35,18.74,18,L2_S22|L3_S32|L3_S42,test,0,0.257845,False
11329,1537.59,1551.79,14.2,8,L0_S24|L1_S34|L3_S44,test,0,0.139803,False
11332,381.77,400.04,18.27,10,L3_S27|L0_S37|L3_S47,test,0,0.26101,False
11335,1488.99,1498.27,9.28,17,L1_S21|L2_S31|L3_S41,test,0,0.101777,False
11338,667.47,678.92,11.45,9,L2_S30|L3_S40|L3_S50,test,0,0.01499,False
11341,1297.91,1298.01,0.1,8,L1_S29|L2_S39|L3_S49,test,0,0.040872,False
11344,1096.52,1106.9,10.38,11,L3_S31|L0_S41|L3_S51,test,0,0.26228,False
11347,50.23,56.64,6.41,9,L0_S20|L1_S30|L3_S40,test,0,0.70776,False
11350,1494.02,1503,8.98,19,L2_S26|L3_S36|L3_S46,test,0,0.123467,False
11353,218.42,232.81,14.39,11,L3_S31|L0_S41|L3_S51,test,0,0.003313,False
11356,1378.79,1384.14,5.35,17,L3_S31|L0_S41|L3_S51,test,0,0.115966,False
11359,1229.19,1241.27,12.08,11,L1_S21|L2_S31|L3_S41,test,0,0.314995,False
11362,815.22,819.02,3.8,13,L3_S27|L0_S37|L3_S47,test,0,0.852683,True
11365,28.88,32.04,3.16,18,L3_S31|L0_S41|L3_S51,test,0,0.461987,False
11368,106.48,118.43,11.95,20,L3_S23|L0_S33|L3_S43,test,0,0.198474,False
11371,1097.67,1113.28,15.61,14,L0_S28|L1_S38|L3_S48,test,0,0.000264,False
11374,1607.81,1615.12,7.31,21,L2_S22|L3_S32|L3_S42,test,0,0.453644,False
11377,238.85,244.98,6.13,20,L0_S24|L1_S34|L3_S44,test,0,0.000068,False
11380,33.57,56.52,22.95,18,L3_S23|L0_S33|L3_S43,test,0,0.000037,False
11383,1426.54,1460.19,33.65,10,L3_S23|L0_S33|L3_S43,test,0,0.481124,False
11386,1290.04,1300.3,10.26,11,L3_S23|L0_S33|L3_S43,test,0,0.00071,False
11389,383.74,400.3,16.56,14,L3_S23|L0_S33|L3_S43,test,0,0.018407,False
11392,51.42,60.5,9.08,10,L2_S26|L3_S36|L3_S46,test,0,0.086621,False
11395,139.89,159.15,19.26,8,L2_S30|L3_S40|L3_S50,test,0,0.842303,True
11398,214.56,216.86,2.3,12,L1_S25|L2_S35|L3_S45,test,0,0.103908,False
11401,667.92,671.49,3.57,12,L2_S30|L3_S40|L3_S50,test,0,0.081282,False
11404,1524.05,1535.44,11.39,21,L3_S23|L0_S33|L3_S43,test,0,0.000013,False
11407,1689.52,1696.72,7.2,9,L3_S31|L0_S41|L3_S51,test,0,0.047272,False
11410,1569.41,1574.88,5.47,14,L3_S23|L0_S33|L3_S43,test,0,0.138716,False
11413,635.2,641.4,6.2,15,L2_S26|L3_S36|L3_S46,test,0,0.733122,True
11416,1086.96,1098.72,11.76,14,L1_S21|L2_S31|L3_S41,test,1,0.945919,True
11419,405.79,419.3,13.51,19,L3_S31|L0_S41|L3_S51,test,0,0.100833,False
11422,1143.69,1155.86,12.17,8,L3_S23|L0_S33|L3_S43,test,0,0.003414,False
11425,1458.24,1475.04,16.8,11,L0_S24|L1_S34|L3_S44,test,0,0.000078,False
11428,388.37,402.4,14.03,17,L2_S22|L3_S32|L3_S42,test,0,0.074889,False
11431,990.92,991.02,0.1,20,L1_S29|L2_S39|L3_S49,test,0,0.001163,False
11434,864.75,876,11.25,8,L1_S21|L2_S31|L3_S41,test,0,0.880357,True
11437,1189.39,1194.57,5.18,11,L2_S22|L3_S32|L3_S42,test,0,0.029986,False
11440,746.47,766.72,20.25,20,L0_S24|L1_S34|L3_S44,test,0,0.211611,False
11443,1607.73,1612.49,4.76,8,L0_S24|L1_S34|L3_S44,test,0,0.359583,False
11446,102.36,119.2,16.84,18,L0_S28|L1_S38|L3_S48,test,0,0.942785,True
11449,1345.36,1358.09,12.73,20,L0_S20|L1_S30|L3_S40,test,1,0.755399,True
11452,1221.54,1231.36,9.82,11,L1_S21|L2_S31|L3_S41,test,0,0.016472,False
11455,1532.75,1539.7,6.95,11,L2_S26|L3_S36|L3_S46,test,0,0.001033,False
11458,1217.49,1222.97,5.48,16,L3_S23|L0_S33|L3_S43,test,0,0.043702,False
11461,1516.11,1523.31,7.2,18,L0_S28|L1_S38|L3_S48,test,0,0.075154,False
11464,1041.88,1058.3,16.42,10,L0_S24|L1_S34|L3_S44,test,0,0.266649,False
11467,91.94,105.24,13.3,14,L1_S29|L2_S39|L3_S49,test,0,0.547755,False
11470,26.23,33.17,6.94,8,L0_S28|L1_S38|L3_S48,test,0,0.050991,False
11473,1417.19,1434.33,17.14,17,L1_S21|L2_S31|L3_S41,test,0,0.000442,False
11476,1378.76,1378.86,0.1,21,L0_S28|L1_S38|L3_S48,test,1,0.976532,True
11479,692.1,699.03,6.93,10,L2_S26|L3_S36|L3_S46,test,0,0.772177,True
11482,16.22,18.8,2.58,16,L0_S20|L1_S30|L3_S40,test,0,0.06161,False
11485,1231.69,1237.5,5.81,17,L1_S21|L2_S31|L3_S41,test,0,0.302323,False
11488,431.54,435.41,3.87,13,L2_S22|L3_S32|L3_S42,test,0,0.00124,False
11491,47.94,54.16,6.22,21,L0_S28|L1_S38|L3_S48,test,0,0.885472,True
11494,1550.47,1558.28,7.81,20,L1_S21|L2_S31|L3_S41,test,0,0.135869,False
11497,235.77,249.2,13.43,9,L2_S22|L3_S32|L3_S42,test,0,0.072556,False
11500,1031.83,1034.27,2.44,19,L1_S29|L2_S39|L3_S49,test,0,0.092982,False
11503,571.92,572.92,1,8,L3_S31|L0_S41|L3_S51,test,0,0.001129,False
11506,1026.55,1054.12,27.57,20,L3_S31|L0_S41|L3_S51,test,0,0.27307,False
11509,579.56,585.64,6.08,12,L3_S23|L0_S33|L3_S43,test,0,0.470536,False
11512,621.33,631.35,10.02,11,L0_S28|L1_S38|L3_S48,test,0,0.953504,True
11515,1613.05,1622.42,9.37,9,L2_S22|L3_S32|L3_S42,test,0,0.079835,False
11518,916.3,926.79,10.49,10,L0_S28|L1_S38|L3_S48,test,0,0.101219,False
11521,716.69,728.61,11.92,20,L1_S21|L2_S31|L3_S41,test,0,0.517551,False
11524,797.82,812.27,14.45,10,L0_S20|L1_S30|L3_S40,test,0,0.707034,False
11527,619.85,638.4,18.55,14,L1_S21|L2_S31|L3_S41,test,0,0.081777,False
11530,362.36,362.46,0.1,20,L3_S27|L0_S37|L3_S47,test,0,0.024218,False
11533,402.27,420.03,17.76,16,L1_S29|L2_S39|L3_S49,test,0,0.219184,False
11536,547.5,562.11,14.61,21,L1_S21|L2_S31|L3_S41,test,0,0.019438,False
11539,764.06,775.44,11.38,13,L3_S27|L0_S37|L3_S47,test,0,0.759042,True
11542,387.05,401.46,14.41,20,L2_S30|L3_S40|L3_S50,test,0,0.254762,False
11545,356.68,356.78,0.1,12,L0_S24|L1_S34|L3_S44,test,0,0.644713,False
11548,1269.07,1282.26,13.19,13,L1_S21|L2_S31|L3_S41,test,0,0.078434,False
11551,743.81,748.02,4.21,9,L0_S24|L1_S34|L3_S44,test,0,0.077165,False
11554,27.84,41.04,13.2,21,L1_S25|L2_S35|L3_S45,test,0,0.202318,False
11557,303.85,307.77,3.92,15,L1_S25|L2_S35|L3_S45,test,0,0.49098,False
11560,482.24,493.71,11.47,14,L1_S21|L2_S31|L3_S41,test,0,0.326459,False
11563,1182.93,1194.44,11.51,11,L0_S20|L1_S30|L3_S40,test,0,0.17327,False
11566,1578.33,1578.43,0.1,18,L0_S24|L1_S34|L3_S44,test,0,0.226183,False
11569,423.91,432.07,8.16,18,L0_S20|L1_S30|L3_S40,test,0,0.625804,False
11572,853.34,868.65,15.31,8,L0_S20|L1_S30|L3_S40,test,0,0.179856,False
11575,947.72,955.49,7.77,12,L3_S27|L0_S37|L3_S47,test,0,0.562828,False
11578,37.69,52.88,15.19,21,L3_S31|L0_S41|L3_S51,test,0,0.32906,False
11581,1526.2,1526.3,0.1,11,L2_S30|L3_S40|L3_S50,test,0,0.028805,False
11584,1684.68,1695.52,10.84,9,L2_S30|L3_S40|L3_S50,test,0,0.496031,False
11587,400.11,403.66,3.55,17,L1_S21|L2_S31|L3_S41,test,0,0.479323,False
11590,1572.08,1589.67,17.59,11,L1_S21|L2_S31|L3_S41,test,0,0.355784,False
11593,6.88,16.56,9.68,12,L3_S23|L0_S33|L3_S43,test,0,0.157043,False
11596,1295.93,1307.62,11.69,11,L0_S20|L1_S30|L3_S40,test,0,0.000487,False
11599,1285.25,1298.94,13.69,18,L1_S25|L2_S35|L3_S45,test,0,0.000562,False
11602,1202.03,1210.06,8.03,16,L3_S23|L0_S33|L3_S43,test,0,0.820645,True
11605,472.32,487.52,15.2,15,L3_S31|L0_S41|L3_S51,test,0,0.136044,False
11608,532.41,532.51,0.1,11,L1_S25|L2_S35|L3_S45,test,0,0.323227,False
11611,1698.22,1713.97,15.75,15,L3_S23|L0_S33|L3_S43,test,0,0.002014,False
11614,1646.35,1653.57,7.22,12,L1_S29|L2_S39|L3_S49,test,1,0.786789,True
11617,1529.96,1541.45,11.49,10,L2_S22|L3_S32|L3_S42,test,0,0.114714,False
11620,1312.27,1317.42,5.15,21,L1_S21|L2_S31|L3_S41,test,0,0.000169,False
11623,553.47,553.57,0.1,10,L0_S20|L1_S30|L3_S40,test,0,0.206496,False
11626,520.07,529.62,9.55,10,L1_S29|L2_S39|L3_S49,test,0,0.320179,False
11629,189.67,195.65,5.98,10,L3_S23|L0_S33|L3_S43,test,0,0.148179,False
11632,1033.8,1044,10.2,21,L2_S26|L3_S36|L3_S46,test,0,0.899317,True
11635,235.17,237.81,2.64,9,L0_S28|L1_S38|L3_S48,test,0,0.696509,False
11638,879.41,891.51,12.1,16,L3_S27|L0_S37|L3_S47,test,0,0.054712,False
11641,1576.7,1595.36,18.66,15,L3_S31|L0_S41|L3_S51,test,0,0.377653,False
11644,516.32,533.71,17.39,8,L0_S28|L1_S38|L3_S48,test,0,0.083082,False
11647,1551.51,1571.61,20.1,10,L2_S26|L3_S36|L3_S46,test,0,0.464459,False
11650,793.06,795.41,2.35,16,L3_S31|L0_S41|L3_S51,test,0,0.484897,False
11653,357.46,366.93,9.47,9,L1_S29|L2_S39|L3_S49,test,0,0.461718,False
11656,1683.19,1686.7,3.51,9,L0_S28|L1_S38|L3_S48,test,0,0.423106,False
11659,1330.16,1345.75,15.59,10,L0_S28|L1_S38|L3_S48,test,0,0.202441,False
11662,1372.98,1389.97,16.99,17,L3_S31|L0_S41|L3_S51,test,0,0.637523,False
11665,106.5,113.04,6.54,9,L0_S24|L1_S34|L3_S44,test,0,0.003249,False
11668,1604.07,1607.33,3.26,19,L2_S30|L3_S40|L3_S50,test,0,0.03604,False
11671,613.88,627.98,14.1,16,L0_S20|L1_S30|L3_S40,test,0,0.252882,False
11674,491.19,503.38,12.19,19,L2_S26|L3_S36|L3_S46,test,0,0.001135,False
11677,33.44,42,8.56,19,L3_S23|L0_S33|L3_S43,test,0,0.035015,False
11680,520.31,530.18,9.87,21,L3_S27|L0_S37|L3_S47,test,0,0.00303,False
11683,1002.89,1012.58,9.69,8,L2_S30|L3_S40|L3_S50,test,0,0.364001,False
11686,1085.67,1091.49,5.82,11,L1_S25|L2_S35|L3_S45,test,0,0.000228,False
11689,592.15,592.25,0.1,18,L3_S27|L0_S37|L3_S47,test,0,0.044217,False
11692,615.12,619.97,4.85,21,L3_S27|L0_S37|L3_S47,test,0,0.01124,False
11695,1555.19,1565.87,10.68,12,L2_S26|L3_S36|L3_S46,test,0,0.018632,False
11698,1571,1586.12,15.12,18,L2_S26|L3_S36|L3_S46,test,0,0.537346,False
11701,1252.06,1257.89,5.83,21,L0_S28|L1_S38|L3_S48,test,0,0.015753,False
11704,1346.82,1352.29,5.47,18,L0_S24|L1_S34|L3_S44,test,0,0.59321,False
11707,234.05,241.07,7.02,16,L2_S26|L3_S36|L3_S46,test,0,0.006101,False
11710,1467.24,1480.82,13.58,18,L0_S20|L1_S30|L3_S40,test,0,0.064886,False
11713,742.28,749.99,7.71,10,L3_S31|L0_S41|L3_S51,test,0,0.306948,False
11716,1022.48,1031.77,9.29,18,L0_S24|L1_S34|L3_S44,test,0,0.735112,True
11719,1449.08,1457.83,8.75,20,L3_S31|L0_S41|L3_S51,test,0,0.058407,False
11722,316.46,330.82,14.36,20,L0_S20|L1_S30|L3_S40,test,0,0.004799,False
11725,312.86,328.29,15.43,8,L0_S24|L1_S34|L3_S44,test,0,0.164216,False
11728,644.53,649.2,4.67,12,L0_S28|L1_S38|L3_S48,test,0,0.679153,False
11731,221.07,225.02,3.95,8,L0_S20|L1_S30|L3_S40,test,0,0.402865,False
11734,1246.55,1259.27,12.72,18,L0_S28|L1_S38|L3_S48,test,0,0.640732,False
11737,1248.08,1262.33,14.25,12,L0_S24|L1_S34|L3_S44,test,0,0.156464,False
11740,427.29,431.31,4.02,16,L3_S27|L0_S37|L3_S47,test,1,0.746802,True
11743,7.17,12.01,4.84,14,L1_S29|L2_S39|L3_S49,test,0,0.000241,False
11746,1691.66,1700.38,8.72,21,L0_S20|L1_S30|L3_S40,test,0,0.006183,False
11749,1330.95,1341.28,10.33,11,L2_S22|L3_S32|L3_S42,test,1,0.758266,True
11752,857.12,874.84,17.72,14,L0_S20|L1_S30|L3_S40,test,0,0.000233,False
11755,294.01,299.17,5.16,14,L3_S27|L0_S37|L3_S47,test,0,0.009825,False
11758,1027.72,1027.82,0.1,20,L1_S25|L2_S35|L3_S45,test,0,0.55389,False
11761,1018.68,1028.58,9.9,8,L1_S21|L2_S31|L3_S41,test,0,0.416762,False
11764,370.84,386.79,15.95,20,L2_S26|L3_S36|L3_S46,test,0,0.158558,False
11767,572.16,576.53,4.37,10,L3_S31|L0_S41|L3_S51,test,0,0.149398,False
11770,1107.77,1130.03,22.26,10,L0_S24|L1_S34|L3_S44,test,0,0.01828,False
11773,1.75,13.06,11.31,12,L0_S20|L1_S30|L3_S40,test,0,0.214234,False
11776,763.74,775.09,11.35,19,L3_S31|L0_S41|L3_S51,test,0,0.21814,False
11779,1076.78,1086.08,9.3,8,L2_S30|L3_S40|L3_S50,test,0,0.266012,False
11782,1637.6,1650.18,12.58,8,L2_S22|L3_S32|L3_S42,test,0,0.737128,True
11785,1354.59,1360.14,5.55,15,L1_S21|L2_S31|L3_S41,test,0,0.000255,False
11788,1603.04,1616.05,13.01,13,L2_S30|L3_S40|L3_S50,test,0,0.702219,False
11791,449.38,452.57,3.19,16,L2_S26|L3_S36|L3_S46,test,0,0.572315,False
11794,1296.86,1301.53,4.67,16,L1_S21|L2_S31|L3_S41,test,0,0.669563,False
11797,431.31,446.57,15.26,12,L3_S27|L0_S37|L3_S47,test,0,0.574133,False
11800,304.32,306.88,2.56,17,L1_S25|L2_S35|L3_S45,test,0,0.700771,False
11803,771.37,791.04,19.67,8,L3_S31|L0_S41|L3_S51,test,0,0.809863,True
11806,666.26,678.91,12.65,10,L3_S27|L0_S37|L3_S47,test,0,0.231316,False
11809,80.8,86.48,5.68,12,L0_S28|L1_S38|L3_S48,test,0,0.312107,False
11812,569.97,574.4,4.43,15,L3_S31|L0_S41|L3_S51,test,0,0.123057,False
11815,210.79,223.34,12.55,17,L2_S30|L3_S40|L3_S50,test,0,0.373644,False
11818,1091.2,1106.07,14.87,9,L2_S26|L3_S36|L3_S46,test,0,0.646464,False
11821,256.79,281.81,25.02,8,L3_S31|L0_S41|L3_S51,test,0,0.008605,False
11824,1021.23,1034.22,12.99,16,L2_S30|L3_S40|L3_S50,test,0,0.48058,False
11827,640.41,657.38,16.97,21,L3_S27|L0_S37|L3_S47,test,0,0.413434,False
11830,1247.69,1251.6,3.91,13,L3_S31|L0_S41|L3_S51,test,0,0.003135,False
11833,674.99,685.51,10.52,18,L3_S23|L0_S33|L3_S43,test,0,0.035648,False
11836,334.93,340.26,5.33,11,L2_S26|L3_S36|L3_S46,test,0,0.073592,False
11839,1032.18,1050.48,18.3,19,L0_S20|L1_S30|L3_S40,test,0,0.622453,False
11842,985.54,992.08,6.54,20,L3_S27|L0_S37|L3_S47,test,0,0.763895,True
11845,953.51,966.44,12.93,13,L2_S22|L3_S32|L3_S42,test,0,0.18908,False
11848,165.71,174.19,8.48,21,L2_S26|L3_S36|L3_S46,test,0,0.001913,False
11851,447.47,460.48,13.01,20,L3_S31|L0_S41|L3_S51,test,0,0.006734,False
11854,323.27,348.33,25.06,19,L3_S31|L0_S41|L3_S51,test,0,0.021537,False
11857,937.34,945.24,7.9,12,L0_S20|L1_S30|L3_S40,test,0,0.396955,False
11860,605.03,626.99,21.96,19,L1_S21|L2_S31|L3_S41,test,0,0.096102,False
11863,756.41,778.5,22.09,20,L3_S27|L0_S37|L3_S47,test,0,0.424945,False
11866,1036.97,1041.62,4.65,17,L0_S20|L1_S30|L3_S40,test,0,0.229642,False
11869,1516.2,1527.29,11.09,9,L0_S20|L1_S30|L3_S40,test,0,0.153573,False
11872,561.03,578.51,17.48,14,L3_S31|L0_S41|L3_S51,test,0,0.966036,True
11875,1494.42,1514.42,20,14,L3_S27|L0_S37|L3_S47,test,0,0.030086,False
11878,780.36,782.86,2.5,12,L3_S31|L0_S41|L3_S51,test,0,0.001785,False
11881,5.27,16.76,11.49,12,L1_S29|L2_S39|L3_S49,test,0,0.279545,False
11884,327.41,335.93,8.52,16,L0_S20|L1_S30|L3_S40,test,0,0.16668,False
11887,1543.32,1551.28,7.96,13,L2_S22|L3_S32|L3_S42,test,0,0.111653,False
11890,1391.62,1399.22,7.6,16,L1_S25|L2_S35|L3_S45,test,0,0.562222,False
11893,1266.42,1281.97,15.55,11,L3_S27|L0_S37|L3_S47,test,0,0.063467,False
11896,845.57,853.07,7.5,16,L2_S30|L3_S40|L3_S50,test,0,0.208305,False
11899,1522.62,1534.04,11.42,12,L2_S26|L3_S36|L3_S46,test,1,0.736241,True
11902,463.57,481.49,17.92,11,L0_S28|L1_S38|L3_S48,test,0,0.441013,False
11905,1306.62,1325.05,18.43,14,L2_S22|L3_S32|L3_S42,test,0,0.880392,True
11908,561.66,564.41,2.75,19,L3_S27|L0_S37|L3_S47,test,0,0.47498,False
11911,1576.86,1580.12,3.26,19,L1_S29|L2_S39|L3_S49,test,0,0.051009,False
11914,187.28,193.34,6.06,17,L3_S27|L0_S37|L3_S47,test,1,0.835325,True
11917,952.29,967.11,14.82,10,L3_S27|L0_S37|L3_S47,test,0,0.096991,False
11920,1021.95,1033.07,11.12,17,L0_S24|L1_S34|L3_S44,test,0,0.365409,False
11923,160.1,172.76,12.66,10,L2_S22|L3_S32|L3_S42,test,1,0.77884,True
11926,468.9,477.69,8.79,8,L1_S29|L2_S39|L3_S49,test,0,0.950995,True
11929,1012.17,1028.39,16.22,14,L0_S20|L1_S30|L3_S40,test,0,0.321933,False
11932,1074.53,1080.31,5.78,19,L3_S23|L0_S33|L3_S43,test,0,0.224734,False
11935,1632.06,1637.81,5.75,8,L2_S30|L3_S40|L3_S50,test,0,0.043033,False
11938,370.03,374.16,4.13,9,L2_S26|L3_S36|L3_S46,test,0,0.004013,False
11941,1339.6,1362.27,22.67,13,L1_S21|L2_S31|L3_S41,test,0,0.829948,True
11944,1417.93,1427.52,9.59,9,L2_S30|L3_S40|L3_S50,test,0,0.519472,False
11947,31.08,49.33,18.25,13,L1_S25|L2_S35|L3_S45,test,0,0.026351,False
11950,1161.36,1174.65,13.29,18,L1_S25|L2_S35|L3_S45,test,0,0.003432,False
11953,197.58,218.53,20.95,16,L3_S31|L0_S41|L3_S51,test,0,0.150928,False
11956,790.21,800.43,10.22,9,L3_S27|L0_S37|L3_S47,test,0,0.324116,False
11959,439.15,450.54,11.39,15,L1_S29|L2_S39|L3_S49,test,0,0.723745,False
11962,1031.2,1036.88,5.68,16,L3_S31|L0_S41|L3_S51,test,0,0.609257,False
11965,206.6,219.19,12.59,12,L0_S20|L1_S30|L3_S40,test,0,0.729189,False
11968,1116.07,1131.35,15.28,12,L3_S27|L0_S37|L3_S47,test,0,0.560218,False
11971,359.23,372.05,12.82,15,L1_S21|L2_S31|L3_S41,test,0,0.463965,False
11974,1424.84,1439.51,14.67,11,L0_S28|L1_S38|L3_S48,test,0,0.002107,False
11977,208.06,211.84,3.78,15,L2_S26|L3_S36|L3_S46,test,0,0.591895,False
11980,1545.84,1554.31,8.47,14,L2_S26|L3_S36|L3_S46,test,0,0.219049,False
11983,996.31,1006.72,10.41,17,L1_S29|L2_S39|L3_S49,test,0,0.669364,False
11986,669.57,686.19,16.62,11,L3_S27|L0_S37|L3_S47,test,1,0.997788,True
11989,331.59,352.83,21.24,12,L1_S21|L2_S31|L3_S41,test,0,0.485115,False
11992,295.08,309.34,14.26,21,L0_S28|L1_S38|L3_S48,test,0,0.003412,False
11995,1021.44,1027.9,6.46,14,L1_S29|L2_S39|L3_S49,test,0,0.016353,False
11998,1241.96,1262.05,20.09,14,L1_S29|L2_S39|L3_S49,test,0,0.218996,False
12001,1589.97,1593.33,3.36,12,L2_S26|L3_S36|L3_S46,test,0,0.455476,False